ant,route,seed,preprocessing,trace,memory_fingerprint,reached_nest,final_nest_distance_m,route_deviation_mean_m,route_deviation_max_m,path_length_m,corrective_resets,steps,silent_scans,polyline_mean_m,first50_polyline_mean_m,deviation_median_m,memory_active_fraction,stream_activity,neighbour_overlap,distant_overlap,local_distinctiveness,effective_rank,lifetime_recruited_fraction,lifetime_frequency_sd,clean_heading_error_deg,clean_tangent_margin,clean_restoring_fraction,brightness_heading_error_deg,brightness_tangent_margin,brightness_restoring_fraction,brightness_heading_change_deg,form_heading_error_deg,form_tangent_margin,form_matched_progress_error_m,colour_heading_error_deg,colour_tangent_margin,colour_matched_progress_error_m,elapsed_s,run
4,2,19,apiaviz,ant-4-seed-19-apiaviz.json,d7884268406e35adb98c20a41ddd82dd43c8cd1edd0b894df3ae1680e7b36860,True,0.1715808671085197,0.049985720632408935,0.12689208053855336,8.200000000000001,0,82,0,0.045352710904041145,0.02321775699244222,0.05233892359366063,0.05022941902279854,"[0.0473032146692276, 0.053155623376369476]",0.5573405027389526,0.44708117842674255,0.11025932431221008,54.168582916259766,0.6974999904632568,0.13428007066249847,15.0,-0.0006591156125068665,0.4375,12.5,-0.00014663860201835632,0.40625,1.25,11.25,0.015008114278316498,0.3125,21.25,-0.03626524657011032,1.5625000000000002,7.444928334094584,apiaviz/output/frontend-refinements/20260929T030605.348130Z-64771
4,2,19,sobel_colour,ant-4-seed-19-sobel_colour.json,50ad98bb99986373ed814bd379f85dd6804a959462a2230a56189b43de845d1e,True,0.1974999424277296,0.052826236614303974,0.13133228190984317,8.1,0,81,0,0.0453520411002849,0.016346742124850922,0.040751141946581255,0.05000870302319527,"[0.046628180891275406, 0.05338922515511513]",0.5324280858039856,0.4289529025554657,0.1034751832485199,57.49555206298828,0.6802499890327454,0.13206033408641815,12.5,0.010436221957206726,0.4375,12.5,0.010436221957206726,0.4375,0.0,11.25,0.023780107498168945,0.325,27.5,-0.036439500749111176,2.7875000000000005,6.502446500118822,apiaviz/output/frontend-refinements/20260929T030605.348130Z-64771
4,2,19,unit_dc,ant-4-seed-19-unit_dc.json,783fe82d4d5690e4cfe10d2a6fae0fa3df837f1203f95cd86c19cbd4348e2920,True,0.19257559181554262,0.05212238468387612,0.11969138634444956,8.200000000000001,0,82,0,0.048251949580271826,0.0193183302153186,0.03710037756646366,0.051433734595775604,"[0.04971184581518173, 0.053155623376369476]",0.5031713247299194,0.4084503948688507,0.09472092986106873,59.28508758544922,0.765250027179718,0.12849144637584686,13.75,-0.004272293299436569,0.375,12.5,-0.00454847514629364,0.40625,2.5,12.5,0.001954391598701477,0.37500000000000006,21.25,-0.03626524657011032,1.5625000000000002,7.547289875103161,apiaviz/output/frontend-refinements/20260929T030605.348130Z-64771
4,2,19,balanced_form,ant-4-seed-19-balanced_form.json,68e454ecfaf451471462d90c2bc5a9e752349670a2ecc2cfa7fadb821bd077ee,True,0.15968082756511273,0.0508042959740441,0.1350555736883098,8.3,0,83,0,0.047274579240945705,0.020709213316636617,0.038539827845941135,0.05148979276418686,"[0.04982396215200424, 0.053155623376369476]",0.4946742057800293,0.4025505483150482,0.09212365746498108,60.08683395385742,0.7651249766349792,0.12752577662467957,13.75,-0.0011729001998901367,0.375,13.75,-0.0009983107447624207,0.375,5.25,12.5,0.009706705808639526,0.38750000000000007,21.25,-0.03626524657011032,1.5625000000000002,6.2678648750297725,apiaviz/output/frontend-refinements/20260929T030605.348130Z-64771
4,2,19,oriented_form,ant-4-seed-19-oriented_form.json,70ff96bb78cbef7c802aa0d4679d6a222f92263efdff46937df6c2e6c45b5dfd,True,0.18739855551392787,0.04000711646765272,0.10514537943396879,8.200000000000001,0,82,0,0.03664606515639085,0.020453400916117585,0.04160192954358906,0.05043122544884682,"[0.04770682752132416, 0.053155623376369476]",0.534752368927002,0.4298257827758789,0.10492658615112305,56.697593688964844,0.718999981880188,0.13166840374469757,12.5,0.021617114543914795,0.34375,12.5,0.020821914076805115,0.3125,2.75,16.25,0.033706165850162506,0.8125000000000001,21.25,-0.03626524657011032,1.5625000000000002,6.89313712506555,apiaviz/output/frontend-refinements/20260929T030605.348130Z-64771
4,2,19,linear_colour,ant-4-seed-19-linear_colour.json,76b4ddab9570e5230d11135ad3f43b0e3212e551180a5a513f24ec07dca708c7,True,0.16092319752805206,0.0334961473966905,0.08865106078166068,8.200000000000001,0,82,0,0.03130628171866944,0.012711391350278966,0.024244225917502575,0.05012315884232521,"[0.0473032146692276, 0.05294310674071312]",0.5522103309631348,0.44336700439453125,0.10884332656860352,53.99872589111328,0.7053750157356262,0.13357259333133698,16.25,-0.0017464272677898407,0.4375,13.75,-0.002532951533794403,0.4375,0.5,11.25,0.015008114278316498,0.3125,26.25,-0.04358803480863571,2.0625,8.42361483280547,apiaviz/output/frontend-refinements/20260929T030605.348130Z-64771
4,2,19,balanced_linear,ant-4-seed-19-balanced_linear.json,893dd88c312def47f29a58548b1a284a2609c3e9705138d9df5e369adbe113f0,True,0.12996338818674466,0.05467184157293206,0.12380167764151702,8.3,0,83,0,0.05115971374370361,0.020709213316636617,0.038539827845941135,0.05138353258371353,"[0.04982396215200424, 0.05294310674071312]",0.4893297255039215,0.39879992604255676,0.09052979946136475,59.91405487060547,0.7730000019073486,0.1267816573381424,13.75,-0.0017390698194503784,0.4375,13.75,-0.0022077634930610657,0.40625,3.0,12.5,0.009706705808639526,0.38750000000000007,26.25,-0.04358803480863571,2.0625,6.8821257499512285,apiaviz/output/frontend-refinements/20260929T030605.348130Z-64771
4,2,31,apiaviz,ant-4-seed-31-apiaviz.json,48a698b2573d8a7617ddb2b79eaf926ba8b7cbda8aea2a523c6410ece55c8067,True,0.19234851928742372,0.28803714693178956,1.1659250238785948,9.9,0,99,0,0.28556329847325573,0.21387354296054772,0.19890447846632103,0.04978564381599426,"[0.04517737776041031, 0.05439390987157822]",0.5636900067329407,0.4539244771003723,0.10976552963256836,53.19829177856445,0.6841250061988831,0.13565382361412048,13.75,0.00608651340007782,0.40625,13.75,0.01084698736667633,0.375,1.0,10.0,0.020078785717487335,0.125,32.5,-0.03494101017713547,1.4625,8.30741887493059,apiaviz/output/frontend-refinements/20260929T030605.348130Z-64771
4,2,31,sobel_colour,ant-4-seed-31-sobel_colour.json,030ccd1995b60eacbe2fa62f1abe62f9b4a0916856063a63f7edb597d0f97d4c,True,0.1257128336335218,0.0636894963102358,0.13934766014998884,8.4,0,84,0,0.059553685688002365,0.04815895304644991,0.07455827749767273,0.05223929136991501,"[0.05106224864721298, 0.053416330367326736]",0.5349913835525513,0.4219321012496948,0.11305928230285645,56.4208984375,0.6957499980926514,0.13359443843364716,13.75,0.006040453910827637,0.40625,13.75,0.0059511736035346985,0.40625,0.0,11.25,0.026325233280658722,0.3375,21.25,-0.03759048879146576,2.2750000000000004,6.315264584030956,apiaviz/output/frontend-refinements/20260929T030605.348130Z-64771
4,2,31,unit_dc,ant-4-seed-31-unit_dc.json,2d18da552eaaf9875fccfa51c5cd182c8b6c8187bfd16412ee72dbf9fd4d5728,True,0.14219309001036004,0.026416454527980155,0.08160536174869265,8.200000000000001,0,82,0,0.02208424724339356,0.020708051629288175,0.021283478810122165,0.05117553472518921,"[0.0479571633040905, 0.05439390987157822]",0.5069621205329895,0.41262513399124146,0.09433698654174805,59.166473388671875,0.7548750042915344,0.1301867663860321,13.75,0.0056769512593746185,0.4375,13.75,0.008068591356277466,0.375,4.25,11.25,0.02471654862165451,0.4,32.5,-0.03494101017713547,1.4625,6.882568124914542,apiaviz/output/frontend-refinements/20260929T030605.348130Z-64771
4,2,31,balanced_form,ant-4-seed-31-balanced_form.json,2ade18f8f182c62b18133f0ef5946374d638a971b74f2350264961761ebc2e94,True,0.14956524849485445,0.03295331049335873,0.14956524849485445,8.4,0,84,0,0.028612256358578114,0.02094101805340495,0.01945593146010889,0.05114223435521126,"[0.0478905625641346, 0.05439390987157822]",0.501326858997345,0.4082624018192291,0.09306445717811584,59.64899826049805,0.7570000290870667,0.1291806697845459,13.75,0.0032165125012397766,0.4375,12.5,0.0030840225517749786,0.3125,6.5,12.5,0.008090220391750336,0.38750000000000007,32.5,-0.03494101017713547,1.4625,5.585433832835406,apiaviz/output/frontend-refinements/20260929T030605.348130Z-64771
4,2,31,oriented_form,ant-4-seed-31-oriented_form.json,32104bb6e1d171118d55db8e884755c5f5f5d485e2543539677b660c7e20e49d,True,0.10815839200868563,0.02092135097647098,0.08658855048062197,8.200000000000001,0,82,0,0.015926941760236624,0.01433212257373054,0.018490880374550163,0.052468039095401764,"[0.05054216831922531, 0.05439390987157822]",0.5319563150405884,0.4292396008968353,0.10271671414375305,56.414459228515625,0.7258750200271606,0.1343744397163391,8.75,0.021692175418138504,0.375,8.75,0.02135235071182251,0.28125,5.25,20.0,0.04931391030550003,0.75,32.5,-0.03494101017713547,1.4625,6.909896833123639,apiaviz/output/frontend-refinements/20260929T030605.348130Z-64771
4,2,31,linear_colour,ant-4-seed-31-linear_colour.json,b8d0f524ca7f59ab0e6130393f8a32dfdf6ce9543a863709752b99a2c94dca1a,True,0.19896757544828694,0.23416273735033144,1.0142207565603452,10.600000000000001,0,106,0,0.23147962302449324,0.19066555643123717,0.13185436977506046,0.04954802617430687,"[0.04517737776041031, 0.05391867458820343]",0.5592077970504761,0.4493214190006256,0.10988637804985046,53.07860565185547,0.6891250014305115,0.13454118371009827,13.75,0.005656309425830841,0.34375,13.75,0.007777787744998932,0.375,0.5,10.0,0.020078785717487335,0.125,26.25,-0.02682274580001831,1.4000000000000001,8.60014612507075,apiaviz/output/frontend-refinements/20260929T030605.348130Z-64771
4,2,31,balanced_linear,ant-4-seed-31-balanced_linear.json,1c4be881c285da594c84f9caba039ec31f7791439bf63dde202c21fa014257bf,True,0.13414079087467695,0.04696352579738197,0.10749534103234991,8.200000000000001,0,82,0,0.043498614994037385,0.028081843477494,0.039579284524056735,0.050904616713523865,"[0.0478905625641346, 0.05391867458820343]",0.4969092607498169,0.4037265479564667,0.09318271279335022,59.4969367980957,0.7620000243186951,0.12801429629325867,12.5,-0.001301739364862442,0.40625,12.5,-0.0018235966563224792,0.375,1.0,12.5,0.008090220391750336,0.38750000000000007,26.25,-0.02682274580001831,1.4000000000000001,7.592604708159342,apiaviz/output/frontend-refinements/20260929T030605.348130Z-64771
4,2,43,apiaviz,ant-4-seed-43-apiaviz.json,7e54bceebf3d51927f703cac63a7df2f73ee768bc4e6c8b325cbf6519d38e759,True,0.1636996730731677,0.0675603539983224,0.14309594465778977,8.3,0,83,0,0.06119843198002324,0.036835706899944504,0.08190690382862392,0.04857446625828743,"[0.04454685375094414, 0.052602075040340424]",0.5676918029785156,0.4557548463344574,0.11193695664405823,52.797908782958984,0.6815000176429749,0.13365580141544342,11.25,0.03545795753598213,0.34375,8.75,0.02852247655391693,0.375,3.5,12.5,0.03739409148693085,0.2625,17.5,-0.015082061290740967,0.9375,7.543352416949347,apiaviz/output/frontend-refinements/20260929T030605.348130Z-64771
4,2,43,sobel_colour,ant-4-seed-43-sobel_colour.json,d1f8cfca16a0b82a4b169b0283581c890b2e283adbb684e512d87fd8a003800f,True,0.1747649749118638,0.199215903456137,1.076564770575637,11.3,0,113,0,0.19236621756231384,0.15101501758737468,0.0491685315888848,0.05159521475434303,"[0.049584001302719116, 0.05360642448067665]",0.5341045260429382,0.41926807165145874,0.11483645439147949,56.000221252441406,0.6887500286102295,0.1329643279314041,12.5,0.021055806428194046,0.28125,12.5,0.021055806428194046,0.28125,0.0,3.75,0.04000754654407501,0.05,28.75,-0.038234516978263855,1.85,8.333888582885265,apiaviz/output/frontend-refinements/20260929T030605.348130Z-64771
4,2,43,unit_dc,ant-4-seed-43-unit_dc.json,3c6215e2b9db1b5bc87bf37ab319da68991cde4951848b4cfb06d96bf8972966,True,0.1491440256763493,0.026248355439032183,0.10525339120848268,8.4,0,84,0,0.022909701739089593,0.017894284478148257,0.014981039274988941,0.050445448607206345,"[0.048288822174072266, 0.052602075040340424]",0.5087626576423645,0.41289418935775757,0.09586846828460693,58.1969108581543,0.7488750219345093,0.12818056344985962,17.5,0.027612444013357162,0.46875,17.5,0.018242817372083664,0.4375,5.5,12.5,0.022913455963134766,0.21250000000000002,17.5,-0.015082061290740967,0.9375,7.318515709135681,apiaviz/output/frontend-refinements/20260929T030605.348130Z-64771
4,2,43,balanced_form,ant-4-seed-43-balanced_form.json,aa8d14d36e6b3738acb5dea1aa9cad8b066763f1a78aa40e586acd539371f64e,True,0.18583311924219795,0.06766499936883895,0.3500088733259384,12.3,0,123,0,0.06428756044344984,0.08614146515138865,0.032151882937877296,0.050406794995069504,"[0.048211511224508286, 0.052602075040340424]",0.5009398460388184,0.40597477555274963,0.09496507048606873,59.19389343261719,0.7505000233650208,0.12705682218074799,12.5,0.027033455669879913,0.375,12.5,0.021382730454206467,0.40625,1.75,10.0,0.017324067652225494,0.22500000000000003,17.5,-0.015082061290740967,0.9375,8.05319399992004,apiaviz/output/frontend-refinements/20260929T030605.348130Z-64771
4,2,43,oriented_form,ant-4-seed-43-oriented_form.json,408d289a5e5e7291371d76f629844f85d3359330b08f349448f0ee43a4786814,True,0.13918013308821592,0.047675231168936086,0.13250858350603473,8.4,0,84,0,0.03852368889089849,0.02361868916407325,0.04536808677350605,0.05170063674449921,"[0.05079919844865799, 0.052602075040340424]",0.5320024490356445,0.4264836013317108,0.10551884770393372,56.78483963012695,0.7254999876022339,0.13281254470348358,12.5,0.03240480646491051,0.28125,5.0,0.026388518512248993,0.3125,6.75,11.25,0.04180963337421417,0.3375,17.5,-0.015082061290740967,0.9375,8.173229750012979,apiaviz/output/frontend-refinements/20260929T030605.348130Z-64771
4,2,43,linear_colour,ant-4-seed-43-linear_colour.json,f69191f64746b469de019d4731c233ff4522b4874df739e64f1f09941fce25d1,True,0.1050898216005353,0.23605498448953033,0.9461167557187052,13.8,0,138,0,0.2317507331122039,0.2115364327126883,0.1531991707620996,0.04816465824842453,"[0.04454685375094414, 0.05178246274590492]",0.561272144317627,0.448538601398468,0.11273354291915894,52.50603485107422,0.6896250247955322,0.13227961957454681,15.0,0.027582839131355286,0.40625,16.25,0.028538141399621964,0.40625,1.5,12.5,0.03739409148693085,0.2625,21.25,-0.026112854480743408,0.975,9.686934208031744,apiaviz/output/frontend-refinements/20260929T030605.348130Z-64771
4,2,43,balanced_linear,ant-4-seed-43-balanced_linear.json,c8e95f7d1453d3aa817511e1e4497b99f29c6e260b463d4245424c01e4657b63,True,0.1745127666117543,0.3313373789106314,1.1767097386081453,13.600000000000001,0,136,0,0.32975996897667087,0.18451959139066343,0.20060006647795525,0.049996986985206604,"[0.048211511224508286, 0.05178246274590492]",0.4941256046295166,0.398149698972702,0.09597590565681458,58.88031768798828,0.7586249709129333,0.12561434507369995,11.25,0.01498040184378624,0.375,15.0,0.015025470405817032,0.375,1.5,10.0,0.017324067652225494,0.22500000000000003,21.25,-0.026112854480743408,0.975,10.204782916000113,apiaviz/output/frontend-refinements/20260929T030605.348130Z-64771
4,2,59,apiaviz,ant-4-seed-59-apiaviz.json,6ed36a621cfb0fa0e9c28f4f42e9d3e31d6b68b91451ff150f58c110e65f2f82,True,0.19367637457170236,0.3447493244172646,1.0684485793491976,15.8,0,158,0,0.34152850608635693,0.1741750732721794,0.1482090255875056,0.049482762813568115,"[0.046320948749780655, 0.052644576877355576]",0.5536180138587952,0.44310104846954346,0.11051696538925171,54.55290222167969,0.6886249780654907,0.1329289972782135,8.75,0.019301511347293854,0.3125,8.75,0.020532619208097458,0.28125,7.75,7.5,0.0218062624335289,0.05,28.75,-0.02359769493341446,1.625,10.80429962510243,apiaviz/output/frontend-refinements/20260929T030605.348130Z-64771
4,2,59,sobel_colour,ant-4-seed-59-sobel_colour.json,a3dd5b3048959c53aaad4fb2e7f1a931f7888b0ac8fc8fba381377f117351d55,True,0.17356845852195638,0.26271928577162657,0.9611060526220833,12.700000000000001,0,127,0,0.2595635896189474,0.24316133567610934,0.0818390452573967,0.05008048936724663,"[0.04761680215597153, 0.05254417657852173]",0.5235425233840942,0.41433531045913696,0.10920721292495728,57.38352584838867,0.6948750019073486,0.130001038312912,13.75,0.02375563606619835,0.4375,13.75,0.02375563606619835,0.4375,0.0,11.25,0.033298857510089874,0.3375000000000001,25.0,-0.03339877724647522,1.8125000000000002,8.785280666081235,apiaviz/output/frontend-refinements/20260929T030605.348130Z-64771
4,2,59,unit_dc,ant-4-seed-59-unit_dc.json,7f951351d3560e50b6ef237f68ac1cabe40cd2a91eed1516af176501a1e02965,True,0.13634834845097013,0.03716708468589219,0.11089062997567824,8.3,0,83,0,0.032600018624008256,0.025506500666014183,0.03330518845736005,0.0508284792304039,"[0.049012381583452225, 0.052644576877355576]",0.503311812877655,0.40462422370910645,0.09868758916854858,59.05375289916992,0.7593749761581421,0.12770023941993713,22.5,0.01516452431678772,0.375,22.5,0.01439281553030014,0.34375,2.0,13.75,0.021954387426376343,0.875,28.75,-0.02359769493341446,1.625,5.91044025006704,apiaviz/output/frontend-refinements/20260929T030605.348130Z-64771
4,2,59,balanced_form,ant-4-seed-59-balanced_form.json,bf6793b9480702aec1475aaa6c613e1600b1577392b243a65ad0d36f6a591c03,False,5.994972519511148,2.0940026630865627,6.163143106344638,20.0,0,200,0,2.091646778220395,0.03311488058113315,1.5632774300118655,0.05073276534676552,"[0.04882095009088516, 0.052644576877355576]",0.49736037850379944,0.4017306864261627,0.09562969207763672,59.76150894165039,0.7612500190734863,0.12671740353107452,20.0,0.01645135134458542,0.34375,16.25,0.01677015796303749,0.3125,3.0,11.25,0.01593019813299179,0.275,28.75,-0.02359769493341446,1.625,12.574098458047956,apiaviz/output/frontend-refinements/20260929T030605.348130Z-64771
4,2,59,oriented_form,ant-4-seed-59-oriented_form.json,4ee26f72777661bd99f399006b9b7c1364acac005aaff26df072f2290048da1e,True,0.18327332885530612,0.04861594903162945,0.11545474870239515,8.200000000000001,0,82,0,0.042466141592997886,0.01859558943977537,0.038729743463142806,0.05030287802219391,"[0.04796117916703224, 0.052644576877355576]",0.5323672294616699,0.42749854922294617,0.10486868023872375,56.91455078125,0.7214999794960022,0.1314026415348053,8.75,0.024583082646131516,0.4375,8.75,0.021937862038612366,0.5,2.25,5.0,0.035152219235897064,0.275,28.75,-0.02359769493341446,1.625,7.55178524996154,apiaviz/output/frontend-refinements/20260929T030605.348130Z-64771
4,2,59,linear_colour,ant-4-seed-59-linear_colour.json,c625b587bd395d9f71e515573fb77c910d85b3541ebec15a320669ffab41a691,True,0.12144332722726726,0.057049534790889915,0.3630183180564259,10.8,0,108,0,0.050455356783018115,0.08135336094719384,0.02856575739439058,0.0492948442697525,"[0.046320948749780655, 0.05226873978972435]",0.5477328300476074,0.43827760219573975,0.10945522785186768,54.82816696166992,0.6956250071525574,0.1318214386701584,8.75,0.021023716777563095,0.3125,8.75,0.022131748497486115,0.3125,2.0,7.5,0.0218062624335289,0.05,26.25,-0.030649833381175995,1.4125000000000003,7.953694458119571,apiaviz/output/frontend-refinements/20260929T030605.348130Z-64771
4,2,59,balanced_linear,ant-4-seed-59-balanced_linear.json,7b1c63df4b7fc11fbeb09d67805f8fca17e3dfb74d32d3559a8734a90c42dca9,True,0.16457523639253627,0.04037007014887953,0.14713871209410784,8.3,0,83,0,0.03499169607095955,0.03909371848033933,0.0305154640782684,0.050544846802949905,"[0.04882095009088516, 0.05226873978972435]",0.4915883541107178,0.3970012664794922,0.09458708763122559,59.95339584350586,0.7682499885559082,0.12555693089962006,15.0,0.017275135964155197,0.34375,15.0,0.016951583325862885,0.34375,1.0,11.25,0.01593019813299179,0.275,26.25,-0.030649833381175995,1.4125000000000003,7.1127215411979705,apiaviz/output/frontend-refinements/20260929T030605.348130Z-64771
4,2,71,apiaviz,ant-4-seed-71-apiaviz.json,989716c2c0b982d73bd41256d4b45142ae181f69e22824c67f67954a23f9e87e,True,0.17387812836534647,0.027833103147444978,0.08601785829821712,8.200000000000001,0,82,0,0.025391277401337987,0.012711391350278966,0.023556584675017995,0.04786696657538414,"[0.04677610471844673, 0.04895783215761185]",0.5523394346237183,0.4416738450527191,0.11066558957099915,54.395877838134766,0.6804999709129333,0.1308574229478836,15.0,0.019983477890491486,0.40625,12.5,0.024116389453411102,0.375,2.75,13.75,0.01701951026916504,0.325,20.0,-0.03647240251302719,0.7625,6.952943791868165,apiaviz/output/frontend-refinements/20260929T030605.348130Z-64771
4,2,71,sobel_colour,ant-4-seed-71-sobel_colour.json,426a4772ca8f3ceb1cfe64327396f5e1bdb10485a8faaff371f6b772e642d607,False,0.9538540409848529,0.5615171000225053,1.6680349650153623,20.0,0,200,0,0.559719206168333,0.12703009861883457,0.5056278062986028,0.05067118629813194,"[0.05112817883491516, 0.050214190036058426]",0.5390246510505676,0.4221198856830597,0.11690476536750793,55.61426544189453,0.6837499737739563,0.13157983124256134,11.25,0.031283680349588394,0.375,11.25,0.031283680349588394,0.375,0.0,10.0,0.04719842970371246,0.5625,18.75,-0.016093067824840546,1.7875,12.591989665990695,apiaviz/output/frontend-refinements/20260929T030605.348130Z-64771
4,2,71,unit_dc,ant-4-seed-71-unit_dc.json,228ce299b1b479b92c34825371abaa5f6f9077164cb49779794222a30ac94400,True,0.12383903792338587,0.029995012434653603,0.05678258600166283,8.200000000000001,0,82,0,0.02268411623313962,0.018214367822776602,0.031182860234367893,0.0490993969142437,"[0.04924096539616585, 0.04895783215761185]",0.49430200457572937,0.39864081144332886,0.09566119313240051,59.59693145751953,0.7392500042915344,0.12457160651683807,13.75,0.013097215443849564,0.375,13.75,0.019720982760190964,0.375,2.0,2.5,0.032466672360897064,0.2875,20.0,-0.03647240251302719,0.7625,6.878702209098265,apiaviz/output/frontend-refinements/20260929T030605.348130Z-64771
4,2,71,balanced_form,ant-4-seed-71-balanced_form.json,0153585a5be3de42ca8874ab97af48f804afa60ed130a4139c62e31b729e1568,True,0.15148792024049218,0.04949228401689393,0.14393945898906743,8.3,0,83,0,0.041979556961889666,0.016164068360820343,0.03984115736028568,0.0488157644867897,"[0.04867369309067726, 0.04895783215761185]",0.48727649450302124,0.3945362865924835,0.09274020791053772,60.54799270629883,0.7418749928474426,0.12337477505207062,13.75,0.00852026417851448,0.34375,13.75,0.017269782721996307,0.375,4.0,7.5,0.03521576523780823,0.275,20.0,-0.03647240251302719,0.7625,6.127442250028253,apiaviz/output/frontend-refinements/20260929T030605.348130Z-64771
4,2,71,oriented_form,ant-4-seed-71-oriented_form.json,c8a6495cae2559c6606faa1a4337c3d05e1f14d1f00d3dceffdff01ae3fd71da,True,0.12805868466032136,0.07700934932987959,0.14440860013220885,8.200000000000001,0,82,0,0.07253006813608678,0.04081257786357973,0.09393225166978934,0.049714189022779465,"[0.05047054961323738, 0.04895783215761185]",0.5285229682922363,0.4205150604248047,0.10800790786743164,57.005516052246094,0.7138749957084656,0.1292232722043991,13.75,0.02799365669488907,0.4375,13.75,0.031499095261096954,0.46875,1.75,13.75,0.04260315001010895,0.42500000000000004,20.0,-0.03647240251302719,0.7625,7.34313749987632,apiaviz/output/frontend-refinements/20260929T030605.348130Z-64771
4,2,71,linear_colour,ant-4-seed-71-linear_colour.json,7dd7ab4e25be5e6369ef1882d8337957a0a35941365bd930785484b147e231af,True,0.17198665966444296,0.16536740014718504,0.5199705881299844,12.8,0,128,0,0.16122704995124532,0.14819890336126373,0.126985361419152,0.047701139003038406,"[0.04677610471844673, 0.04862616956233978]",0.5468015074729919,0.43922173976898193,0.10757976770401001,54.28742599487305,0.6901249885559082,0.13003087043762207,13.75,0.02164154127240181,0.4375,12.5,0.02218392863869667,0.4375,0.5,13.75,0.01701951026916504,0.325,17.5,-0.030740097165107727,0.48750000000000004,9.017395792063326,apiaviz/output/frontend-refinements/20260929T030605.348130Z-64771
4,2,71,balanced_linear,ant-4-seed-71-balanced_linear.json,456303a3bef7cfbb2ad1d43e49fef8d60356dc0ce2f3091e23acf2dc1e6915df,True,0.1361670264284459,0.02569502659696554,0.11952731552702732,8.3,0,83,0,0.02295517377096925,0.012111039015524749,0.018588683654406433,0.04864993318915367,"[0.04867369309067726, 0.04862616956233978]",0.48163437843322754,0.39219406247138977,0.08944031596183777,60.30833435058594,0.7515000104904175,0.1224990263581276,13.75,0.008555706590414047,0.34375,13.75,0.008786827325820923,0.28125,3.25,7.5,0.03521576523780823,0.275,17.5,-0.030740097165107727,0.48750000000000004,7.720369917107746,apiaviz/output/frontend-refinements/20260929T030605.348130Z-64771
6,2,19,apiaviz,ant-6-seed-19-apiaviz.json,a8af8d93562ff00700f673d60a8b09ef3a0a88a75c203d9ba88048565506b2a9,False,7.89003308093235,2.616404833861672,7.89003308093235,20.0,0,200,0,2.614431613791826,0.023640787813450075,1.4192231210826134,0.05009722337126732,"[0.04737482964992523, 0.052819617092609406]",0.5400687456130981,0.42901888489723206,0.11104986071586609,51.8077507019043,0.7226250171661377,0.13561850786209106,12.5,0.02885632961988449,0.28125,12.5,0.02754984050989151,0.3125,2.0,2.5,0.04390345513820648,0.0625,22.5,-0.031156525015830994,0.43750000000000006,12.844484915956855,apiaviz/output/frontend-refinements/20260929T030605.348130Z-64771
6,2,19,sobel_colour,ant-6-seed-19-sobel_colour.json,bcb9dc2f7092dff71eaa54bb7aab0e5685013c0aa4aae1e2f912b94a0eb25b62,False,3.3155713324958396,1.1060074140513323,3.3155713324958396,20.0,0,200,0,1.1051324152726458,0.006628087341004227,1.4156960318957936,0.04961865395307541,"[0.04659533500671387, 0.05264197662472725]",0.5225650072097778,0.40512391924858093,0.1174410879611969,53.835628509521484,0.7095000147819519,0.13198526203632355,12.5,0.018772922456264496,0.34375,12.5,0.018890880048274994,0.34375,0.0,2.5,0.04282490164041519,0.05,16.25,-0.023032359778881073,0.07500000000000001,12.0827030420769,apiaviz/output/frontend-refinements/20260929T030605.348130Z-64771
6,2,19,unit_dc,ant-6-seed-19-unit_dc.json,05aafd01bb26a3a463ef8cf6f57696199c833feabe6ce997bc1566a125e9d85d,True,0.18491918128123022,0.035555770216156336,0.17395106991115228,8.200000000000001,0,82,0,0.033475058673598374,0.008820220744225393,0.019788340454157238,0.0513094998896122,"[0.04979938268661499, 0.052819617092609406]",0.48870331048965454,0.3872223496437073,0.10148096084594727,56.384605407714844,0.7851250171661377,0.12980467081069946,12.5,0.016748566180467606,0.3125,12.5,0.016044992953538895,0.375,2.75,7.5,0.038739703595638275,0.2125,22.5,-0.031156525015830994,0.43750000000000006,6.934939207974821,apiaviz/output/frontend-refinements/20260929T030605.348130Z-64771
6,2,19,balanced_form,ant-6-seed-19-balanced_form.json,93d81c160fa555c09743f006af7b48d2a415f4506cf65581950b4fd17870ea7f,True,0.11249350816348055,0.02723831781599135,0.09203268741695064,8.1,0,81,0,0.024890443250925227,0.008820220744225393,0.019701074506910828,0.05137517303228378,"[0.04993072524666786, 0.052819617092609406]",0.4837800860404968,0.3822835385799408,0.10149654746055603,56.98677062988281,0.7870000004768372,0.12897810339927673,18.75,0.015718799084424973,0.28125,12.5,0.0160025916993618,0.34375,5.0,7.5,0.04051092267036438,0.9875,22.5,-0.031156525015830994,0.43750000000000006,4.687987833051011,apiaviz/output/frontend-refinements/20260929T030605.348130Z-64771
6,2,19,oriented_form,ant-6-seed-19-oriented_form.json,bb850f5382058af0a59271c0637a453f9d4d087477a4a46501b8844979c40cc0,True,0.1988902174105498,0.030945507650934363,0.1742882737463505,8.200000000000001,0,82,0,0.029360035443612147,0.006171466542161009,0.010798132944116374,0.050427984446287155,"[0.048036351799964905, 0.052819617092609406]",0.5187640190124512,0.4066596031188965,0.11210441589355469,53.841854095458984,0.7434999942779541,0.1328466385602951,13.75,0.03410367667675018,0.28125,13.75,0.029791012406349182,0.3125,3.75,7.5,0.05832793563604355,0.0875,22.5,-0.031156525015830994,0.43750000000000006,7.45068991696462,apiaviz/output/frontend-refinements/20260929T030605.348130Z-64771
6,2,19,linear_colour,ant-6-seed-19-linear_colour.json,9cb18fbb9b890a9ce7e83fd198ec7b5f56e9e5dfed22152a335e3ef9108d812a,False,7.269416428556475,2.2325235983942315,7.269416428556475,20.0,0,200,0,2.2307336710629664,0.05949562660366523,1.2879904078628674,0.050106823444366455,"[0.04737482964992523, 0.05283882096409798]",0.536839485168457,0.4245520532131195,0.11228743195533752,51.39418411254883,0.7318750023841858,0.13504013419151306,13.75,0.026687294244766235,0.375,12.5,0.028832141309976578,0.34375,3.5,2.5,0.04390345513820648,0.0625,23.75,-0.031881608068943024,0.15000000000000002,12.490504291839898,apiaviz/output/frontend-refinements/20260929T030605.348130Z-64771
6,2,19,balanced_linear,ant-6-seed-19-balanced_linear.json,5ad5a442648534a5845a3a67a749be33db1c5a47360c4f1a9688b57359011eb3,False,6.957454722433833,1.833378422713127,6.957454722433833,20.0,0,200,0,1.832480124524139,0.008820220744225393,0.6812890958814373,0.05138477310538292,"[0.04993072524666786, 0.05283882096409798]",0.4804753363132477,0.37766721844673157,0.10280811786651611,56.5362548828125,0.7962499856948853,0.12836971879005432,12.5,0.01333489641547203,0.375,12.5,0.014749959111213684,0.375,0.25,7.5,0.04051092267036438,0.9875,23.75,-0.031881608068943024,0.15000000000000002,13.85017245914787,apiaviz/output/frontend-refinements/20260929T030605.348130Z-64771
6,2,31,apiaviz,ant-6-seed-31-apiaviz.json,4e58c4ece35097828e36f1fa42415ae21c1502fea8b0383922af167f4074be09,False,2.8228135180047067,0.7532785913777111,2.8228135180047067,20.0,0,200,0,0.7514412361001115,0.09036479206273501,0.22617639022195968,0.049220334738492966,"[0.04495987668633461, 0.05348079651594162]",0.5427976846694946,0.4264615774154663,0.11633610725402832,48.84392547607422,0.7113749980926514,0.1357853263616562,11.25,0.017807021737098694,0.3125,12.5,0.01637701690196991,0.3125,2.0,2.5,0.06154865026473999,0.05,21.25,-0.038350313901901245,1.0875,12.688466707943007,apiaviz/output/frontend-refinements/20260929T030605.348130Z-64771
6,2,31,sobel_colour,ant-6-seed-31-sobel_colour.json,c7e7333955a11552dceb69da928e4db64e6237139c01f2ffa3d7de99402afce2,False,6.465544122005027,1.735012311050707,5.9604688903366805,20.0,0,200,0,1.7331738517451145,0.03521027782126989,1.4435159211533377,0.05146364867687225,"[0.05014163255691528, 0.052785664796829224]",0.5162051916122437,0.40159115195274353,0.11461403965950012,54.18842315673828,0.71875,0.13280393183231354,13.75,0.027768507599830627,0.3125,13.75,0.02786601334810257,0.3125,0.0,5.0,0.056380487978458405,0.05,23.75,-0.020263858139514923,0.8375,12.308303666999564,apiaviz/output/frontend-refinements/20260929T030605.348130Z-64771
6,2,31,unit_dc,ant-6-seed-31-unit_dc.json,df9dab68b6193e9f454a34d4c5d2d6ab3d9c334a1cf54b3632093e268e0985af,True,0.186132346908146,0.04060364388270633,0.1349213546527902,8.1,0,81,0,0.0385463536719927,0.024918821196205854,0.01700557719218497,0.050743140280246735,"[0.04800548776984215, 0.05348079651594162]",0.49129343032836914,0.3865383267402649,0.10475510358810425,53.55677795410156,0.7756249904632568,0.13038690388202667,20.0,0.021038420498371124,0.375,15.0,0.018322035670280457,0.34375,3.75,2.5,0.05391000956296921,0.05,21.25,-0.038350313901901245,1.0875,7.573830707930028,apiaviz/output/frontend-refinements/20260929T030605.348130Z-64771
6,2,31,balanced_form,ant-6-seed-31-balanced_form.json,b737b9615acb9b0e24a9c1eb0c5c00a92e149e2f61b55b592e575cd6987be237,True,0.19744874248440383,0.048424726488905945,0.12590331229682275,7.9,0,79,0,0.04548436291138744,0.046445106203628385,0.04209605924329923,0.05078583583235741,"[0.04809087887406349, 0.05348079651594162]",0.4854428768157959,0.38196104764938354,0.10348182916641235,54.22002029418945,0.7766249775886536,0.1295716017484665,20.0,0.021671704947948456,0.375,22.5,0.019777704030275345,0.34375,1.75,2.5,0.05278246849775314,0.05,21.25,-0.038350313901901245,1.0875,6.37749395892024,apiaviz/output/frontend-refinements/20260929T030605.348130Z-64771
6,2,31,oriented_form,ant-6-seed-31-oriented_form.json,7e58751274a442d0f9b03c4008069ac78fdd34c5c9e637677f442302c757bc2e,False,4.239184391699287,1.330625378005627,4.000670916231861,20.0,0,200,0,1.3296317324147173,0.008820220744225393,1.5185622723053553,0.05182921886444092,"[0.050177641212940216, 0.05348079651594162]",0.5216209292411804,0.4017329514026642,0.11988797783851624,51.54433059692383,0.746749997138977,0.1347496658563614,13.75,0.022211618721485138,0.3125,12.5,0.020009338855743408,0.28125,1.0,2.5,0.06513779610395432,0.05,21.25,-0.038350313901901245,1.0875,13.2391047088895,apiaviz/output/frontend-refinements/20260929T030605.348130Z-64771
6,2,31,linear_colour,ant-6-seed-31-linear_colour.json,9c96b1ac000471127782d5cd44b5b0d8d0f8ec0743cf050ff52d25a5e404a14c,False,2.050073756819219,0.5201023073576292,2.050073756819219,20.0,0,200,0,0.5189432882224222,0.04949469790164193,0.40277990517775253,0.049185529351234436,"[0.04495987668633461, 0.053411178290843964]",0.5393646359443665,0.423424631357193,0.11594000458717346,48.90277099609375,0.718500018119812,0.13492754101753235,11.25,0.01967800408601761,0.21875,12.5,0.02033454179763794,0.25,2.0,2.5,0.06154865026473999,0.05,22.5,-0.041284315288066864,1.5125,12.985886333044618,apiaviz/output/frontend-refinements/20260929T030605.348130Z-64771
6,2,31,balanced_linear,ant-6-seed-31-balanced_linear.json,f896047bbcff234963c950ca8a33cbf181a05a0d2263ff50b4d2c91d37d1fc1e,False,3.290569733425375,1.0443471310430261,3.290569733425375,20.0,0,200,0,1.0427168500340946,0.04311927186478528,0.5281188157517347,0.05075103044509888,"[0.04809087887406349, 0.053411178290843964]",0.48228591680526733,0.37926584482192993,0.1030200719833374,54.23477554321289,0.7837499976158142,0.12867282330989838,15.0,0.023611851036548615,0.3125,15.0,0.023459434509277344,0.3125,0.0,2.5,0.05278246849775314,0.05,22.5,-0.041284315288066864,1.5125,12.634389499900863,apiaviz/output/frontend-refinements/20260929T030605.348130Z-64771
6,2,43,apiaviz,ant-6-seed-43-apiaviz.json,3555017f00fbe3b2dd97a2c6291bb328897104ea30850c5925caafff008b6f49,True,0.1933296590304844,0.012804641959650247,0.041252167498969795,7.9,0,79,0,0.011920110551693572,0.009648346832929708,0.009505011641969749,0.04838443174958229,"[0.04472942277789116, 0.052039436995983124]",0.5528464317321777,0.4367322027683258,0.11611422896385193,50.45005416870117,0.7108749747276306,0.13493336737155914,11.25,0.024969063699245453,0.3125,13.75,0.009272687137126923,0.25,6.25,1.25,0.05513942241668701,0.05,25.0,-0.03635246306657791,1.1125,6.859907291131094,apiaviz/output/frontend-refinements/20260929T030605.348130Z-64771
6,2,43,sobel_colour,ant-6-seed-43-sobel_colour.json,f80daea312c36a8c3ec9143ed26083b5e5d90e0cd8b37774f0715f9f0d421694,True,0.1985425493921872,0.026745024440502033,0.06950637425670528,7.9,0,79,0,0.023047865576031144,0.033743332230241646,0.011719245527031566,0.051925238221883774,"[0.05058161914348602, 0.05326886102557182]",0.5124398469924927,0.3955705463886261,0.11686930060386658,55.18258285522461,0.7222499847412109,0.13281942903995514,10.0,0.028527382761240005,0.3125,10.0,0.028527382761240005,0.3125,0.0,12.5,0.04099098592996597,0.05,17.5,-0.022255875170230865,0.41250000000000003,6.440100249834359,apiaviz/output/frontend-refinements/20260929T030605.348130Z-64771
6,2,43,unit_dc,ant-6-seed-43-unit_dc.json,eb76f4cdc5de0051d265ee8acbfe7622ee7fbc49c05cb5247664e2b1f520a03a,True,0.12336593354162827,0.08825360317263795,0.7378871469456062,9.3,0,93,0,0.08583705132750011,0.010959593865873852,0.01778180636999879,0.05008573457598686,"[0.0481320284307003, 0.052039436995983124]",0.49730515480041504,0.3918713629245758,0.10543379187583923,54.80171203613281,0.7748749852180481,0.1292886883020401,13.75,0.0359598733484745,0.40625,18.75,0.021279238164424896,0.40625,6.0,1.25,0.059330374002456665,0.05,25.0,-0.03635246306657791,1.1125,7.362804542062804,apiaviz/output/frontend-refinements/20260929T030605.348130Z-64771
6,2,43,balanced_form,ant-6-seed-43-balanced_form.json,41ca7fb6272f27d8135cc15c18f1987d7ff73bea8decf1b93e4859e91e2cb828,True,0.193329659030484,0.009767508834226673,0.02357959240233338,7.9,0,79,0,0.008821934854531373,0.00853296738030219,0.009235429288621005,0.05020970478653908,"[0.04837997257709503, 0.052039436995983124]",0.4903334081172943,0.3859557807445526,0.1043776273727417,55.38884735107422,0.7754999995231628,0.12835904955863953,12.5,0.038688331842422485,0.34375,15.0,0.020374614745378494,0.375,2.75,1.25,0.05936558544635773,0.05,25.0,-0.03635246306657791,1.1125,5.411293917102739,apiaviz/output/frontend-refinements/20260929T030605.348130Z-64771
6,2,43,oriented_form,ant-6-seed-43-oriented_form.json,9cf937d82fe47945c863ccd54de1a87a9941f952fdf1cbc90303440821712184,True,0.19204593279774135,0.009509581709449703,0.0285680967012307,7.9,0,79,0,0.008427268832322888,0.006206793628085138,0.007599535715425109,0.05165895074605942,"[0.05127846449613571, 0.052039436995983124]",0.514614462852478,0.3981276750564575,0.11648678779602051,53.67137145996094,0.750374972820282,0.1333223134279251,15.0,0.030288007110357285,0.3125,15.0,0.014858551323413849,0.40625,5.0,3.75,0.04657704383134842,0.05,25.0,-0.03635246306657791,1.1125,7.18099245801568,apiaviz/output/frontend-refinements/20260929T030605.348130Z-64771
6,2,43,linear_colour,ant-6-seed-43-linear_colour.json,007a67b6a5d5823c89533c04df57f07b771b3f805a1e6f95c94384bf079dde9f,True,0.10775741235654361,0.029266850732143898,0.07975382740983611,8.1,0,81,0,0.027477384788596605,0.010145095492122436,0.019842080914690252,0.04808710515499115,"[0.04472942277789116, 0.05144478753209114]",0.547792375087738,0.4312554895877838,0.11653688549995422,50.838043212890625,0.7176250219345093,0.13370859622955322,12.5,0.007738761603832245,0.28125,12.5,0.008433222770690918,0.28125,2.0,1.25,0.05513942241668701,0.05,25.0,-0.047630809247493744,0.6875,6.232012459076941,apiaviz/output/frontend-refinements/20260929T030605.348130Z-64771
6,2,43,balanced_linear,ant-6-seed-43-balanced_linear.json,4038e5e0363141119fd5fee5c450aac5dfaa03461a601e7a950674109ed8fe77,True,0.193329659030484,0.009767508834226673,0.02357959240233338,7.9,0,79,0,0.008821934854531373,0.00853296738030219,0.009235429288621005,0.04991237819194794,"[0.04837997257709503, 0.05144478753209114]",0.4851299226284027,0.38027071952819824,0.10485920310020447,55.66011428833008,0.7822499871253967,0.1270751953125,12.5,0.025082889944314957,0.375,13.75,0.023112840950489044,0.34375,4.25,1.25,0.05936558544635773,0.05,25.0,-0.047630809247493744,0.6875,6.794024916831404,apiaviz/output/frontend-refinements/20260929T030605.348130Z-64771
6,2,59,apiaviz,ant-6-seed-59-apiaviz.json,11e32dc40bcc66c5c023dc796b5f3990fbe51f0f493189ec1909b4a932727e5f,False,1.4090801290404844,1.2656529319885417,2.8306264720639875,20.0,0,200,0,1.2649059745640965,0.006171466542161009,1.5695012039967031,0.0496009960770607,"[0.04616255313158035, 0.053039439022541046]",0.5383051633834839,0.41902193427085876,0.11928322911262512,52.22510528564453,0.7163749933242798,0.13454805314540863,10.0,0.03155096620321274,0.28125,12.5,0.02829095721244812,0.3125,1.0,1.25,0.028771333396434784,0.05,11.25,-0.014335893094539642,0.05,12.428656999953091,apiaviz/output/frontend-refinements/20260929T030605.348130Z-64771
6,2,59,sobel_colour,ant-6-seed-59-sobel_colour.json,4e30432170e8607835deb0c8e838fb803607503ea880f4efca38130cbe841481,True,0.15286079883926973,0.04894482935335547,0.13955330288140844,8.0,0,80,0,0.04498061162025535,0.032354568384432014,0.05447154548028357,0.050574932247400284,"[0.048278119415044785, 0.052871741354465485]",0.5084944367408752,0.38978368043899536,0.11871075630187988,55.323177337646484,0.719124972820282,0.13048185408115387,12.5,0.010867893695831299,0.375,12.5,0.010867893695831299,0.375,0.0,11.25,0.0328696146607399,0.05,18.75,-0.03169487416744232,0.425,6.262063667178154,apiaviz/output/frontend-refinements/20260929T030605.348130Z-64771
6,2,59,unit_dc,ant-6-seed-59-unit_dc.json,30afc987e1759686bd154d42baf4bc6139c7594f33cec905103ec423c08c0a4f,True,0.19117807445424626,0.012620083656850585,0.027853218116802893,7.9,0,79,0,0.011048991899011693,0.011542315487920533,0.012443356453876658,0.05106755718588829,"[0.04909567907452583, 0.053039439022541046]",0.49011120200157166,0.38200849294662476,0.1081027090549469,56.62155532836914,0.781624972820282,0.12967807054519653,11.25,0.03652061149477959,0.40625,11.25,0.037548333406448364,0.34375,3.0,15.0,0.03536328673362732,1.075,11.25,-0.014335893094539642,0.05,6.612268625060096,apiaviz/output/frontend-refinements/20260929T030605.348130Z-64771
6,2,59,balanced_form,ant-6-seed-59-balanced_form.json,4082b1243e7edb1639681cba5e1ea0a55da6adc23e18d5e333a93f9695bec275,False,2.939388816192055,0.9976260032646429,2.939388816192055,20.0,0,200,0,0.995928469195412,0.019412577247452826,1.0997751567273153,0.0509537048637867,"[0.04886797070503235, 0.053039439022541046]",0.48401641845703125,0.3780753016471863,0.10594111680984497,57.23869323730469,0.7828750014305115,0.12871433794498444,11.25,0.04128185287117958,0.34375,11.25,0.04074094817042351,0.3125,2.0,10.0,0.039181023836135864,0.9374999999999999,11.25,-0.014335893094539642,0.05,12.395959750050679,apiaviz/output/frontend-refinements/20260929T030605.348130Z-64771
6,2,59,oriented_form,ant-6-seed-59-oriented_form.json,5f18fa39177a6639a795f124a4a29b90cd928c97251183c5167b21411689fb95,False,6.0639806568756,1.6442966902365226,6.0639806568756,20.0,0,200,0,1.6432013688174545,0.18964163339454665,0.8574758667034661,0.050740912556648254,"[0.04844238609075546, 0.053039439022541046]",0.5224018692970276,0.4007251560688019,0.12167671322822571,54.83685302734375,0.7433750033378601,0.13320134580135345,13.75,0.039412759244441986,0.40625,15.0,0.03447893261909485,0.40625,1.5,2.5,0.054536253213882446,0.05,11.25,-0.014335893094539642,0.05,13.08629870787263,apiaviz/output/frontend-refinements/20260929T030605.348130Z-64771
6,2,59,linear_colour,ant-6-seed-59-linear_colour.json,67c9a9c220925b7347a513047cd3d8caf6b8689a7e1b5a4d353f2ba449207f9f,True,0.11249350816348046,0.02515971286389133,0.09203268741695024,8.1,0,81,0,0.023473136098499322,0.006862161912081671,0.012902834398515977,0.04945439100265503,"[0.04616255313158035, 0.052746228873729706]",0.5325143337249756,0.4137181341648102,0.1187961995601654,52.20686721801758,0.7256249785423279,0.13334906101226807,12.5,0.029722560197114944,0.28125,12.5,0.02885265275835991,0.3125,0.5,1.25,0.028771333396434784,0.05,12.5,-0.020382165908813477,0.07500000000000001,6.7171477500814945,apiaviz/output/frontend-refinements/20260929T030605.348130Z-64771
6,2,59,balanced_linear,ant-6-seed-59-balanced_linear.json,cdeafae8e4b9aef0dce4f8e4d52a36ff078ac30db6504b5131fbb28fa7b3d329,False,2.428680152067273,1.2436218616250059,3.3972709718065146,20.0,0,200,0,1.2419008242875575,0.019412577247452826,1.461410820545397,0.05080709978938103,"[0.04886797070503235, 0.052746228873729706]",0.47819024324417114,0.37270236015319824,0.1054878830909729,57.22515106201172,0.7921249866485596,0.12746202945709229,11.25,0.04227503389120102,0.34375,11.25,0.042583759874105453,0.34375,0.0,10.0,0.039181023836135864,0.9374999999999999,12.5,-0.020382165908813477,0.07500000000000001,12.205065166112036,apiaviz/output/frontend-refinements/20260929T030605.348130Z-64771
6,2,71,apiaviz,ant-6-seed-71-apiaviz.json,d7d7b8d1f890fde978871019f64f524bc1138656b3c2e6c737f5954a3f749373,False,3.54262621647664,0.8170006260284239,2.0637362098290164,20.0,0,200,0,0.8159140636097919,0.38373960182447786,0.7754586618626296,0.04831773042678833,"[0.0469372421503067, 0.04969821497797966]",0.5355328917503357,0.4160899817943573,0.1194429099559784,51.64338302612305,0.7149999737739563,0.13207049667835236,11.25,0.0336938351392746,0.46875,11.25,0.030933253467082977,0.40625,2.0,7.5,0.04799811542034149,0.6,26.25,-0.04343801736831665,0.7375,17.106142249889672,apiaviz/output/frontend-refinements/20260929T030605.348130Z-64771
6,2,71,sobel_colour,ant-6-seed-71-sobel_colour.json,28d9789eadbf6bb0838158b0ec53cf0d30ce8b1d4c4bcdd6f1f4bf8fb84ba841,True,0.1985425493921872,0.027148452393276196,0.0720484875956004,7.9,0,79,0,0.02348667617322379,0.03443665297380603,0.011719245527031566,0.050447702407836914,"[0.050717420876026154, 0.050177983939647675]",0.525067150592804,0.4041931629180908,0.12087398767471313,54.73853302001953,0.7126250267028809,0.1316242665052414,11.25,0.027160365134477615,0.3125,11.25,0.027160365134477615,0.3125,0.0,10.0,0.0492752268910408,0.05,22.5,-0.039152197539806366,0.7625,6.844416958047077,apiaviz/output/frontend-refinements/20260929T030605.348130Z-64771
6,2,71,unit_dc,ant-6-seed-71-unit_dc.json,117b8c0b8f94054ab0faa22ff30458a13938e96ee8f2fcb1a14dfc701ac42ebf,False,7.627228791675888,1.6505065151481324,3.056460079591516,20.0,0,200,0,1.6502460231951306,0.5626609493335445,1.7235515133556127,0.04930572584271431,"[0.04891323670744896, 0.04969821497797966]",0.480048269033432,0.3715522587299347,0.10849601030349731,56.447853088378906,0.7702500224113464,0.12556003034114838,12.5,0.018924862146377563,0.40625,13.75,0.017836961895227432,0.4375,1.0,10.0,0.03299009054899216,0.36250000000000004,26.25,-0.04343801736831665,0.7375,13.646959292003885,apiaviz/output/frontend-refinements/20260929T030605.348130Z-64771
6,2,71,balanced_form,ant-6-seed-71-balanced_form.json,c2aaad95ff18baec8cdbcaf7b2746832e682d8bc4f668f42c75284f6e8f793e0,False,7.05720912352371,2.042866861654836,5.2708180187315765,20.0,0,200,0,2.042207328639618,0.33024636368746035,1.671480704770944,0.04934996739029884,"[0.04900171607732773, 0.04969821497797966]",0.47432440519332886,0.36749330163002014,0.10683110356330872,56.861026763916016,0.7708749771118164,0.12472008168697357,11.25,0.013620294630527496,0.4375,11.25,0.01631426066160202,0.46875,2.75,7.5,0.028381049633026123,0.4,26.25,-0.04343801736831665,0.7375,13.395864750025794,apiaviz/output/frontend-refinements/20260929T030605.348130Z-64771
6,2,71,oriented_form,ant-6-seed-71-oriented_form.json,a23d7618934aa0ed85fe38b7fe4efb203e2442ce5e252a918aeaa70bab0b1a1e,True,0.14246656317324383,0.03499779829600594,0.15036126686385298,8.200000000000001,0,82,0,0.033207372818928986,0.006976232536329365,0.011200028655375904,0.05024365708231926,"[0.05078909546136856, 0.04969821497797966]",0.5149213075637817,0.39691874384880066,0.11800256371498108,54.24753952026367,0.7473750114440918,0.13071246445178986,11.25,0.02933354675769806,0.34375,11.25,0.029921840876340866,0.34375,1.25,1.25,0.051296673715114594,0.05,26.25,-0.04343801736831665,0.7375,7.783407208044082,apiaviz/output/frontend-refinements/20260929T030605.348130Z-64771
6,2,71,linear_colour,ant-6-seed-71-linear_colour.json,2399043f71a6a5289a65b76d1f593c9a0c622fa91cf103f786b6abe7d2858bee,True,0.14168037381239074,0.053615749612309124,0.11428016056318636,8.0,0,80,0,0.044478879865258975,0.0319103235512263,0.04993860215939259,0.04812997207045555,"[0.0469372421503067, 0.0493227019906044]",0.5283622741699219,0.4115588068962097,0.11680346727371216,51.95659255981445,0.7198749780654907,0.13123056292533875,11.25,0.03325007110834122,0.40625,12.5,0.028629928827285767,0.40625,1.0,7.5,0.04799811542034149,0.6,25.0,-0.04300682991743088,0.5750000000000001,6.842760750092566,apiaviz/output/frontend-refinements/20260929T030605.348130Z-64771
6,2,71,balanced_linear,ant-6-seed-71-balanced_linear.json,e8ab6ca621a65d0a5f2237c4c764dff06f118088e184e49db8702b90aa5a83fa,True,0.15846871739601026,0.13406142821532605,0.548076914222858,12.200000000000001,0,122,0,0.12984063387986886,0.10938158222536148,0.1341413584050067,0.049162209033966064,"[0.04900171607732773, 0.0493227019906044]",0.4670630991458893,0.3628534972667694,0.10420960187911987,56.98879623413086,0.7757499814033508,0.12383187562227249,12.5,0.015284284949302673,0.40625,12.5,0.016088448464870453,0.40625,1.5,7.5,0.028381049633026123,0.4,25.0,-0.04300682991743088,0.5750000000000001,9.725111000007018,apiaviz/output/frontend-refinements/20260929T030605.348130Z-64771
7,2,19,apiaviz,ant-7-seed-19-apiaviz.json,8d0bea11d10c99acc59ae11e700d818a5d51da79192f593299a7ae2a9e25cee0,True,0.128815291965854,0.1411183839334173,0.7391007877685607,10.3,0,103,0,0.1329541489692507,0.19882154874838387,0.07183942674418152,0.05014634132385254,"[0.046834010630846024, 0.053458672016859055]",0.5765753388404846,0.4397665560245514,0.13680878281593323,50.91313934326172,0.6818749904632568,0.1398695558309555,3.75,0.04032468795776367,0.40625,5.0,0.03540878742933273,0.40625,0.75,11.25,0.05017383396625519,1.125,21.25,0.0020799413323402405,0.8875000000000001,8.541578958043829,apiaviz/output/frontend-refinements/20260929T030605.348141Z-64773
7,2,19,sobel_colour,ant-7-seed-19-sobel_colour.json,a45ea55722db5d5e90e8c379c92d2f4fff36677fbcf317f54328706df3642680,False,4.4063557792880585,3.6691438699977423,5.322940630734602,20.0,0,200,0,3.669123135803545,1.1041288309771353,4.45796489692937,0.04997069761157036,"[0.04642445966601372, 0.0535169392824173]",0.5490260124206543,0.42119067907333374,0.12783533334732056,54.28917694091797,0.6732500195503235,0.1360425502061844,10.0,0.03556083142757416,0.3125,10.0,0.03556083142757416,0.3125,0.0,5.0,0.03470626473426819,0.05,22.5,0.013587169349193573,0.725,12.199660832993686,apiaviz/output/frontend-refinements/20260929T030605.348141Z-64773
7,2,19,unit_dc,ant-7-seed-19-unit_dc.json,886b10a2bbe068b7a2c42ad8403d5352660f3a49e68663287ae070843731d482,False,5.339843993841269,3.9413985218366445,5.83196819889237,20.0,0,200,0,3.9413596624428395,1.0797069715698107,4.71357683815126,0.05161483585834503,"[0.04977100342512131, 0.053458672016859055]",0.5185328125953674,0.39476415514945984,0.12376865744590759,56.5999641418457,0.7473750114440918,0.1342782974243164,3.75,0.03537190333008766,0.3125,3.75,0.03185614198446274,0.34375,3.5,6.25,0.04118148237466812,0.4,21.25,0.0020799413323402405,0.8875000000000001,12.854694332927465,apiaviz/output/frontend-refinements/20260929T030605.348141Z-64773
7,2,19,balanced_form,ant-7-seed-19-balanced_form.json,a7293331f7ba24aa209803d7b26a1253a9256125fd343864ec75f4eb611930c0,False,7.199952664565383,3.829262147514801,6.415380305237849,20.0,0,200,0,3.8292546830162246,1.2022607593071017,3.980698491013451,0.05138533189892769,"[0.04931199178099632, 0.053458672016859055]",0.510116457939148,0.38940006494522095,0.120716392993927,57.60630416870117,0.7466250061988831,0.13295304775238037,3.75,0.03564812242984772,0.34375,3.75,0.031892310827970505,0.375,4.0,15.0,0.04291878640651703,0.6875000000000001,21.25,0.0020799413323402405,0.8875000000000001,14.128004667116329,apiaviz/output/frontend-refinements/20260929T030605.348141Z-64773
7,2,19,oriented_form,ant-7-seed-19-oriented_form.json,128d77486192c5fdf615f3ec80f7c016869059f122e38a9cdafdd37ab474f125,True,0.16778912457679862,0.1393612738096821,0.6640118377146556,8.9,0,89,0,0.1367917365949321,0.19036303095627527,0.10000000000000035,0.05031300708651543,"[0.0471673458814621, 0.053458672016859055]",0.5498951077461243,0.41938892006874084,0.13050618767738342,54.21100997924805,0.7048749923706055,0.13663479685783386,5.0,0.02943279594182968,0.46875,3.75,0.030720144510269165,0.40625,2.75,3.75,0.053624607622623444,0.05,21.25,0.0020799413323402405,0.8875000000000001,8.355569375213236,apiaviz/output/frontend-refinements/20260929T030605.348141Z-64773
7,2,19,linear_colour,ant-7-seed-19-linear_colour.json,1b7b3911041114365f8c85538ea24bd03027cff10a6c4450127aac3a1149d14c,True,0.14217526219581386,0.18084537801689982,0.6681648877542725,12.8,0,128,0,0.17809704358317105,0.2840463634943351,0.10591102601754884,0.050087228417396545,"[0.046834010630846024, 0.05334044620394707]",0.5752800107002258,0.43674492835998535,0.13853508234024048,50.58650588989258,0.690500020980835,0.13925479352474213,5.0,0.03533191978931427,0.375,3.75,0.03485409915447235,0.40625,3.5,11.25,0.05017383396625519,1.125,25.0,-0.004700154066085815,0.8500000000000001,9.320698958821595,apiaviz/output/frontend-refinements/20260929T030605.348141Z-64773
7,2,19,balanced_linear,ant-7-seed-19-balanced_linear.json,51e2411d1bc0dff945f5de4c45797995ad9e710585919bf84327d40f103d837c,False,5.573579871433735,4.500328161767652,6.257274385089935,20.0,0,200,0,4.500320424908391,1.4353932486361145,5.498425730685751,0.051326218992471695,"[0.04931199178099632, 0.05334044620394707]",0.5086258053779602,0.3862958252429962,0.12232998013496399,57.194480895996094,0.7552499771118164,0.13230670988559723,3.75,0.03430257365107536,0.40625,2.5,0.03454916551709175,0.40625,1.25,15.0,0.04291878640651703,0.6875000000000001,25.0,-0.004700154066085815,0.8500000000000001,12.24764887499623,apiaviz/output/frontend-refinements/20260929T030605.348141Z-64773
7,2,31,apiaviz,ant-7-seed-31-apiaviz.json,90ff31c0db3f3b0ee4e98dd5f7b6523250b0010879a2e05ff77cfa9b86b26cb8,False,4.692080093814746,1.3420134793629361,2.357857896272532,20.0,0,200,0,1.3418994352679823,0.9921451581387001,1.360512498979702,0.04955555498600006,"[0.0448882095515728, 0.05422290042042732]",0.5749275088310242,0.4430038034915924,0.13192370533943176,51.44025421142578,0.6685000061988831,0.14077956974506378,5.0,0.027575545012950897,0.34375,10.0,0.0242658331990242,0.34375,2.0,5.0,0.03100932389497757,0.05,23.75,-0.008704788982868195,1.5499999999999998,12.711886333068833,apiaviz/output/frontend-refinements/20260929T030605.348141Z-64773
7,2,31,sobel_colour,ant-7-seed-31-sobel_colour.json,465b361ed13ce330960ed6a238a9e6ab3b8901580c0825752d786c61b66b287b,False,11.86304323722089,4.260728113546781,9.929823905914382,20.0,0,200,0,4.260721104468405,0.9713326282483634,3.2720979835633726,0.051549289375543594,"[0.04989667981863022, 0.05320189520716667]",0.5443964600563049,0.4099365770816803,0.13445988297462463,54.13676452636719,0.6736249923706055,0.13729658722877502,5.0,0.03117532655596733,0.46875,5.0,0.03117532655596733,0.46875,0.0,11.25,0.03852324187755585,0.875,18.75,0.006369777023792267,0.85,13.689506958937272,apiaviz/output/frontend-refinements/20260929T030605.348141Z-64773
7,2,31,unit_dc,ant-7-seed-31-unit_dc.json,449725f733f1487b2a6a89421b94d1d1eb7c6522956941b0c2d791aaac8fd60c,False,8.032880237985719,2.066435307776692,3.571358958538558,20.0,0,200,0,2.066166156126311,0.49321843271020177,2.344090722078841,0.050659045577049255,"[0.04709519073367119, 0.05422290042042732]",0.5250455141067505,0.40427279472351074,0.12077271938323975,56.04688262939453,0.734749972820282,0.13496913015842438,2.5,0.033843278884887695,0.34375,8.75,0.03381635248661041,0.3125,3.25,12.5,0.02718018740415573,0.2625,23.75,-0.008704788982868195,1.5499999999999998,13.26846858416684,apiaviz/output/frontend-refinements/20260929T030605.348141Z-64773
7,2,31,balanced_form,ant-7-seed-31-balanced_form.json,7bf7acd2c4badce81a380132b035a9b54f8055453f712cb8752117eebdb9930b,False,6.117232405230485,3.375167897482033,5.651381963192931,20.0,0,200,0,3.375100063493603,0.38270406301858373,4.199648994003369,0.05083858221769333,"[0.047454267740249634, 0.05422290042042732]",0.5185642242431641,0.3977549374103546,0.12080928683280945,56.7513427734375,0.737500011920929,0.13411913812160492,2.5,0.03903407230973244,0.34375,8.75,0.038297511637210846,0.3125,4.75,11.25,0.040960438549518585,0.225,23.75,-0.008704788982868195,1.5499999999999998,12.47650979203172,apiaviz/output/frontend-refinements/20260929T030605.348141Z-64773
7,2,31,oriented_form,ant-7-seed-31-oriented_form.json,54e206775d0b04c658204083eb41f99b807bf6404650453f1ebfa543e7c8edba,False,9.69396528411324,2.5636681060180075,4.29094504675379,20.0,0,200,0,2.563666856676992,1.9254563105917013,2.616354765697591,0.051919206976890564,"[0.049615513533353806, 0.05422290042042732]",0.5496377348899841,0.4187929034233093,0.1308448314666748,54.21349334716797,0.7071250081062317,0.13911427557468414,3.75,0.03713904693722725,0.3125,5.0,0.03315175324678421,0.3125,2.25,5.0,0.056159354746341705,0.05,23.75,-0.008704788982868195,1.5499999999999998,13.764396707993,apiaviz/output/frontend-refinements/20260929T030605.348141Z-64773
7,2,31,linear_colour,ant-7-seed-31-linear_colour.json,877d1912c79e0678bc1bd97ede7f0d378a80dccc63d1b74409129aba6b6b24d7,False,5.1694361446825585,1.0737177487883216,2.830273329542835,20.0,0,200,0,1.07300693755967,0.7683119958502279,0.9214615206426879,0.049437668174505234,"[0.0448882095515728, 0.05398712679743767]",0.573370099067688,0.4392271339893341,0.13414296507835388,51.204185485839844,0.6740000247955322,0.13988064229488373,11.25,0.019852183759212494,0.34375,11.25,0.019395992159843445,0.3125,2.5,5.0,0.03100932389497757,0.05,20.0,-0.018749408423900604,0.8500000000000001,13.27533350000158,apiaviz/output/frontend-refinements/20260929T030605.348141Z-64773
7,2,31,balanced_linear,ant-7-seed-31-balanced_linear.json,32769f9a16c7cb0620f047e9b185d4e70a157ceb4a8bbd6b7693b682938caae9,False,6.340648057720572,0.8810252765197545,1.9731140589914657,20.0,0,200,0,0.879801721733659,0.23819146678571795,0.9563413462031343,0.0507206991314888,"[0.047454267740249634, 0.05398712679743767]",0.5173264741897583,0.39444440603256226,0.12288206815719604,56.416263580322266,0.7429999709129333,0.13317640125751495,13.75,0.030799787491559982,0.40625,13.75,0.03086843341588974,0.40625,0.0,11.25,0.040960438549518585,0.225,20.0,-0.018749408423900604,0.8500000000000001,13.031698875129223,apiaviz/output/frontend-refinements/20260929T030605.348141Z-64773
7,2,43,apiaviz,ant-7-seed-43-apiaviz.json,f17e7a815992d1dcd426c7b5fe0d69ae0d56738ca2997453be64646d4fdd79fa,True,0.1354630054995922,0.17765643602695227,0.7651416912499451,9.0,0,90,0,0.17482389862562484,0.2374354761388546,0.1036369755686745,0.04871273785829544,"[0.04469309002161026, 0.05273238569498062]",0.5858650207519531,0.4553370177745819,0.13052800297737122,51.220211029052734,0.6761249899864197,0.13969720900058746,7.5,0.03183222562074661,0.375,12.5,0.02668679505586624,0.4375,2.0,3.75,0.04285683482885361,0.05,26.25,-0.028294295072555542,1.3875,7.145346874836832,apiaviz/output/frontend-refinements/20260929T030605.348141Z-64773
7,2,43,sobel_colour,ant-7-seed-43-sobel_colour.json,31cd9fd91408630b1ad606bf5ba5735a92186893b69379ffe9b946f2ec929c12,False,4.5483968623804065,1.144221604947545,1.8707667526488985,20.0,0,200,0,1.1440595778756086,0.7180688870229762,1.1475355910661498,0.05187635496258736,"[0.05000677332282066, 0.05374593660235405]",0.5458120703697205,0.4102661907672882,0.13554587960243225,54.1351432800293,0.6793749928474426,0.13771551847457886,10.0,0.03000742942094803,0.40625,10.0,0.03000742942094803,0.40625,0.0,6.25,0.035226427018642426,0.05,32.5,-0.023854613304138184,1.5750000000000002,12.540638917125762,apiaviz/output/frontend-refinements/20260929T030605.348141Z-64773
7,2,43,unit_dc,ant-7-seed-43-unit_dc.json,6289a9fb20d262ec2d1306005c9a556cd97e2d99cc782afa17b88b1c1300ea86,False,3.4109352462184437,0.6981471498202958,3.4109352462184437,20.0,0,200,0,0.6967498788116561,0.20046464403972028,0.2517334772341609,0.05044512078166008,"[0.04815785959362984, 0.05273238569498062]",0.5272013545036316,0.4074958562850952,0.11970549821853638,56.638450622558594,0.7396249771118164,0.1339903175830841,8.75,0.03591461479663849,0.34375,10.0,0.030970782041549683,0.4375,6.5,11.25,0.0396425798535347,0.7625,26.25,-0.028294295072555542,1.3875,12.56401333399117,apiaviz/output/frontend-refinements/20260929T030605.348141Z-64773
7,2,43,balanced_form,ant-7-seed-43-balanced_form.json,49f48c2c37968812a873fde647e54d8034086420e4b462dd9032b15112b9b204,False,7.500159812811738,3.689055085024681,6.569275384515359,20.0,0,200,0,3.688888727579782,0.8825966050441533,4.577262692275529,0.05062025785446167,"[0.04850813001394272, 0.05273238569498062]",0.5192952752113342,0.40091997385025024,0.11837530136108398,57.331878662109375,0.7416250109672546,0.13300281763076782,6.25,0.030051812529563904,0.34375,10.0,0.025378212332725525,0.375,5.25,7.5,0.035603709518909454,1.0374999999999999,26.25,-0.028294295072555542,1.3875,12.13878879090771,apiaviz/output/frontend-refinements/20260929T030605.348141Z-64773
7,2,43,oriented_form,ant-7-seed-43-oriented_form.json,242889870536270835dd47e2f6c2320383e06db0e9bc5357baeb41f342df767c,False,10.014105289609827,1.751497764926579,3.2488084156193016,20.0,0,200,0,1.751411672558043,1.6525518685044442,1.840582082621936,0.051555048674345016,"[0.05037771165370941, 0.05273238569498062]",0.5513732433319092,0.4183560013771057,0.13301724195480347,54.41312026977539,0.7078750133514404,0.1376791149377823,1.25,0.04155208170413971,0.5,3.75,0.037130825221538544,0.5,1.5,2.5,0.06276513636112213,0.05,26.25,-0.028294295072555542,1.3875,13.578953791875392,apiaviz/output/frontend-refinements/20260929T030605.348141Z-64773
7,2,43,linear_colour,ant-7-seed-43-linear_colour.json,d724cf28f39f9f3c6c319286b4ebe264fbff532630af01c4e055a326b52f6cf4,False,6.976027208837727,1.0269336125828543,2.075812805059176,20.0,0,200,0,1.0263303674541708,0.5930545568681264,1.0400083401121627,0.048422764986753464,"[0.04469309002161026, 0.05215243995189667]",0.5803849697113037,0.4489390254020691,0.13144594430923462,51.29862976074219,0.6847500205039978,0.13854797184467316,12.5,0.028672292828559875,0.4375,12.5,0.029897645115852356,0.4375,0.0,3.75,0.04285683482885361,0.05,26.25,-0.028229013085365295,0.95,13.109963833121583,apiaviz/output/frontend-refinements/20260929T030605.348141Z-64773
7,2,43,balanced_linear,ant-7-seed-43-balanced_linear.json,80da25d0860e146c3a8ad2aac6469f0857467a401144f42c96c97cfab7758647,False,5.580485307753499,3.417385284386238,4.896547514837696,20.0,0,200,0,3.4172889286092025,1.3580688309163886,3.9714763732740455,0.05033028498291969,"[0.04850813001394272, 0.05215243995189667]",0.5129523277282715,0.3941139280796051,0.11883839964866638,57.517513275146484,0.750249981880188,0.13179941475391388,10.0,0.026689864695072174,0.40625,10.0,0.02879595011472702,0.4375,0.25,7.5,0.035603709518909454,1.0374999999999999,26.25,-0.028229013085365295,0.95,12.494219582993537,apiaviz/output/frontend-refinements/20260929T030605.348141Z-64773
7,2,59,apiaviz,ant-7-seed-59-apiaviz.json,8c3a0835a62feea52378432139290a7d7e4e3b6fa17bf951fb01d9774241b131,False,7.148105896089344,2.259548063443713,4.245018220190607,20.0,0,200,0,2.259532234557466,1.1253230302664696,2.0734360340308804,0.049517784267663956,"[0.0462818443775177, 0.05275372788310051]",0.5686312913894653,0.42988064885139465,0.13875064253807068,52.28263473510742,0.6701250076293945,0.13825879991054535,5.0,0.03237728774547577,0.375,5.0,0.035920776426792145,0.375,0.25,6.25,0.03949904441833496,0.07500000000000001,13.75,0.0031209364533424377,0.775,12.451765707926825,apiaviz/output/frontend-refinements/20260929T030605.348141Z-64773
7,2,59,sobel_colour,ant-7-seed-59-sobel_colour.json,7719e7038e66b5cdc0c8f1367e9302c8c5b2d08c17c15418d8dba2da6a63dac1,False,9.263035701603707,2.0144649439537865,4.304578650958051,20.0,0,200,0,2.0144549176505757,1.3501430877731544,1.8377338779821524,0.049889057874679565,"[0.04717987775802612, 0.05259823799133301]",0.5370356440544128,0.39966580271720886,0.13736984133720398,54.82608413696289,0.6754999756813049,0.13348577916622162,6.25,0.03204646334052086,0.375,6.25,0.03204646334052086,0.375,0.0,7.5,0.03962795436382294,0.05,13.75,0.010636486113071442,0.17500000000000002,12.39322558301501,apiaviz/output/frontend-refinements/20260929T030605.348141Z-64773
7,2,59,unit_dc,ant-7-seed-59-unit_dc.json,8ab0ca05c4ea6bf76876ff5f3e4490515538366c3dd9a73604384a2265d5ab68,True,0.12880412856661705,0.15695476369728403,0.5446565061239176,11.8,0,118,0,0.1538149200784833,0.21004088843565147,0.13264886648861593,0.05096138268709183,"[0.049169037491083145, 0.05275372788310051]",0.519700825214386,0.3926134705543518,0.12708735466003418,56.95756149291992,0.7387499809265137,0.1331072747707367,6.25,0.037092432379722595,0.375,5.0,0.03776627779006958,0.375,0.5,6.25,0.03317195922136307,0.4625,13.75,0.0031209364533424377,0.775,8.73447125009261,apiaviz/output/frontend-refinements/20260929T030605.348141Z-64773
7,2,59,balanced_form,ant-7-seed-59-balanced_form.json,8975e20d6af06d8516897c02f5f97415f5402238dbdd0f8d53cc3754c837972a,False,9.704640629792408,1.2810159813799749,2.7190997269632473,20.0,0,200,0,1.2807178796060879,0.3639693437409627,1.3454747382739394,0.05064075067639351,"[0.04852777719497681, 0.05275372788310051]",0.5122760534286499,0.38912302255630493,0.12315303087234497,57.75555419921875,0.7394999861717224,0.1317196637392044,5.0,0.03794324770569801,0.40625,5.0,0.03581366688013077,0.34375,2.25,5.0,0.0326668918132782,0.17500000000000002,13.75,0.0031209364533424377,0.775,12.140637208009139,apiaviz/output/frontend-refinements/20260929T030605.348141Z-64773
7,2,59,oriented_form,ant-7-seed-59-oriented_form.json,c0f436587f3c79f3a6a5a841811ae989c3738cd37786faf5c25e44ba3342b126,False,6.558734749702367,2.5553803337099397,4.932395661731403,20.0,0,200,0,2.555362339156514,1.0590975912089977,2.4337124396055425,0.05029149726033211,"[0.047829266637563705, 0.05275372788310051]",0.5509421229362488,0.4104427695274353,0.14049935340881348,54.92107009887695,0.703000009059906,0.13630789518356323,8.75,0.03119634836912155,0.3125,3.75,0.03130633383989334,0.3125,3.5,5.0,0.04913172870874405,0.0625,13.75,0.0031209364533424377,0.775,13.54512079199776,apiaviz/output/frontend-refinements/20260929T030605.348141Z-64773
7,2,59,linear_colour,ant-7-seed-59-linear_colour.json,21fdf79404a0aa63f17eeabc24d92a2c79d2e25179eade12f4d824abca74d996,True,0.15863707958070886,0.14199358676447738,0.6575206560923622,9.5,0,95,0,0.1396526451187457,0.2114391366299491,0.09560307629755967,0.04935111850500107,"[0.0462818443775177, 0.052420392632484436]",0.5647879838943481,0.4257141947746277,0.13907378911972046,52.3614387512207,0.6787499785423279,0.13720592856407166,5.0,0.02881157025694847,0.375,5.0,0.03316095471382141,0.375,0.5,6.25,0.03949904441833496,0.07500000000000001,23.75,-0.0032459571957588196,1.025,7.953874292084947,apiaviz/output/frontend-refinements/20260929T030605.348141Z-64773
7,2,59,balanced_linear,ant-7-seed-59-balanced_linear.json,f727198c3540b39305af132603eb67b4ac7b811705c3fd218d9b43b9c6dfee2b,False,9.958493845100213,1.7007489967703142,3.2690721788851373,20.0,0,200,0,1.7007477860352793,1.1047745108019635,1.6756337761517126,0.05047408491373062,"[0.04852777719497681, 0.052420392632484436]",0.5083058476448059,0.384714275598526,0.12359157204627991,57.74761199951172,0.7481250166893005,0.13061551749706268,7.5,0.03432077914476395,0.34375,7.5,0.03081730380654335,0.375,2.25,5.0,0.0326668918132782,0.17500000000000002,23.75,-0.0032459571957588196,1.025,13.054594167042524,apiaviz/output/frontend-refinements/20260929T030605.348141Z-64773
7,2,71,apiaviz,ant-7-seed-71-apiaviz.json,f3e6f2d6f98364816130fd61a65df19e4dfbcaf9876212fa066ce3c631afeabe,False,13.446343361174602,5.156923609828544,11.92447425394197,20.0,0,200,0,5.156896661368312,1.1049711009161494,5.441642435378214,0.04782401770353317,"[0.046169038861989975, 0.04947899654507637]",0.5694227814674377,0.4349561631679535,0.13446661829948425,52.237884521484375,0.6693750023841858,0.1355871707201004,6.25,0.028065912425518036,0.40625,7.5,0.025387614965438843,0.375,1.75,7.5,0.031957387924194336,0.8250000000000001,22.5,-0.012860611081123352,1.3875,13.562074749963358,apiaviz/output/frontend-refinements/20260929T030605.348141Z-64773
7,2,71,sobel_colour,ant-7-seed-71-sobel_colour.json,e098c9840e2dae3fe3a2176084c267cf84440a7ecd024b9b631e9a2651ee5352,False,5.470499707708575,1.2773213396237195,5.470499707708575,20.0,0,200,0,1.2740257464917215,0.2287798823325583,0.427345694320723,0.04982520267367363,"[0.05049525573849678, 0.04915514960885048]",0.5493022799491882,0.40924009680747986,0.14006218314170837,53.583946228027344,0.6661249995231628,0.13483557105064392,5.0,0.03971393406391144,0.4375,5.0,0.03971393406391144,0.4375,0.0,5.0,0.05108006298542023,0.7125,28.75,-0.0006335526704788208,0.8500000000000001,12.40092208283022,apiaviz/output/frontend-refinements/20260929T030605.348141Z-64773
7,2,71,unit_dc,ant-7-seed-71-unit_dc.json,77c61ae32b0d245a7e553733e547f19c817f1cfd2ec17ffa91ee5c83682e1ceb,True,0.19157031606019082,0.2477962717125552,0.7133641257641979,11.700000000000001,0,117,0,0.2457218116944969,0.3949343289937486,0.18027216066312332,0.049096714705228806,"[0.04871442914009094, 0.04947899654507637]",0.5101797580718994,0.3882259428501129,0.1219538152217865,57.4454460144043,0.7282500267028809,0.12926337122917175,8.75,0.027412693947553635,0.34375,8.75,0.021097954362630844,0.375,2.75,16.25,0.036004893481731415,0.2375,22.5,-0.012860611081123352,1.3875,8.688736708136275,apiaviz/output/frontend-refinements/20260929T030605.348141Z-64773
7,2,71,balanced_form,ant-7-seed-71-balanced_form.json,dce18b580a01323c96c41fb72bb320fb5e61245442de10917a5f1055bf95a0e6,False,12.526849461614368,4.4547157270651745,10.124940544232864,20.0,0,200,0,4.454713370961172,1.333017100229371,3.5691326213588157,0.0489293709397316,"[0.04837974160909653, 0.04947899654507637]",0.5018287897109985,0.3808453381061554,0.12098345160484314,58.01615905761719,0.7296249866485596,0.12804710865020752,8.75,0.02260393276810646,0.3125,8.75,0.018184073269367218,0.375,2.0,16.25,0.036011144518852234,0.225,22.5,-0.012860611081123352,1.3875,12.835598749807104,apiaviz/output/frontend-refinements/20260929T030605.348141Z-64773
7,2,71,oriented_form,ant-7-seed-71-oriented_form.json,68e986c91b9ff2f0ff8dd073c51c5312d6c1dac12712d89849fa2fa805454405,True,0.1863173664340495,0.16641713844517872,0.7451205562104831,11.100000000000001,0,111,0,0.1618865606174235,0.23109453800185392,0.07996016706407755,0.049910906702280045,"[0.05034281685948372, 0.04947899654507637]",0.5436593294143677,0.4092400074005127,0.13441932201385498,54.21005630493164,0.6971250176429749,0.1342567503452301,2.5,0.035555556416511536,0.3125,8.75,0.02865920215845108,0.375,2.0,3.75,0.0716484785079956,0.05,22.5,-0.012860611081123352,1.3875,8.968900625128299,apiaviz/output/frontend-refinements/20260929T030605.348141Z-64773
7,2,71,linear_colour,ant-7-seed-71-linear_colour.json,c09352f959e7bce515aa1a5525fe86700f9ef22ccfbd39cdaea037ca4e11f2ef,True,0.17719708634515804,0.11135481804801653,0.4757876649862779,9.4,0,94,0,0.10681331980552326,0.10707202249606348,0.09393182047682291,0.04766954481601715,"[0.046169038861989975, 0.049170054495334625]",0.5662763118743896,0.4300137758255005,0.13626253604888916,52.224613189697266,0.6769999861717224,0.13485126197338104,8.75,0.02395404875278473,0.40625,10.0,0.023105435073375702,0.40625,0.25,7.5,0.031957387924194336,0.8250000000000001,25.0,-0.0029138848185539246,0.8875000000000002,7.532677541021258,apiaviz/output/frontend-refinements/20260929T030605.348141Z-64773
7,2,71,balanced_linear,ant-7-seed-71-balanced_linear.json,039c5d2d7dd74ec9d1cc81ca35744f21fb6eda07c915028ffedf2525286a9ec2,True,0.1998520572604035,0.18183132168316515,0.6536550553913536,10.3,0,103,0,0.17869141935170224,0.19574864859904345,0.1511390974217946,0.048774898052215576,"[0.04837974160909653, 0.049170054495334625]",0.4982559382915497,0.37561434507369995,0.12264159321784973,58.10368728637695,0.7372499704360962,0.1272689551115036,8.75,0.017070729285478592,0.34375,8.75,0.017141908407211304,0.375,1.5,16.25,0.036011144518852234,0.225,25.0,-0.0029138848185539246,0.8875000000000002,7.969226416898891,apiaviz/output/frontend-refinements/20260929T030605.348141Z-64773
9,2,19,apiaviz,ant-9-seed-19-apiaviz.json,faf044eff865ffe5d14a049d82e1fad36d85621274abff725de56f86c4e715d7,True,0.13321740563249,0.06938854905235017,0.1678019110521998,8.200000000000001,0,82,0,0.06495225986488938,0.04959710069365623,0.05336602392499922,0.05007819086313248,"[0.046970851719379425, 0.05318552628159523]",0.5663514733314514,0.4492197334766388,0.11713173985481262,53.53649139404297,0.6917499899864197,0.1371861845254898,13.75,-0.012681074440479279,0.375,21.25,-0.011515706777572632,0.3125,4.75,21.25,-0.013625666499137878,0.6250000000000001,32.5,-0.040463343262672424,0.9375000000000001,6.792068416019902,apiaviz/output/frontend-refinements/20260929T030605.348141Z-64773
9,2,19,sobel_colour,ant-9-seed-19-sobel_colour.json,fa7b58c8ef07ba799d3c862dfbe23f383615f1607330ceb20c0e7330f8519b4f,True,0.18781240532605958,0.03789896806529855,0.08203524563472465,7.9,0,79,0,0.03404214759319873,0.03161669385269717,0.0425778504407463,0.04993347078561783,"[0.04672153666615486, 0.053145404905080795]",0.5464171171188354,0.4261370897293091,0.12028002738952637,56.28688430786133,0.6771249771118164,0.1341245174407959,8.75,-0.0018506422638893127,0.3125,8.75,-0.0019474625587463379,0.3125,0.0,16.25,0.002168610692024231,0.07500000000000001,25.0,-0.040191516280174255,0.85,6.026926999911666,apiaviz/output/frontend-refinements/20260929T030605.348141Z-64773
9,2,19,unit_dc,ant-9-seed-19-unit_dc.json,2a450e229caeb52755fa342100d065a0fc9dc59732d59d32ce0f91f449aa1526,True,0.1460872781267869,0.07541762892994361,0.1616265269531313,8.0,0,80,0,0.06853378143115138,0.045703119612540935,0.06773628373200408,0.05154218152165413,"[0.04989883303642273, 0.05318552628159523]",0.5094939470291138,0.4046698212623596,0.10482412576675415,58.651397705078125,0.7617499828338623,0.13164828717708588,27.5,-0.007733292877674103,0.34375,27.5,-0.007502533495426178,0.34375,3.0,31.25,-0.019811473786830902,1.0,32.5,-0.040463343262672424,0.9375000000000001,6.364203709177673,apiaviz/output/frontend-refinements/20260929T030605.348141Z-64773
9,2,19,balanced_form,ant-9-seed-19-balanced_form.json,839d8c4bca329933d9e3ffcd9f5568750a3a6d0b2b6d61bc246e90b7c7169408,True,0.10719681088518217,0.053494018021705524,0.12893674461129215,8.1,0,81,0,0.04211772424738302,0.02860183023652618,0.04781384118981275,0.05128137767314911,"[0.04937722906470299, 0.05318552628159523]",0.5027674436569214,0.399679034948349,0.10308840870857239,59.3865852355957,0.7605000138282776,0.13036826252937317,10.0,-0.0016112998127937317,0.28125,10.0,-0.0007616430521011353,0.28125,0.25,27.5,-0.005152367055416107,1.1125,32.5,-0.040463343262672424,0.9375000000000001,6.343792208004743,apiaviz/output/frontend-refinements/20260929T030605.348141Z-64773
9,2,19,oriented_form,ant-9-seed-19-oriented_form.json,47486f582a0489bc5721ab54526e8e5c84dda299b780290e1e31735743122c42,True,0.1291439862009565,0.04723035620852241,0.10131854402422702,8.0,0,80,0,0.037552726074474074,0.04294936153425929,0.04687122499779678,0.050527092069387436,"[0.04786865413188934, 0.05318552628159523]",0.5463638305664062,0.4301418364048004,0.11622199416160583,55.869346618652344,0.7149999737739563,0.13474956154823303,13.75,0.005043603479862213,0.34375,8.75,0.00688914954662323,0.34375,4.75,17.5,-0.009242266416549683,0.0875,32.5,-0.040463343262672424,0.9375000000000001,6.688939000014216,apiaviz/output/frontend-refinements/20260929T030605.348141Z-64773
9,2,19,linear_colour,ant-9-seed-19-linear_colour.json,419364fe7806e6bedc318ad1ae5c1f24ba015dd4b75957d9423a3265c29c1146,True,0.13844931145688477,0.019082510888808562,0.08614603435112946,8.0,0,80,0,0.014479762047184158,0.00836915858172699,0.013218912957664026,0.04995696246623993,"[0.046970851719379425, 0.05294307321310043]",0.5619930028915405,0.44429245591163635,0.11770054697990417,53.088218688964844,0.6997500061988831,0.13640008866786957,13.75,-0.011201992630958557,0.28125,21.25,-0.011827133595943451,0.3125,3.25,21.25,-0.013625666499137878,0.6250000000000001,30.0,-0.03548730909824371,0.21250000000000002,7.151858208933845,apiaviz/output/frontend-refinements/20260929T030605.348141Z-64773
9,2,19,balanced_linear,ant-9-seed-19-balanced_linear.json,7e9b233c8ed14d202bb70c582109913a75931ad6f96949fe877f702617140461,True,0.1312663484063391,0.013878414542789774,0.03522765166060138,8.0,0,80,0,0.010926829784735758,0.008890822361077428,0.011896369535018898,0.05116014927625656,"[0.04937722906470299, 0.05294307321310043]",0.49823155999183655,0.39457279443740845,0.1036587655544281,58.93156433105469,0.7684999704360962,0.12954193353652954,16.25,0.00037284940481185913,0.3125,17.5,0.0010542869567871094,0.3125,0.25,27.5,-0.005152367055416107,1.1125,30.0,-0.03548730909824371,0.21250000000000002,5.627140833064914,apiaviz/output/frontend-refinements/20260929T030605.348141Z-64773
9,2,31,apiaviz,ant-9-seed-31-apiaviz.json,6c9372e9af9a3ba9b11fe5c98a1d8c5a9174d7646bb571c44e7274eb7f818cbd,True,0.18848492825590124,0.02786873133199761,0.04786888494825583,7.9,0,79,0,0.025220958936442012,0.021784988712506514,0.031053948857956568,0.049873627722263336,"[0.04513854533433914, 0.05460871011018753]",0.5730515718460083,0.45532357692718506,0.11772799491882324,53.123870849609375,0.6759999990463257,0.1386827826499939,22.5,-0.01724347472190857,0.34375,22.5,-0.01620643585920334,0.40625,5.5,20.0,0.001727961003780365,0.5625,32.5,-0.035532303154468536,1.9375000000000002,6.394606166984886,apiaviz/output/frontend-refinements/20260929T030605.348141Z-64773
9,2,31,sobel_colour,ant-9-seed-31-sobel_colour.json,bd1b53b1910aa48618f0dd494ff70412e90a3911865b0e11648ad928aa99d7aa,True,0.19712353735421326,0.018161368861035296,0.06329643928862219,7.9,0,79,0,0.01695972094739934,0.01779688198762516,0.017273697471582573,0.05207030102610588,"[0.05048936977982521, 0.05365123599767685]",0.5445592403411865,0.41766566038131714,0.12689357995986938,55.009647369384766,0.6892499923706055,0.13576172292232513,15.0,-0.00782574713230133,0.3125,15.0,-0.008118748664855957,0.3125,0.0,21.25,-0.0014162436127662659,0.55,25.0,-0.05045786499977112,1.0625,6.351607292192057,apiaviz/output/frontend-refinements/20260929T030605.348141Z-64773
9,2,31,unit_dc,ant-9-seed-31-unit_dc.json,34a46cd121bc4f38fbb4b0d3465a74ffe74ba2b185ea2a03daa4cfc5bf1d8aef,True,0.15220145900908824,0.0544614645353405,0.1667272228540121,8.1,0,81,0,0.05082142319573888,0.024920107107145158,0.03567307329767568,0.05121022090315819,"[0.04781172797083855, 0.05460871011018753]",0.5196337699890137,0.41324570775032043,0.10638806223869324,57.60102462768555,0.7494999766349792,0.1331547498703003,22.5,-0.00920596718788147,0.40625,28.75,-0.009223036468029022,0.375,8.5,32.5,0.00416719913482666,1.1625,32.5,-0.035532303154468536,1.9375000000000002,6.523445208091289,apiaviz/output/frontend-refinements/20260929T030605.348141Z-64773
9,2,31,balanced_form,ant-9-seed-31-balanced_form.json,375100b8577cd718cf0ce2b8e8bfa70148ade698c1cf4277c6cbc54a36a79478,True,0.12146400112694254,0.06258369970542065,0.2297234521390667,8.1,0,81,0,0.05923580824467655,0.024920107107145158,0.03567307329767568,0.05119067057967186,"[0.04777263477444649, 0.05460871011018753]",0.5139983296394348,0.4090750217437744,0.1049233078956604,58.053829193115234,0.7511249780654907,0.13218334317207336,28.75,-0.012192301452159882,0.40625,25.0,-0.010893911123275757,0.40625,5.5,32.5,0.005899839103221893,1.025,32.5,-0.035532303154468536,1.9375000000000002,4.959024125011638,apiaviz/output/frontend-refinements/20260929T030605.348141Z-64773
9,2,31,oriented_form,ant-9-seed-31-oriented_form.json,61c98d1cbc949e59997e47d0f56206dfa15643b28e7baeb06041d03a5e24aac3,True,0.12188499911839715,0.030538034107641953,0.05541706979395938,8.0,0,80,0,0.024851929165392538,0.024920107107145158,0.03187201634943669,0.05217112600803375,"[0.049733538180589676, 0.05460871011018753]",0.545506477355957,0.4281567931175232,0.11734968423843384,55.32962417602539,0.7211250066757202,0.1368676871061325,21.25,-0.006899230182170868,0.34375,17.5,-0.008083552122116089,0.3125,4.5,27.5,-0.014207825064659119,1.075,32.5,-0.035532303154468536,1.9375000000000002,5.665025833062828,apiaviz/output/frontend-refinements/20260929T030605.348141Z-64773
9,2,31,linear_colour,ant-9-seed-31-linear_colour.json,a189376ef00867e83cc1b450bee10de4a9458d9da3bb8bd6c925277ed16aff6e,True,0.1198200973846469,0.10055090418000184,0.2721676146495776,8.3,0,83,0,0.09895673655406133,0.09106670073255035,0.08479578714827139,0.04958195984363556,"[0.04513854533433914, 0.054025378078222275]",0.5675963759422302,0.4485248923301697,0.11907148361206055,52.794132232666016,0.6830000281333923,0.1374334692955017,22.5,-0.016356587409973145,0.375,22.5,-0.015326045453548431,0.40625,0.25,20.0,0.001727961003780365,0.5625,31.25,-0.03678854554891586,1.8250000000000002,6.693976958049461,apiaviz/output/frontend-refinements/20260929T030605.348141Z-64773
9,2,31,balanced_linear,ant-9-seed-31-balanced_linear.json,2757bdc8d5ff7a6ca775a2f2a6e83ea463e9fd0ff3caae1d492311152049416f,True,0.11891270913334222,0.1245086734282257,0.4584388432407323,8.700000000000001,0,87,0,0.12100585722200347,0.09542489545246044,0.11031222147207427,0.05089900642633438,"[0.04777263477444649, 0.054025378078222275]",0.5082175135612488,0.4020102918148041,0.1062072217464447,57.63955307006836,0.7581250071525574,0.13087493181228638,23.75,-0.012285299599170685,0.40625,23.75,-0.011738903820514679,0.40625,0.5,32.5,0.005899839103221893,1.025,31.25,-0.03678854554891586,1.8250000000000002,6.351911125006154,apiaviz/output/frontend-refinements/20260929T030605.348141Z-64773
9,2,43,apiaviz,ant-9-seed-43-apiaviz.json,c9d3fc13c31819a5120e929c4c5d39a41ff0ac244ea34fdaadbe726c46ef6c84,True,0.12404882503739843,0.03481551098566297,0.05717198560337314,8.0,0,80,0,0.028849113372829915,0.03021047583299684,0.037809161399535315,0.04864197596907616,"[0.04451749101281166, 0.05276646092534065]",0.57835853099823,0.4622776508331299,0.1160808801651001,53.20392990112305,0.6823750138282776,0.13709649443626404,17.5,-0.004500530660152435,0.34375,17.5,-0.005206078290939331,0.375,0.75,21.25,0.011886879801750183,0.675,28.75,-0.04379601031541824,0.8500000000000001,6.552155958022922,apiaviz/output/frontend-refinements/20260929T030605.348141Z-64773
9,2,43,sobel_colour,ant-9-seed-43-sobel_colour.json,d0331af7602a9dbf9f4741fa997ea84ab81dffce492d87570258ef76806321b5,True,0.1302391987103797,0.052178879902004774,0.18443671226375719,8.0,0,80,0,0.048523220628850595,0.02126498411134942,0.03356978185864821,0.05202777683734894,"[0.04997393861413002, 0.054081618785858154]",0.5436113476753235,0.42156708240509033,0.12204426527023315,55.82773971557617,0.6888750195503235,0.13579127192497253,11.25,-0.005774743854999542,0.3125,11.25,-0.005952499806880951,0.3125,0.0,16.25,-0.007339462637901306,0.6375,31.25,-0.037679821252822876,2.125,6.0099209998734295,apiaviz/output/frontend-refinements/20260929T030605.348141Z-64773
9,2,43,unit_dc,ant-9-seed-43-unit_dc.json,9d8176539af3ec2892b145d78e5d95cec3a35464eb631e7205958d8f2eb37340,True,0.12724300433133146,0.07843936522440814,0.16351080880926863,8.0,0,80,0,0.07342251203354873,0.053217697558000585,0.08933188708438025,0.05052143335342407,"[0.04827640578150749, 0.05276646092534065]",0.5165601968765259,0.41446948051452637,0.10209071636199951,58.215885162353516,0.7459999918937683,0.13155686855316162,26.25,-0.007786452770233154,0.4375,26.25,-0.00663718581199646,0.40625,2.5,21.25,0.003877788782119751,0.4000000000000001,28.75,-0.04379601031541824,0.8500000000000001,6.447158500086516,apiaviz/output/frontend-refinements/20260929T030605.348141Z-64773
9,2,43,balanced_form,ant-9-seed-43-balanced_form.json,c685a13b2884f031f8ab889693fc92eddcf0a1a7bf07ef6913ee7095ce840fc6,True,0.17398257219370045,0.09266357476125309,0.2087519089306767,8.1,0,81,0,0.08976611154006839,0.08021605965540995,0.0597091032235999,0.05061968415975571,"[0.04847290739417076, 0.05276646092534065]",0.5083926916122437,0.4076222777366638,0.10077041387557983,58.937931060791016,0.7458750009536743,0.1305198222398758,22.5,-0.00313432514667511,0.375,22.5,-0.0019085407257080078,0.3125,3.0,21.25,0.007828809320926666,0.5875,28.75,-0.04379601031541824,0.8500000000000001,6.261599750025198,apiaviz/output/frontend-refinements/20260929T030605.348141Z-64773
9,2,43,oriented_form,ant-9-seed-43-oriented_form.json,6c3a8112a051442297dc734be0d41d34a1dd11d4afde8e66520d580898fff033,True,0.1894212523042209,0.046009571679265865,0.10228184541132551,7.9,0,79,0,0.038534024442986044,0.038001529562123625,0.04909257907752198,0.05194941535592079,"[0.05113237351179123, 0.05276646092534065]",0.5413782000541687,0.42559054493904114,0.11578765511512756,56.43505859375,0.71875,0.13595643639564514,22.5,-0.003851868212223053,0.4375,15.0,-0.0016200020909309387,0.46875,4.0,12.5,-0.013319984078407288,0.05,28.75,-0.04379601031541824,0.8500000000000001,6.872866332996637,apiaviz/output/frontend-refinements/20260929T030605.348141Z-64773
9,2,43,linear_colour,ant-9-seed-43-linear_colour.json,7451a1d5c351e206627f7b77edf91ac829ed954bf486d9d35ac33064c84b6cb4,True,0.1240488250373982,0.031068818215871263,0.05717198560337314,8.0,0,80,0,0.025660431185297004,0.024129779007361764,0.034295048653593355,0.0482969805598259,"[0.04451749101281166, 0.05207647383213043]",0.575908899307251,0.4574103057384491,0.11849859356880188,53.00242614746094,0.6884999871253967,0.13585783541202545,17.5,-0.006829775869846344,0.375,17.5,-0.0086074098944664,0.375,0.0,21.25,0.011886879801750183,0.675,17.5,-0.04163651168346405,1.1624999999999999,6.679516917094588,apiaviz/output/frontend-refinements/20260929T030605.348141Z-64773
9,2,43,balanced_linear,ant-9-seed-43-balanced_linear.json,a81179cf922053aa0ed0e60719d0e0b12dade270c7e7d31428a26456fed4a123,True,0.1564013772328298,0.09019743861924623,0.2256354069610595,8.1,0,81,0,0.08699645825072083,0.0803729348660206,0.07324323666419301,0.050274692475795746,"[0.04847290739417076, 0.05207647383213043]",0.5053236484527588,0.40241673588752747,0.10290691256523132,58.74386215209961,0.7519999742507935,0.12922342121601105,17.5,-0.0019161328673362732,0.375,12.5,-0.002444639801979065,0.40625,1.75,21.25,0.007828809320926666,0.5875,17.5,-0.04163651168346405,1.1624999999999999,6.508036541985348,apiaviz/output/frontend-refinements/20260929T030605.348141Z-64773
9,2,59,apiaviz,ant-9-seed-59-apiaviz.json,fa79061120eb520b2a74fdd085e144200393189ca9232c2ef64e9c626ab95e04,True,0.12847014730422265,0.0335778650975593,0.0722688102558354,8.0,0,80,0,0.02534056744219924,0.0321773626332698,0.03150298348489261,0.0495469830930233,"[0.04614849016070366, 0.05294547230005264]",0.5630508661270142,0.44172364473342896,0.1213272213935852,54.8626594543457,0.6847500205039978,0.13624170422554016,21.25,-0.008919231593608856,0.34375,21.25,-0.010168023407459259,0.4375,5.75,16.25,0.0006593838334083557,0.23750000000000002,22.5,-0.032918818295001984,0.55,9.75596774998121,apiaviz/output/frontend-refinements/20260929T030605.348141Z-64773
9,2,59,sobel_colour,ant-9-seed-59-sobel_colour.json,1a2167271ed9d6b0e809fe53b04961ba968589ed7b09c8a2012a26b5b8836f9f,True,0.18104754542813808,0.05308281779545321,0.11859703923181172,8.0,0,80,0,0.049522299806113744,0.047517063358248374,0.05281762489249907,0.0501505471765995,"[0.04763340204954147, 0.05266769602894783]",0.5357493758201599,0.40996357798576355,0.12578579783439636,55.918209075927734,0.687874972820282,0.13206912577152252,21.25,-0.009464867413043976,0.46875,21.25,-0.00966230034828186,0.46875,0.0,18.75,0.010435663163661957,0.32499999999999996,27.5,-0.040612973272800446,0.48750000000000004,6.902513042092323,apiaviz/output/frontend-refinements/20260929T030605.348141Z-64773
9,2,59,unit_dc,ant-9-seed-59-unit_dc.json,ce3a9d00b89ad4a22d5d8c690dc301d5170cfae5002b0987c7fffb3be14f6c14,True,0.172268848930053,0.13668422100020103,0.2463665070046569,8.6,0,86,0,0.13469806842865684,0.0969549461955568,0.1809703090774924,0.050937242805957794,"[0.048929013311862946, 0.05294547230005264]",0.5106954574584961,0.40370771288871765,0.10698774456977844,59.563453674316406,0.7542499899864197,0.13085107505321503,22.5,-0.013495460152626038,0.3125,26.25,-0.014834009110927582,0.34375,3.75,23.75,0.00013513118028640747,0.38750000000000007,22.5,-0.032918818295001984,0.55,7.030374458990991,apiaviz/output/frontend-refinements/20260929T030605.348141Z-64773
9,2,59,balanced_form,ant-9-seed-59-balanced_form.json,7fdbcaab2edc4d9d60d573cffac65dd3505ad8d7a7e7fb9dea8f1693f74adc60,True,0.1706991378673155,0.13155229141310557,0.2463665070046569,8.5,0,85,0,0.12943396993173253,0.0969549461955568,0.160681376065663,0.05110562592744827,"[0.049265775829553604, 0.05294547230005264]",0.5031486749649048,0.39748460054397583,0.10566407442092896,59.97975540161133,0.7591249942779541,0.13009163737297058,28.75,-0.015840113162994385,0.40625,28.75,-0.01669216901063919,0.375,3.0,30.0,-0.008599519729614258,0.9000000000000001,22.5,-0.032918818295001984,0.55,6.088984332978725,apiaviz/output/frontend-refinements/20260929T030605.348141Z-64773
9,2,59,oriented_form,ant-9-seed-59-oriented_form.json,4bc8add9a775ca07268a0b158052e60d9376b2a7a71514ad5240d068da337933,True,0.14374637765084058,0.1776747149068483,0.7615753667524384,11.8,0,118,0,0.17570805452127963,0.09094117093581917,0.1427114620701906,0.050291839987039566,"[0.04763820394873619, 0.05294547230005264]",0.544529914855957,0.4238079786300659,0.12072193622589111,56.3087043762207,0.715624988079071,0.1343470960855484,17.5,-0.005352005362510681,0.375,17.5,-0.007106773555278778,0.4375,1.75,20.0,-0.0022069886326789856,0.08750000000000001,22.5,-0.032918818295001984,0.55,9.15422054193914,apiaviz/output/frontend-refinements/20260929T030605.348141Z-64773
9,2,59,linear_colour,ant-9-seed-59-linear_colour.json,ae9ac42febf23765443582016eb6f1028adf44a5c397bd5d8d75a2820666fde1,True,0.19035694954049964,0.03767524642669339,0.10430524839469789,8.0,0,80,0,0.03402329699159164,0.027770486714831885,0.03682345173936776,0.04929903894662857,"[0.04614849016070366, 0.05244958773255348]",0.5590915679931641,0.4373090863227844,0.12178248167037964,54.858299255371094,0.6882500052452087,0.13509175181388855,20.0,-0.008024349808692932,0.34375,20.0,-0.007893778383731842,0.375,0.5,16.25,0.0006593838334083557,0.23750000000000002,27.5,-0.03224233537912369,1.625,7.127861540997401,apiaviz/output/frontend-refinements/20260929T030605.348141Z-64773
9,2,59,balanced_linear,ant-9-seed-59-balanced_linear.json,e6ca464b1fa68bd96b4d4cc9852bf36f22e7593441da101f33d8739c38433627,True,0.1903587683983401,0.13971212601850844,0.2463665070046569,8.5,0,85,0,0.13776470406806154,0.0966127284104581,0.1913977807782917,0.05085768178105354,"[0.049265775829553604, 0.05244958773255348]",0.4990766942501068,0.3930186927318573,0.10605800151824951,59.935489654541016,0.762624979019165,0.12888981401920319,28.75,-0.015716850757598877,0.375,28.75,-0.016770191490650177,0.375,0.0,30.0,-0.008599519729614258,0.9000000000000001,27.5,-0.03224233537912369,1.625,7.246407832950354,apiaviz/output/frontend-refinements/20260929T030605.348141Z-64773
9,2,71,apiaviz,ant-9-seed-71-apiaviz.json,d7ccdab491dd1f64bf4af2b65fefdb215ef4f15191d655e12559fa001d1b7a5a,False,1.721063710765229,0.7180796879906154,1.596182682649622,20.0,0,200,0,0.7167428772656413,0.26409155812648566,0.8368147622515876,0.04798782616853714,"[0.04685596749186516, 0.04911968484520912]",0.5591259598731995,0.448296457529068,0.11082950234413147,55.33137130737305,0.6797500252723694,0.13325057923793793,22.5,-0.0194009467959404,0.375,26.25,-0.013913005590438843,0.40625,6.75,21.25,-0.01369340717792511,0.525,35.0,-0.04313310980796814,1.0499999999999998,13.066192041849717,apiaviz/output/frontend-refinements/20260929T030605.348141Z-64773
9,2,71,sobel_colour,ant-9-seed-71-sobel_colour.json,64162847cd1783c34bc2281b261ef086bcd6e4d9126d5a3865fa169a9b658574,True,0.18885993393033976,0.03126478003505405,0.0768099059510999,7.9,0,79,0,0.02717471117444112,0.02455712710940153,0.03141145296817867,0.05019392818212509,"[0.05057338997721672, 0.04981447011232376]",0.5457385182380676,0.42088836431503296,0.12485015392303467,54.29866027832031,0.6740000247955322,0.13326743245124817,13.75,-0.0005657151341438293,0.4375,13.75,-0.0005657151341438293,0.4375,0.0,17.5,0.00896436721086502,0.25000000000000006,25.0,-0.03511890769004822,1.6,6.583429832942784,apiaviz/output/frontend-refinements/20260929T030605.348141Z-64773
9,2,71,unit_dc,ant-9-seed-71-unit_dc.json,d45e1f95b07650206af4f535518870f42b15081d3d58151ba8a838f591cb2867,True,0.13868314372468735,0.10590369950354156,0.1959606761754602,7.9,0,79,0,0.10400686662867432,0.0853691964329614,0.13289664001782917,0.04896090552210808,"[0.048802126199007034, 0.04911968484520912]",0.5019196271896362,0.39911526441574097,0.10280436277389526,59.814815521240234,0.7444999814033508,0.12654298543930054,20.0,-0.020014386624097824,0.4375,20.0,-0.01194610446691513,0.40625,1.5,26.25,-0.027197949588298798,1.2125,35.0,-0.04313310980796814,1.0499999999999998,6.6013394999317825,apiaviz/output/frontend-refinements/20260929T030605.348141Z-64773
9,2,71,balanced_form,ant-9-seed-71-balanced_form.json,0206bb1ebe12fb0b311b11ec55cceda00dec3392527d62be5f3d5ce277f82eec,True,0.11388087648390813,0.08252584977474411,0.15654978992439755,8.0,0,80,0,0.07716439938344687,0.05262264804739382,0.08406051674736902,0.04885699599981308,"[0.04859430715441704, 0.04911968484520912]",0.4966995120048523,0.39591270685195923,0.10078680515289307,60.0536994934082,0.7431250214576721,0.12557515501976013,20.0,-0.022382576018571854,0.4375,20.0,-0.015573423355817795,0.4375,0.5,21.25,-0.017797157168388367,0.6250000000000001,35.0,-0.04313310980796814,1.0499999999999998,6.659519833046943,apiaviz/output/frontend-refinements/20260929T030605.348141Z-64773
9,2,71,oriented_form,ant-9-seed-71-oriented_form.json,89658f3adc50a953b4342fbcf9259ec14493b2502fe4841b26b2098aed9de0a1,True,0.18852292047736477,0.04161393395859421,0.07872357531201869,7.9,0,79,0,0.0365087197258235,0.029733911192755643,0.045901398354076785,0.049994684755802155,"[0.05086968466639519, 0.04911968484520912]",0.535454511642456,0.4195263981819153,0.11592811346054077,56.78226852416992,0.7181249856948853,0.13177433609962463,13.75,-0.007921412587165833,0.375,15.0,-0.004548937082290649,0.375,5.5,22.5,-0.009176045656204224,0.525,35.0,-0.04313310980796814,1.0499999999999998,6.324832000071183,apiaviz/output/frontend-refinements/20260929T030605.348141Z-64773
9,2,71,linear_colour,ant-9-seed-71-linear_colour.json,d625d831b7d89bf4e67561b8259e25f9632f9daad9cf70d14859a3ce44298de0,True,0.18035430303619782,0.08744717908300337,0.1554204639316721,8.0,0,80,0,0.08576769176121221,0.07367050382128862,0.10877396398936426,0.04770473390817642,"[0.04685596749186516, 0.04855349659919739]",0.5558231472969055,0.44428887963294983,0.11153426766395569,54.96825408935547,0.6855000257492065,0.1323220580816269,21.25,-0.017958812415599823,0.34375,21.25,-0.017952032387256622,0.34375,1.75,21.25,-0.01369340717792511,0.525,35.0,-0.043768055737018585,1.1125,6.935496833873913,apiaviz/output/frontend-refinements/20260929T030605.348141Z-64773
9,2,71,balanced_linear,ant-9-seed-71-balanced_linear.json,f02b1a17024f9fcd811ed132ddf655f9c9168814f1863860aaaffe799037c470,True,0.1599145948873635,0.04865186424768937,0.14211177118610496,8.0,0,80,0,0.04149935518869609,0.05018265892922888,0.04435237411944379,0.04857390373945236,"[0.04859430715441704, 0.04855349659919739]",0.49315470457077026,0.39201778173446655,0.10113692283630371,59.701629638671875,0.7488750219345093,0.1245914176106453,21.25,-0.02396286651492119,0.40625,21.25,-0.02474343031644821,0.4375,3.25,21.25,-0.017797157168388367,0.6250000000000001,35.0,-0.043768055737018585,1.1125,6.422289584064856,apiaviz/output/frontend-refinements/20260929T030605.348141Z-64773
10,2,19,apiaviz,ant-10-seed-19-apiaviz.json,53c55c92ca0a89cad02e2ca9b5c4e34cbfe5b1ab69d7b93c3c3cb61ea6f944b5,True,0.15864659049490612,0.2042011604098974,0.7624440301951493,13.8,0,138,0,0.20081119376862033,0.15133094626373475,0.11806162118791319,0.049866870045661926,"[0.04674898460507393, 0.052984755486249924]",0.5527440905570984,0.43306562304496765,0.11967846751213074,54.222042083740234,0.6993749737739563,0.1381099671125412,3.75,0.01805732026696205,0.28125,3.75,0.016561560332775116,0.3125,0.25,10.0,-0.005912855267524719,0.35000000000000003,22.5,-0.014378771185874939,1.5375,10.575423582922667,apiaviz/output/frontend-refinements/20260929T030605.348130Z-64772
10,2,19,sobel_colour,ant-10-seed-19-sobel_colour.json,964c2dc6ff99fb4303d3807cf9ccf8b8fbcc8d9e6e0e5fa3de1390f922b21f20,True,0.1478725437557008,0.03130613556949138,0.0788190069321446,8.1,0,81,0,0.02617896490165371,0.017329618103454358,0.03435459702118059,0.05008096247911453,"[0.04692208766937256, 0.053239837288856506]",0.5320214033126831,0.41498425602912903,0.11703714728355408,57.851322174072266,0.6832500100135803,0.13526272773742676,5.0,0.012614808976650238,0.3125,5.0,0.012614808976650238,0.3125,0.0,17.5,-0.003213539719581604,0.5625000000000001,25.0,-0.027370810508728027,1.475,7.087346750078723,apiaviz/output/frontend-refinements/20260929T030605.348130Z-64772
10,2,19,unit_dc,ant-10-seed-19-unit_dc.json,6a620e3ee721fef1419492e17d38921c338043a3e8083ed38ce8b2a8e6f69db4,True,0.1730659849148947,0.417846540668039,1.6400560801722597,19.400000000000002,0,194,0,0.4158104038698044,0.13511524330783,0.2872036432183561,0.05165718123316765,"[0.05032960698008537, 0.052984755486249924]",0.5001682043075562,0.39660564064979553,0.10356256365776062,59.65571212768555,0.7646250128746033,0.13320986926555634,6.25,0.008290208876132965,0.25,6.25,0.007935665547847748,0.3125,2.75,13.75,-0.014804214239120483,0.8500000000000001,22.5,-0.014378771185874939,1.5375,13.08329854090698,apiaviz/output/frontend-refinements/20260929T030605.348130Z-64772
10,2,19,balanced_form,ant-10-seed-19-balanced_form.json,52833c2a1a27189b7f6daff433da21e4986b916c9df12bc6ab4d3c8a68036c5c,True,0.16141584204725956,0.03532271385447987,0.11009893808816781,8.1,0,81,0,0.027848632327968102,0.017329618103454358,0.03435459702118059,0.051599252969026566,"[0.050213754177093506, 0.052984755486249924]",0.4948198199272156,0.3917009234428406,0.103118896484375,59.93881607055664,0.7637500166893005,0.1322372406721115,6.25,0.009471606463193893,0.3125,5.0,0.008198235183954239,0.3125,1.0,15.0,-0.008471541106700897,0.8625,22.5,-0.014378771185874939,1.5375,7.77387308399193,apiaviz/output/frontend-refinements/20260929T030605.348130Z-64772
10,2,19,oriented_form,ant-10-seed-19-oriented_form.json,6138557bda381efac856ca791e6f1df2285a9a054a35d7c5e93b7cf68f02147a,True,0.1341081601280111,0.045355892187604184,0.11334761397482537,8.200000000000001,0,82,0,0.042905925688670556,0.017329618103454358,0.03450317081356952,0.05030487850308418,"[0.04762500151991844, 0.052984755486249924]",0.5309427380561829,0.4143121838569641,0.11663055419921875,56.60329818725586,0.718625009059906,0.13545243442058563,2.5,0.03617670387029648,0.21875,2.5,0.03455815836787224,0.28125,0.75,10.0,0.010304078459739685,0.35000000000000003,22.5,-0.014378771185874939,1.5375,6.984197667101398,apiaviz/output/frontend-refinements/20260929T030605.348130Z-64772
10,2,19,linear_colour,ant-10-seed-19-linear_colour.json,001af14d78411e281493f0a15786a1a05dc9a6531372e124f02ca87afada2af0,True,0.13877704649303377,0.04198194207278749,0.14626408951402164,8.200000000000001,0,82,0,0.038699335824170615,0.020368181263353113,0.024740669635596974,0.04972425475716591,"[0.04674898460507393, 0.05269952490925789]",0.5495566725730896,0.4289230704307556,0.12063360214233398,53.77320098876953,0.7068750262260437,0.13735494017601013,3.75,0.007354069501161575,0.34375,3.75,0.008195530623197556,0.34375,2.5,10.0,-0.005912855267524719,0.35000000000000003,27.5,-0.027832530438899994,1.5375,6.799375375034288,apiaviz/output/frontend-refinements/20260929T030605.348130Z-64772
10,2,19,balanced_linear,ant-10-seed-19-balanced_linear.json,90c7bc151bb4c21cb77c3db8ca9da6d86fe78d0268b4bd8317676a9e68a0736c,True,0.18498842342529476,0.03524915977287825,0.12988960818907358,8.200000000000001,0,82,0,0.031686171416314184,0.01719857504303382,0.018052589396057195,0.05145664140582085,"[0.050213754177093506, 0.05269952490925789]",0.49143606424331665,0.3873518705368042,0.10408419370651245,59.52029800415039,0.7712500095367432,0.1314503699541092,3.75,-0.0003920160233974457,0.34375,3.75,-0.0003758631646633148,0.34375,0.5,15.0,-0.008471541106700897,0.8625,27.5,-0.027832530438899994,1.5375,7.463358666980639,apiaviz/output/frontend-refinements/20260929T030605.348130Z-64772
10,2,31,apiaviz,ant-10-seed-31-apiaviz.json,07e0f2197c40fad6fdd8ff97c61a3e1f1a7da55fb1a40cc48e214d111ae7d41e,True,0.14737908007391362,0.079990204880326,0.23232870682995502,8.5,0,85,0,0.07757756338910274,0.022539570650154633,0.06529656629843154,0.04989955946803093,"[0.04528319835662842, 0.05451592057943344]",0.5591514706611633,0.44189223647117615,0.11725923418998718,52.97728729248047,0.687250018119812,0.13986720144748688,5.0,0.02391166239976883,0.40625,5.0,0.023245781660079956,0.4375,4.5,13.75,-0.005583956837654114,0.35000000000000003,35.0,-0.02074410766363144,1.525,6.736625833902508,apiaviz/output/frontend-refinements/20260929T030605.348130Z-64772
10,2,31,sobel_colour,ant-10-seed-31-sobel_colour.json,e2d992543ae49db526db3e16f37b0eef01852125ae21afa72fe3e9469df599ce,True,0.14944467536045872,0.06307259020732622,0.18750557930841852,8.4,0,84,0,0.05789991123362855,0.052156950076902776,0.05293133952650424,0.05153590813279152,"[0.049667343497276306, 0.05340447276830673]",0.5360119938850403,0.4136403501033783,0.12237164378166199,56.765785217285156,0.7012500166893005,0.13615679740905762,5.0,0.01179588958621025,0.28125,5.0,0.01179588958621025,0.28125,0.25,10.0,0.01956227421760559,0.23750000000000002,27.5,-0.03480488061904907,1.55,6.720877791987732,apiaviz/output/frontend-refinements/20260929T030605.348130Z-64772
10,2,31,unit_dc,ant-10-seed-31-unit_dc.json,321afade8639e99cb7790409fbe8383e1c457505713a2fb82c997c647b39a03b,False,5.890918369840625,1.3213576339687956,3.8142956980185643,20.0,0,200,0,1.320524433474756,0.19978496495470174,0.7252567364107166,0.050858739763498306,"[0.04720155894756317, 0.05451592057943344]",0.5133779048919678,0.4065426290035248,0.106835275888443,57.11838150024414,0.7553750276565552,0.13397903740406036,12.5,0.00021270662546157837,0.34375,5.0,0.0007006600499153137,0.3125,5.5,20.0,-0.02433127909898758,0.42500000000000004,35.0,-0.02074410766363144,1.525,12.879151499830186,apiaviz/output/frontend-refinements/20260929T030605.348130Z-64772
10,2,31,balanced_form,ant-10-seed-31-balanced_form.json,6111018020ce2c505c153b7a991960c6d846f51c5b489f0fa1c33fcd0cdf4a4a,False,5.271342767170079,1.0705426110366967,5.267463300402701,20.0,0,200,0,1.068070479660687,0.05945310747235445,0.22252956160884707,0.05107283219695091,"[0.047629743814468384, 0.05451592057943344]",0.5060082674026489,0.4006626605987549,0.10534560680389404,57.587646484375,0.7580000162124634,0.1332220733165741,7.5,0.005067795515060425,0.34375,8.75,0.0015040375292301178,0.3125,5.25,10.0,-0.0022397562861442566,0.28750000000000003,35.0,-0.02074410766363144,1.525,14.252178583061323,apiaviz/output/frontend-refinements/20260929T030605.348130Z-64772
10,2,31,oriented_form,ant-10-seed-31-oriented_form.json,c7f322bc004af9130f151a2df69fd989598b33be0a214076cfd6ddfc64d5d200,True,0.1105320163409787,0.017267205093916757,0.045721845335093506,8.1,0,81,0,0.015185609049593426,0.009888630297425165,0.014741967436922257,0.05205504596233368,"[0.049594175070524216, 0.05451592057943344]",0.5386749505996704,0.42113974690437317,0.11753520369529724,55.59211349487305,0.7288749814033508,0.13834325969219208,3.75,0.012979809194803238,0.40625,3.75,0.013578575104475021,0.3125,7.25,10.0,-0.00685187429189682,0.0625,35.0,-0.02074410766363144,1.525,8.22188024991192,apiaviz/output/frontend-refinements/20260929T030605.348130Z-64772
10,2,31,linear_colour,ant-10-seed-31-linear_colour.json,1324cc60a540796890b78c1ee73b4b807f03c9276d7e0968861462e456cab8fe,True,0.1957028692639094,0.02986525298595128,0.09879233992260499,8.1,0,81,0,0.027792328869380423,0.009888630297425165,0.017222768356385653,0.04961094260215759,"[0.04528319835662842, 0.05393868684768677]",0.5579691529273987,0.43680500984191895,0.12116414308547974,52.53605651855469,0.6936249732971191,0.13854973018169403,2.5,0.0230894535779953,0.375,2.5,0.023786529898643494,0.375,1.0,13.75,-0.005583956837654114,0.35000000000000003,28.75,-0.018060535192489624,1.6625,5.900782332988456,apiaviz/output/frontend-refinements/20260929T030605.348130Z-64772
10,2,31,balanced_linear,ant-10-seed-31-balanced_linear.json,ff641fcdf70bfad39d1d121572df642459d1afd5d0c5ad7ec52a2f5ed2136d40,True,0.134898801371797,0.019950982061757105,0.06872636791019945,8.1,0,81,0,0.016896032854703393,0.009888630297425165,0.017222768356385653,0.050784215331077576,"[0.047629743814468384, 0.05393868684768677]",0.5051974654197693,0.39573684334754944,0.10946062207221985,57.144371032714844,0.7643749713897705,0.131840780377388,6.25,0.0008737482130527496,0.34375,6.25,-0.0003734081983566284,0.34375,0.0,10.0,-0.0022397562861442566,0.28750000000000003,28.75,-0.018060535192489624,1.6625,5.4695362909697,apiaviz/output/frontend-refinements/20260929T030605.348130Z-64772
10,2,43,apiaviz,ant-10-seed-43-apiaviz.json,3ba53963ae6143504d6743f7a3d02010e3c9117cda741616f4719986659770d9,True,0.19902298948831382,0.031205847238177053,0.10073288224898211,8.0,0,80,0,0.028697576417253578,0.009888630297425165,0.013827670915122579,0.04863211512565613,"[0.044903792440891266, 0.05236043408513069]",0.5669832825660706,0.4424421191215515,0.12454116344451904,53.28525161743164,0.6976249814033508,0.1379609853029251,11.25,-0.0007776245474815369,0.375,11.25,0.0011305399239063263,0.40625,2.25,10.0,-0.008775174617767334,0.575,25.0,-0.02908867597579956,1.5125,5.300579000031576,apiaviz/output/frontend-refinements/20260929T030605.348130Z-64772
10,2,43,sobel_colour,ant-10-seed-43-sobel_colour.json,f04a1e35eeb6012e2de767f5644c9de9b5aac7308b8aa18a93190cc7debe2188,True,0.19602530612031463,0.019084504025705322,0.08897251200615855,8.1,0,81,0,0.01482340376752488,0.014845524597167127,0.01246987883382773,0.052144140005111694,"[0.051001694053411484, 0.053286585956811905]",0.5322321653366089,0.4092545211315155,0.12297764420509338,57.27594757080078,0.6928750276565552,0.13653431832790375,12.5,-0.0018212832510471344,0.28125,12.5,-0.0018212832510471344,0.28125,0.0,17.5,-0.017275109887123108,0.7000000000000001,32.5,-0.03205385059118271,1.55,6.830472874920815,apiaviz/output/frontend-refinements/20260929T030605.348130Z-64772
10,2,43,unit_dc,ant-10-seed-43-unit_dc.json,ccc1b56ba211b2454256fd99b894c4dace58c93171252de0884d8ea09852b75c,True,0.13962509928928044,0.021086469060718056,0.06602738421721176,8.1,0,81,0,0.019217859843629767,0.009888630297425165,0.014673315608376772,0.05024119094014168,"[0.04812195152044296, 0.05236043408513069]",0.508291482925415,0.39788052439689636,0.11041095852851868,57.74837875366211,0.7534999847412109,0.13213764131069183,5.0,0.0030953846871852875,0.375,5.0,0.005970347672700882,0.4375,5.25,18.75,-0.011673972010612488,1.1125,25.0,-0.02908867597579956,1.5125,6.338611625134945,apiaviz/output/frontend-refinements/20260929T030605.348130Z-64772
10,2,43,balanced_form,ant-10-seed-43-balanced_form.json,5665aa5fafc2f5dab75cdab8d6ef1879b1d6054bf4915f2347efe40723a04032,True,0.14293146487140396,0.01954048998515663,0.0624411161382869,8.1,0,81,0,0.016992193996098564,0.009888630297425165,0.017222768356385653,0.05029607191681862,"[0.04823170602321625, 0.05236043408513069]",0.5038327574729919,0.3933401107788086,0.11049264669418335,58.50603485107422,0.7536249756813049,0.1311161369085312,5.0,0.00937407836318016,0.375,5.0,0.008362602442502975,0.4375,5.25,15.0,-0.017234697937965393,0.5125000000000001,25.0,-0.02908867597579956,1.5125,5.299663792131469,apiaviz/output/frontend-refinements/20260929T030605.348130Z-64772
10,2,43,oriented_form,ant-10-seed-43-oriented_form.json,d99ac27a02cb410302658e627c6c8fe8319ff3387d59341b7fb4e35b61684f74,True,0.18044378993811486,0.02759776621988592,0.09343455050092582,8.1,0,81,0,0.025430695808272206,0.009888630297425165,0.017222768356385653,0.05179454758763313,"[0.051228657364845276, 0.05236043408513069]",0.5332418084144592,0.41432422399520874,0.11891758441925049,56.58340835571289,0.7289999723434448,0.13678011298179626,5.0,0.008083533495664597,0.40625,6.25,0.0064236558973789215,0.4375,3.0,21.25,-0.008860036730766296,0.1625,25.0,-0.02908867597579956,1.5125,6.82099683303386,apiaviz/output/frontend-refinements/20260929T030605.348130Z-64772
10,2,43,linear_colour,ant-10-seed-43-linear_colour.json,f86aed8a7544947bdb15578e58f5655870831a93e69817fea2c3ec2567bd40aa,True,0.18768219293021143,0.025267104008295335,0.0970376906964228,8.1,0,81,0,0.020622921629956666,0.009888630297425165,0.013769101457421086,0.048376183956861496,"[0.044903792440891266, 0.051848575472831726]",0.563767671585083,0.43870025873184204,0.12506741285324097,52.979434967041016,0.7066249847412109,0.1369832307100296,6.25,-0.003414161503314972,0.40625,7.5,-0.003858797252178192,0.40625,0.75,10.0,-0.008775174617767334,0.575,17.5,-0.02865271270275116,0.5625,5.5053700839634985,apiaviz/output/frontend-refinements/20260929T030605.348130Z-64772
10,2,43,balanced_linear,ant-10-seed-43-balanced_linear.json,5b276d019e1515ad73280e4ef50df51e92d2ceb875e76570512e9446e4ef756b,True,0.1347188805117396,0.019498393519573075,0.052817220809178445,8.1,0,81,0,0.015124356118291668,0.009888630297425165,0.017222768356385653,0.05004014074802399,"[0.04823170602321625, 0.051848575472831726]",0.5002420544624329,0.38963136076927185,0.11061069369316101,58.04587936401367,0.762624979019165,0.13009022176265717,12.5,0.003216218203306198,0.46875,5.0,0.005155771970748901,0.46875,1.5,15.0,-0.017234697937965393,0.5125000000000001,17.5,-0.02865271270275116,0.5625,5.9384809581097215,apiaviz/output/frontend-refinements/20260929T030605.348130Z-64772
10,2,59,apiaviz,ant-10-seed-59-apiaviz.json,dc9ebb1fa73f1d77010d3c4202604ca6d8247f6d90339b4579595207a241508b,True,0.1065960682925189,0.024204471233028112,0.05967615280429841,8.1,0,81,0,0.019033781491003356,0.017329618103454358,0.024015037527099953,0.04945359006524086,"[0.045942071825265884, 0.052965108305215836]",0.5539970397949219,0.4317965507507324,0.12220048904418945,54.291954040527344,0.6991249918937683,0.13690218329429626,3.75,0.023477695882320404,0.28125,3.75,0.021329153329133987,0.28125,1.25,20.0,0.0024764984846115112,0.7125,23.75,-0.016959019005298615,0.85,6.077733708079904,apiaviz/output/frontend-refinements/20260929T030605.348130Z-64772
10,2,59,sobel_colour,ant-10-seed-59-sobel_colour.json,6df15a65b63758a8a675f80273c8805c1a9e7f2feceb5597829dcbd340fd8b35,True,0.13569401023976152,0.029262918954082135,0.06315102959581219,8.1,0,81,0,0.025211187007734708,0.017329618103454358,0.032936678900372246,0.0500497967004776,"[0.0473712719976902, 0.052728321403265]",0.5257799625396729,0.40422314405441284,0.12155681848526001,57.68953323364258,0.6911249756813049,0.13319778442382812,5.0,0.00915064662694931,0.25,5.0,0.00915064662694931,0.25,0.0,15.0,0.009444810450077057,0.7125,21.25,-0.037475503981113434,1.5125,5.5598521661013365,apiaviz/output/frontend-refinements/20260929T030605.348130Z-64772
10,2,59,unit_dc,ant-10-seed-59-unit_dc.json,36cf4819340711399a069d5aa8d4a7c3b57871a373a1391fa7603e0f975a8c94,True,0.17572204287062454,0.17581706973689754,0.7381060241399207,15.0,0,150,0,0.17404062608988757,0.10725209298153755,0.12115168041238336,0.051002711057662964,"[0.049040310084819794, 0.052965108305215836]",0.5056795477867126,0.39870530366897583,0.10697424411773682,58.5627555847168,0.7671250104904175,0.13214895129203796,3.75,0.018292315304279327,0.3125,5.0,0.014808498322963715,0.375,5.0,15.0,-0.001271769404411316,0.48750000000000004,23.75,-0.016959019005298615,0.85,9.261849791975692,apiaviz/output/frontend-refinements/20260929T030605.348130Z-64772
10,2,59,balanced_form,ant-10-seed-59-balanced_form.json,1dd884995268793117299a0e6f94b9480f301a28d3d3cd87f344a7825bc386d6,True,0.19546767446796068,0.2076080309706235,0.8022607970419043,13.0,0,130,0,0.20507920597998439,0.0829938344420107,0.0747502518435246,0.05100999400019646,"[0.04905487969517708, 0.052965108305215836]",0.49987128376960754,0.3941601514816284,0.10571113228797913,59.26936721801758,0.7677500247955322,0.13133881986141205,3.75,0.01468580961227417,0.25,3.75,0.011708885431289673,0.3125,6.25,21.25,-0.008578859269618988,0.4375,23.75,-0.016959019005298615,0.85,9.246984540950507,apiaviz/output/frontend-refinements/20260929T030605.348130Z-64772
10,2,59,oriented_form,ant-10-seed-59-oriented_form.json,6591fccae4ab4124a4157c829e6afbac6f8152679e22f5ff3295530f21af5ae4,True,0.1899944574062303,0.041209030801087315,0.1022369100471184,8.200000000000001,0,82,0,0.03622163912831947,0.01719857504303382,0.034689507382361026,0.05025576055049896,"[0.04754640907049179, 0.052965108305215836]",0.5403307676315308,0.4173363447189331,0.12299442291259766,56.23064041137695,0.7286249995231628,0.1357301026582718,3.75,0.027076710015535355,0.4375,3.75,0.022369101643562317,0.375,1.25,20.0,0.008700370788574219,0.45000000000000007,23.75,-0.016959019005298615,0.85,7.405148540856317,apiaviz/output/frontend-refinements/20260929T030605.348130Z-64772
10,2,59,linear_colour,ant-10-seed-59-linear_colour.json,2df288ebedd7dc31590799a8763d60f2b2c445e3b672f708161b7dc6f86c6e06,True,0.1065960682925189,0.024204471233028112,0.05967615280429841,8.1,0,81,0,0.019033781491003356,0.017329618103454358,0.024015037527099953,0.049295730888843536,"[0.045942071825265884, 0.05264938995242119]",0.5504252910614014,0.42715421319007874,0.12327107787132263,54.152366638183594,0.7036250233650208,0.1358230859041214,3.75,0.020179767161607742,0.375,3.75,0.018982794135808945,0.375,1.25,20.0,0.0024764984846115112,0.7125,18.75,-0.02288820594549179,0.8125,5.878791332943365,apiaviz/output/frontend-refinements/20260929T030605.348130Z-64772
10,2,59,balanced_linear,ant-10-seed-59-balanced_linear.json,52a0e888d605f43fbd50e35ced87942270c399eea7e4c43c66f4175fc6547ccf,True,0.1727123419917881,0.035938541114524845,0.09506199919465666,8.1,0,81,0,0.03263837723421579,0.017329618103454358,0.03435459702118059,0.05085213482379913,"[0.04905487969517708, 0.05264938995242119]",0.4963257312774658,0.3895553946495056,0.1067703366279602,59.05094909667969,0.7722499966621399,0.13021551072597504,3.75,0.013875830918550491,0.28125,3.75,0.012719113379716873,0.28125,0.5,21.25,-0.008578859269618988,0.4375,18.75,-0.02288820594549179,0.8125,5.4448147919029,apiaviz/output/frontend-refinements/20260929T030605.348130Z-64772
10,2,71,apiaviz,ant-10-seed-71-apiaviz.json,05515a45ce62da8c655406d63c6e5e08b43118bfe9bd12a9158c52b867788f75,True,0.17503160794768297,0.16408040557639206,0.5468526479279223,12.700000000000001,0,127,0,0.1618669865789675,0.1210047180663492,0.13980630612561737,0.0485801137983799,"[0.04720596224069595, 0.04995426908135414]",0.5428710579872131,0.4241003692150116,0.11877068877220154,54.46986389160156,0.6967499852180481,0.1348588615655899,3.75,0.018024031072854996,0.46875,3.75,0.01923876628279686,0.375,3.75,7.5,0.005148492753505707,0.05,36.25,-0.02140224725008011,1.8125,9.48957304097712,apiaviz/output/frontend-refinements/20260929T030605.348130Z-64772
10,2,71,sobel_colour,ant-10-seed-71-sobel_colour.json,2e1eec470253231c2d529c7749ebf83255acd3b09ea4e912d5c7df32fc0acaac,True,0.15381738980959989,0.035284713128709864,0.11820857242917658,8.1,0,81,0,0.031116555167370653,0.009888630297425165,0.017222768356385653,0.05074508860707283,"[0.05121341347694397, 0.05027676001191139]",0.5323386788368225,0.4162186086177826,0.11612007021903992,56.79338073730469,0.6917499899864197,0.13510161638259888,6.25,0.01617461070418358,0.21875,6.25,0.01617461070418358,0.21875,0.0,20.0,0.0068729594349861145,0.9125000000000001,27.5,-0.03186783194541931,1.3375,6.26520058279857,apiaviz/output/frontend-refinements/20260929T030605.348130Z-64772
10,2,71,unit_dc,ant-10-seed-71-unit_dc.json,2c43a575c02b14a0b9f8d0e8934bc4ee404e6a5545c906b301f39e9f0030723a,True,0.13211136377510824,0.12046662418726115,0.619392089946845,13.4,0,134,0,0.11457888357814218,0.011628462507149303,0.04390107858165434,0.049540143460035324,"[0.04912601783871651, 0.04995426908135414]",0.4860466420650482,0.3835633099079132,0.10248333215713501,59.612831115722656,0.7546250224113464,0.12837259471416473,7.5,0.007552281022071838,0.40625,7.5,0.012285526841878891,0.375,7.25,21.25,-0.013774536550045013,1.225,36.25,-0.02140224725008011,1.8125,8.695775124942884,apiaviz/output/frontend-refinements/20260929T030605.348130Z-64772
10,2,71,balanced_form,ant-10-seed-71-balanced_form.json,9bc980a2e32fda70ec87257e7b87a68e17e9b4273a0037d9370e1e6e2796cadd,True,0.1373198558643388,0.03871098061135529,0.13381942250686546,8.1,0,81,0,0.036861897849050244,0.009888630297425165,0.017222768356385653,0.04937195032835007,"[0.04878963530063629, 0.04995426908135414]",0.48066794872283936,0.3800249397754669,0.10064300894737244,60.01532745361328,0.7568749785423279,0.12736384570598602,7.5,0.007710929960012436,0.40625,7.5,0.011488985270261765,0.375,1.5,15.0,-0.0066751763224601746,1.3375,36.25,-0.02140224725008011,1.8125,6.341561625013128,apiaviz/output/frontend-refinements/20260929T030605.348130Z-64772
10,2,71,oriented_form,ant-10-seed-71-oriented_form.json,9e7739cf6c4f57fd9029eb6cf0034b2fad0267b761c11ed42edf4f3b11542c9b,True,0.14104764751329646,0.025530866975096943,0.07191072320210119,8.1,0,81,0,0.022638527706758588,0.009888630297425165,0.017222768356385653,0.05066243186593056,"[0.05137059465050697, 0.04995426908135414]",0.5223587155342102,0.4088161587715149,0.11354255676269531,56.98064422607422,0.7300000190734863,0.13425253331661224,7.5,0.01780851185321808,0.3125,3.75,0.021342884749174118,0.3125,2.0,21.25,-0.010784082114696503,0.4625,36.25,-0.02140224725008011,1.8125,6.045362709090114,apiaviz/output/frontend-refinements/20260929T030605.348130Z-64772
10,2,71,linear_colour,ant-10-seed-71-linear_colour.json,c6c18509bc18b43b73a35585d2740df8c9bc24230b0a8d86242989e6cacf7849,False,7.0603519871192795,0.5010433502876722,1.6703985558025887,20.0,0,200,0,0.4992640559258578,0.04120396787396784,0.2768486061732305,0.04808688908815384,"[0.04720596224069595, 0.04896781966090202]",0.5405694246292114,0.41938579082489014,0.12118363380432129,54.127506256103516,0.7018749713897705,0.13353875279426575,3.75,0.013109754770994186,0.4375,3.75,0.01089535653591156,0.40625,3.75,7.5,0.005148492753505707,0.05,20.0,-0.018049657344818115,1.3875000000000002,12.39313183305785,apiaviz/output/frontend-refinements/20260929T030605.348130Z-64772
10,2,71,balanced_linear,ant-10-seed-71-balanced_linear.json,b2720460b30feae445d378a0e57f5a53dabd83122b7e3d8991c1a650fbe66f46,True,0.15447834007554606,0.02428087592016458,0.06872636791019945,8.1,0,81,0,0.021301988820538117,0.009888630297425165,0.017222768356385653,0.04887872561812401,"[0.04878963530063629, 0.04896781966090202]",0.47820714116096497,0.3749011158943176,0.10330602526664734,59.858428955078125,0.7620000243186951,0.1259683221578598,5.0,0.0082201287150383,0.34375,5.0,0.008852250874042511,0.34375,0.0,15.0,-0.0066751763224601746,1.3375,20.0,-0.018049657344818115,1.3875000000000002,7.093616124941036,apiaviz/output/frontend-refinements/20260929T030605.348130Z-64772
12,2,19,apiaviz,ant-12-seed-19-apiaviz.json,22c04039d50c1326596ca73dcc43ee7f286b4e72c148e36361bb4345790dfb7a,True,0.170839902102042,0.031169781657714113,0.12714530893691128,7.800000000000001,0,78,0,0.030022853204324525,0.008536087687245264,0.011669178375778867,0.04978111758828163,"[0.046528831124305725, 0.05303340405225754]",0.5518040060997009,0.4127040207386017,0.13909998536109924,51.70261764526367,0.7124999761581421,0.13419289886951447,11.25,0.026184700429439545,0.34375,11.25,0.02601442113518715,0.3125,1.5,12.5,0.01624387502670288,0.38750000000000007,20.0,-0.0075751543045043945,2.275,6.975287458160892,apiaviz/output/frontend-refinements/20260929T030605.348130Z-64772
12,2,19,sobel_colour,ant-12-seed-19-sobel_colour.json,f670b140ab2edf4ace48d1ef78a0650c00c5b881c47a0cb0ae0535457b6af0b5,True,0.17451883071241808,0.06030087050727802,0.23808052881666236,8.0,0,80,0,0.05808680792272021,0.010045085502563642,0.01735596322637944,0.0499136783182621,"[0.04685618728399277, 0.052971165627241135]",0.5302086472511292,0.3999541401863098,0.13025450706481934,53.67060852050781,0.6959999799728394,0.1321823000907898,11.25,0.02379900962114334,0.40625,11.25,0.02379900962114334,0.40625,0.0,13.75,0.019686833024024963,1.5624999999999998,16.25,-0.006607353687286377,2.3375000000000004,6.132499792147428,apiaviz/output/frontend-refinements/20260929T030605.348130Z-64772
12,2,19,unit_dc,ant-12-seed-19-unit_dc.json,fddea02f0805b277e385c602a1fd1c957ec0c862cad05b3ef4ee9b93744904a3,False,2.4219224806459994,0.8905891367224887,2.9418473317623905,20.0,0,200,0,0.889669789441748,0.013875959273632917,0.7208676219608666,0.05152935907244682,"[0.05002531781792641, 0.05303340405225754]",0.5000340938568115,0.3736201524734497,0.12641394138336182,56.354270935058594,0.7804999947547913,0.12898406386375427,11.25,0.01411595568060875,0.34375,13.75,0.012786060571670532,0.3125,4.25,13.75,0.0030604004859924316,0.4,20.0,-0.0075751543045043945,2.275,11.716680709039792,apiaviz/output/frontend-refinements/20260929T030605.348130Z-64772
12,2,19,balanced_form,ant-12-seed-19-balanced_form.json,3ffb47d7a28388ac90ea85d3c74fcbf88cc0738ce56a2e63e833b951c71b79a2,True,0.1319505621722805,0.02989449641061965,0.08591086132944324,7.800000000000001,0,78,0,0.027934214558490565,0.013875959273632917,0.024737765011739354,0.05122644081711769,"[0.04941948130726814, 0.05303340405225754]",0.4932089149951935,0.3702588975429535,0.12295001745223999,56.86692810058594,0.7792500257492065,0.12765280902385712,13.75,0.0221952423453331,0.3125,13.75,0.01974312588572502,0.3125,4.75,15.0,0.0017123669385910034,0.7999999999999999,20.0,-0.0075751543045043945,2.275,6.647425249917433,apiaviz/output/frontend-refinements/20260929T030605.348130Z-64772
12,2,19,oriented_form,ant-12-seed-19-oriented_form.json,c979fe2711be2ffc728570275a38287453f62b495dbcb0ebde4c1c6ec3b448be,True,0.16281300485700934,0.03455834923013497,0.2109716343131371,7.800000000000001,0,78,0,0.03169023744420775,0.00923280275659396,0.015067200073530167,0.05051318556070328,"[0.04799296706914902, 0.05303340405225754]",0.5274229049682617,0.39707884192466736,0.13034406304359436,53.6985969543457,0.7319999933242798,0.13184526562690735,11.25,0.022040195763111115,0.34375,11.25,0.01938718929886818,0.40625,6.0,12.5,0.002188161015510559,0.22500000000000003,20.0,-0.0075751543045043945,2.275,6.658989832969382,apiaviz/output/frontend-refinements/20260929T030605.348130Z-64772
12,2,19,linear_colour,ant-12-seed-19-linear_colour.json,d668433ffd393020d9bf6dfd92a88c4de81467726f3e806672f48278e4aad94a,True,0.14795117957384268,0.027023276912482627,0.11068217539335212,7.800000000000001,0,78,0,0.025812137173709483,0.008536087687245264,0.011669178375778867,0.049696728587150574,"[0.046528831124305725, 0.05286462604999542]",0.5474636554718018,0.40782076120376587,0.1396428942680359,51.57633972167969,0.7203750014305115,0.13342027366161346,11.25,0.02531442418694496,0.3125,11.25,0.025660168379545212,0.34375,2.5,12.5,0.01624387502670288,0.38750000000000007,26.25,-0.010592430830001831,3.125,6.0877959579229355,apiaviz/output/frontend-refinements/20260929T030605.348130Z-64772
12,2,19,balanced_linear,ant-12-seed-19-balanced_linear.json,0cc0c6ad8d3c3fd26feab8632470e01ab5f20f21dc0d6dc5a0c39001ddda2187,True,0.1853345831650652,0.07203054078833679,0.3225732785921924,8.1,0,81,0,0.06858495842596331,0.01007810949627822,0.021121202452015684,0.05114205181598663,"[0.04941948130726814, 0.05286462604999542]",0.4888404309749603,0.36533015966415405,0.12351027131080627,56.753849029541016,0.7871249914169312,0.12684132158756256,13.75,0.017826229333877563,0.375,13.75,0.016311325132846832,0.375,0.5,15.0,0.0017123669385910034,0.7999999999999999,26.25,-0.010592430830001831,3.125,6.541627875063568,apiaviz/output/frontend-refinements/20260929T030605.348130Z-64772
12,2,31,apiaviz,ant-12-seed-31-apiaviz.json,48b8be156096f57127c588b241f4e27d5ec1ccf6d659dec37f2010e75c8952b8,True,0.10805352712949463,0.02035616597439351,0.053054588512059186,7.800000000000001,0,78,0,0.018408110833114097,0.012482953813633933,0.01678572020221033,0.049601443111896515,"[0.04513748362660408, 0.05406540259718895]",0.5577349662780762,0.41930538415908813,0.13842958211898804,50.12800979614258,0.7071250081062317,0.13548243045806885,15.0,0.016274292021989822,0.40625,21.25,0.013919655233621597,0.40625,5.25,13.75,0.01801762729883194,0.425,30.0,-0.008628182113170624,1.6875,6.16550708306022,apiaviz/output/frontend-refinements/20260929T030605.348130Z-64772
12,2,31,sobel_colour,ant-12-seed-31-sobel_colour.json,a90c40dbc05de8cdad1dd8a35f5ccb51aeeb049041fc291283748eb9553e0c31,True,0.15065051328092802,0.5821738372404124,1.4795447247389477,20.0,0,200,0,0.5814971405120067,0.011787978618957173,0.4251053356194553,0.05138343945145607,"[0.04999788850545883, 0.05276898667216301]",0.5345013737678528,0.3937545418739319,0.1407468318939209,51.61424255371094,0.7066249847412109,0.13269004225730896,12.5,0.032542310655117035,0.375,12.5,0.032542310655117035,0.375,0.0,7.5,0.032385796308517456,0.0625,23.75,-0.01261749118566513,1.9375,12.7964972499758,apiaviz/output/frontend-refinements/20260929T030605.348130Z-64772
12,2,31,unit_dc,ant-12-seed-31-unit_dc.json,2a8b0cf1d8a295e9f707f48e1af1289c3ac5579d0fdf0ef0842d953aed9b501b,False,8.992667399211195,3.2224780029649844,7.726025265822127,20.0,0,200,0,3.2223398040652835,0.5701015551540324,2.224457618661523,0.050557490438222885,"[0.04704957827925682, 0.05406540259718895]",0.5054234266281128,0.382038950920105,0.12338447570800781,55.06660842895508,0.7728750109672546,0.12941806018352509,20.0,0.009903009980916977,0.34375,13.75,0.010700087994337082,0.375,5.75,20.0,-0.009162746369838715,0.675,30.0,-0.008628182113170624,1.6875,13.162187583046034,apiaviz/output/frontend-refinements/20260929T030605.348130Z-64772
12,2,31,balanced_form,ant-12-seed-31-balanced_form.json,655d64e05f0a000332b978ab50121c86a82f83e24b018d68ecbcec432763504c,False,3.162935258834758,0.39047970033040913,1.2587005701699838,20.0,0,200,0,0.3881445585167458,0.2686488869913839,0.2174899619833713,0.0507044643163681,"[0.047343529760837555, 0.05406540259718895]",0.4966529905796051,0.37613874673843384,0.12051424384117126,55.71363830566406,0.7761250138282776,0.12851271033287048,17.5,0.01639757677912712,0.3125,17.5,0.018365032970905304,0.375,2.5,16.25,-0.0030790120363235474,0.375,30.0,-0.008628182113170624,1.6875,13.039292207919061,apiaviz/output/frontend-refinements/20260929T030605.348130Z-64772
12,2,31,oriented_form,ant-12-seed-31-oriented_form.json,90b230254cac8012a8b59fff54a0aa6233d8095904fc88226ba357c86e0d821b,True,0.1576934557045402,0.05543911092313746,0.13290466240433146,7.9,0,79,0,0.051814084679728825,0.045444657959831734,0.04026436019926104,0.05188765749335289,"[0.04970991611480713, 0.05406540259718895]",0.5310547947883606,0.3928137719631195,0.1382410228252411,53.46723175048828,0.7451249957084656,0.13390861451625824,12.5,0.017986133694648743,0.375,15.0,0.019994359463453293,0.375,2.75,12.5,0.013908840715885162,0.375,30.0,-0.008628182113170624,1.6875,7.340381833026186,apiaviz/output/frontend-refinements/20260929T030605.348130Z-64772
12,2,31,linear_colour,ant-12-seed-31-linear_colour.json,49be3b73ff42a5b824b0a4ddb199c7927e0dfd42acb04134bc6848755fc969c8,True,0.10805352712949463,0.020374776577014482,0.053054588512059186,7.800000000000001,0,78,0,0.018401110237058264,0.012472032883786828,0.016706309124611428,0.049283578991889954,"[0.04513748362660408, 0.053429678082466125]",0.5521959066390991,0.4138099253177643,0.13838598132133484,50.044795989990234,0.7113749980926514,0.13405978679656982,12.5,0.02015851065516472,0.34375,11.25,0.019830849021673203,0.34375,4.25,13.75,0.01801762729883194,0.425,27.5,-0.012699663639068604,1.85,7.171904708025977,apiaviz/output/frontend-refinements/20260929T030605.348130Z-64772
12,2,31,balanced_linear,ant-12-seed-31-balanced_linear.json,1d2b2ef5347b784e7f5a7f9728748334ca5a9031069882ebf12ee7b5c3ce89d5,True,0.16497142233576484,0.05336659418901992,0.3707456527915337,8.0,0,80,0,0.050117292526994296,0.012123463009763278,0.017301727295119137,0.05038660392165184,"[0.047343529760837555, 0.053429678082466125]",0.49033263325691223,0.37005680799484253,0.1202758252620697,55.68330383300781,0.7803750038146973,0.12701480090618134,17.5,0.015919256955385208,0.34375,17.5,0.01659739390015602,0.375,0.5,16.25,-0.0030790120363235474,0.375,27.5,-0.012699663639068604,1.85,5.728779583005235,apiaviz/output/frontend-refinements/20260929T030605.348130Z-64772
12,2,43,apiaviz,ant-12-seed-43-apiaviz.json,e9b0fecd1f9560dae46e46a08fe302f296fd42e0b40a9f212d0b6796e14e2765,True,0.12097455370333052,0.015798987979801917,0.04931081044335669,7.800000000000001,0,78,0,0.01017166137143701,0.007381313539121613,0.013382764715144529,0.04828815162181854,"[0.04473910108208656, 0.05183720216155052]",0.5592248439788818,0.42225438356399536,0.13697046041488647,50.06427764892578,0.7043750286102295,0.13347916305065155,12.5,0.02608020231127739,0.375,11.25,0.025478333234786987,0.4375,4.25,13.75,0.01014852523803711,0.85,15.0,0.002001546323299408,1.8875,5.528174125123769,apiaviz/output/frontend-refinements/20260929T030605.348130Z-64772
12,2,43,sobel_colour,ant-12-seed-43-sobel_colour.json,f289ef8cb8e8cde62438444072b65929bd133edf139a6f2566fc7e9b631c99d8,True,0.10741786888517799,0.014554605813257635,0.05148210547001523,7.800000000000001,0,78,0,0.013680154387204636,0.010626514469820316,0.01166634738054827,0.051773734390735626,"[0.05075492337346077, 0.05279254540801048]",0.5301171541213989,0.39216333627700806,0.13795381784439087,52.341495513916016,0.703000009059906,0.13326700031757355,8.75,0.028543293476104736,0.34375,8.75,0.028362877666950226,0.34375,0.0,10.0,0.04080934077501297,0.45000000000000007,22.5,-0.015848666429519653,2.9000000000000004,6.152267500059679,apiaviz/output/frontend-refinements/20260929T030605.348130Z-64772
12,2,43,unit_dc,ant-12-seed-43-unit_dc.json,5c003b7934cae6298e456b5eef6aa9d23c302fcb11303284e0660e80ec75fb3f,True,0.10401637095735916,0.028804871553188113,0.1546458178530374,7.9,0,79,0,0.02677818152352927,0.03654210523278192,0.011525435319792943,0.050097573548555374,"[0.048357944935560226, 0.05183720216155052]",0.5017010569572449,0.380819708108902,0.1208813488483429,55.68647766113281,0.7697499990463257,0.12790721654891968,11.25,0.013883169740438461,0.40625,12.5,0.013073299080133438,0.40625,5.25,15.0,-0.005932502448558807,0.7750000000000001,15.0,0.002001546323299408,1.8875,6.787820165976882,apiaviz/output/frontend-refinements/20260929T030605.348130Z-64772
12,2,43,balanced_form,ant-12-seed-43-balanced_form.json,f14e2c7a5b2fc30b99c2fe3a437a39eb5c075a5cd83edf2867cf0d4f264cfddf,True,0.1877157200355213,0.02682001181369449,0.05549321284581141,7.7,0,77,0,0.02479548913926993,0.02625969321599711,0.028335116295803726,0.050262659788131714,"[0.04868811368942261, 0.05183720216155052]",0.493817538022995,0.37513837218284607,0.11867916584014893,56.17728042602539,0.7714999914169312,0.12686817348003387,15.0,0.018107466399669647,0.40625,15.0,0.018901575356721878,0.375,2.5,16.25,-0.007675454020500183,0.75,15.0,0.002001546323299408,1.8875,5.802336083026603,apiaviz/output/frontend-refinements/20260929T030605.348130Z-64772
12,2,43,oriented_form,ant-12-seed-43-oriented_form.json,ce2cc99a65b1cb3d56ced8afb8f557cb53436a0460d8b381becb40b40a937cfe,True,0.12256867384734478,0.017607124497581225,0.040629930139318204,7.800000000000001,0,78,0,0.01231523412140876,0.011792395690131387,0.017289125801050957,0.05132085084915161,"[0.0508044995367527, 0.05183720216155052]",0.5241951942443848,0.3934556841850281,0.1307395100593567,53.67873001098633,0.7388749718666077,0.13198430836200714,11.25,0.019948672503232956,0.375,12.5,0.022293642163276672,0.34375,2.0,16.25,-0.003413662314414978,1.0125,15.0,0.002001546323299408,1.8875,7.257616624934599,apiaviz/output/frontend-refinements/20260929T030605.348130Z-64772
12,2,43,linear_colour,ant-12-seed-43-linear_colour.json,f35be317bee1bbd0222b8bb98eab33ddfa9dcac74e2a35a57f0539651e226271,False,2.5302931072222483,0.4767887797153067,1.5173354681304239,20.0,0,200,0,0.47580955840743167,0.017678001435760652,0.404180412085422,0.047976791858673096,"[0.04473910108208656, 0.05121448636054993]",0.5568379163742065,0.41849589347839355,0.138342022895813,49.426570892333984,0.7116249799728394,0.13231880962848663,12.5,0.024083450436592102,0.375,12.5,0.02390793338418007,0.40625,1.75,13.75,0.01014852523803711,0.85,15.0,5.129724740982056e-05,2.3625,12.275429959176108,apiaviz/output/frontend-refinements/20260929T030605.348130Z-64772
12,2,43,balanced_linear,ant-12-seed-43-balanced_linear.json,aa9abddaae3d4c3e423579a47b0a7af5842450632e9c264f7e581f108199d142,True,0.10763771112402605,0.022393494859520795,0.05492171017508203,7.800000000000001,0,78,0,0.02071779966184572,0.02625969321599711,0.014139808510409564,0.04995130002498627,"[0.04868811368942261, 0.05121448636054993]",0.4910207986831665,0.3710545301437378,0.11996626853942871,55.587181091308594,0.7787500023841858,0.12565167248249054,15.0,0.019198860973119736,0.3125,13.75,0.018804065883159637,0.34375,1.25,16.25,-0.007675454020500183,0.75,15.0,5.129724740982056e-05,2.3625,7.068948458880186,apiaviz/output/frontend-refinements/20260929T030605.348130Z-64772
12,2,59,apiaviz,ant-12-seed-59-apiaviz.json,3e4e6735a23ada1dbf13befa74a134e5f530484fc36141e9f17af20bb774b42a,True,0.1450485746401664,0.0845993491326164,0.17726613339789826,7.9,0,79,0,0.07899747275028969,0.08078694992167755,0.08976421146967607,0.049640823155641556,"[0.04643319174647331, 0.0528484545648098]",0.5490414500236511,0.4125223159790039,0.13651913404464722,51.130680084228516,0.7046250104904175,0.13352268934249878,11.25,0.02288791909813881,0.46875,11.25,0.025513742119073868,0.46875,2.5,12.5,0.01943037658929825,0.38750000000000007,15.0,-0.0040159523487091064,1.9749999999999999,6.693408250110224,apiaviz/output/frontend-refinements/20260929T030605.348130Z-64772
12,2,59,sobel_colour,ant-12-seed-59-sobel_colour.json,68e1df6068b5b32309ceeb070c3133eb34dfe656df719cdfed4cba0ab2490418,True,0.14750712124228527,0.05096437385226815,0.13509852589687205,7.800000000000001,0,78,0,0.049162352812632794,0.02812276235736606,0.03842011379981168,0.049785513430833817,"[0.046882208436727524, 0.05268881842494011]",0.5278356671333313,0.3896128237247467,0.1382228434085846,52.90605926513672,0.7020000219345093,0.12961414456367493,16.25,0.009135585278272629,0.375,16.25,0.009135585278272629,0.375,0.0,7.5,0.004647441208362579,0.8374999999999999,25.0,-0.013643138110637665,2.8875,6.457553499843925,apiaviz/output/frontend-refinements/20260929T030605.348130Z-64772
12,2,59,unit_dc,ant-12-seed-59-unit_dc.json,e316b0c0aaa9cfa0f2a9e0988aaf802daec33ef917c6109c6efe6ebe4bb7c0bb,True,0.19439488467605925,0.4504748402269961,1.6841074807288041,18.2,0,182,0,0.44850117360811786,0.06044269309071616,0.26256649414541655,0.05081610381603241,"[0.04878375679254532, 0.0528484545648098]",0.4987615942955017,0.3785023093223572,0.12025928497314453,56.74140548706055,0.7778750061988831,0.12803876399993896,12.5,0.01385577768087387,0.34375,12.5,0.013072233647108078,0.40625,1.5,8.75,-0.005833685398101807,0.1,15.0,-0.0040159523487091064,1.9749999999999999,11.050390542019159,apiaviz/output/frontend-refinements/20260929T030605.348130Z-64772
12,2,59,balanced_form,ant-12-seed-59-balanced_form.json,331cc6a922ec64375667c5c6cc7d678d52a3145879f89f6013361471eb2423f4,True,0.12607825729290262,0.030567632529802363,0.08186250208752034,7.800000000000001,0,78,0,0.029640345399841454,0.018832661693809052,0.027546314344495018,0.05075720697641373,"[0.04866596311330795, 0.0528484545648098]",0.4908144176006317,0.37370944023132324,0.11710497736930847,57.20075225830078,0.7778750061988831,0.12700147926807404,12.5,0.01070941612124443,0.4375,12.5,0.010726876556873322,0.40625,1.25,10.0,-0.006166510283946991,0.1,15.0,-0.0040159523487091064,1.9749999999999999,6.79736675019376,apiaviz/output/frontend-refinements/20260929T030605.348130Z-64772
12,2,59,oriented_form,ant-12-seed-59-oriented_form.json,b7cf5ed458757aca5bfec8a9c13a2c963d39c978622dac528ce9ba648e56e3cb,True,0.15138266157506353,0.07784422909036492,0.14192343528808662,7.800000000000001,0,78,0,0.07476155333264196,0.061591619936556166,0.0734880698480388,0.05032981559634209,"[0.04781118035316467, 0.0528484545648098]",0.5310059785842896,0.3989596366882324,0.13204634189605713,54.14829635620117,0.7390000224113464,0.13180415332317352,12.5,0.01803039386868477,0.375,12.5,0.020313724875450134,0.375,0.75,13.75,0.007383786141872406,0.22500000000000003,15.0,-0.0040159523487091064,1.9749999999999999,6.942832458997145,apiaviz/output/frontend-refinements/20260929T030605.348130Z-64772
12,2,59,linear_colour,ant-12-seed-59-linear_colour.json,404e2e61d8cd0adc3a9b3a4a65a48f90f08545da4c0b7341f407eabffea3aa4e,True,0.1978386791964678,0.2602524341837813,0.8469624709412441,14.9,0,149,0,0.2568424707674885,0.33088563393877324,0.2138273681108609,0.049463607370853424,"[0.04643319174647331, 0.052494022995233536]",0.5446577072143555,0.40695613622665405,0.13770157098770142,51.06351852416992,0.7112500071525574,0.13239841163158417,12.5,0.027185145765542984,0.5,12.5,0.027902726083993912,0.5,1.75,12.5,0.01943037658929825,0.38750000000000007,15.0,-0.004561282694339752,1.9625,10.549177417065948,apiaviz/output/frontend-refinements/20260929T030605.348130Z-64772
12,2,59,balanced_linear,ant-12-seed-59-balanced_linear.json,46159a0349b7e34d6ec61a4aadea2ac4012c08a7497536f4544af95fea59a98f,True,0.1299271922537575,0.032694111346485415,0.08698720212920315,7.800000000000001,0,78,0,0.03157451444590867,0.01769899280969086,0.03453333711392564,0.050579991191625595,"[0.04866596311330795, 0.052494022995233536]",0.48637762665748596,0.36810359358787537,0.1182740330696106,57.09527587890625,0.784500002861023,0.12582051753997803,12.5,0.008864790201187134,0.46875,12.5,0.009413477033376694,0.4375,1.0,10.0,-0.006166510283946991,0.1,15.0,-0.004561282694339752,1.9625,6.743300875183195,apiaviz/output/frontend-refinements/20260929T030605.348130Z-64772
12,2,71,apiaviz,ant-12-seed-71-apiaviz.json,f9b89bc4329c46b78278ac6457be1b28480593346784133af1f0114b7ebae2a1,True,0.13538798105436495,0.028275088583742385,0.08768214052668404,7.800000000000001,0,78,0,0.024746137883405805,0.010529472480255857,0.020049298629830813,0.04813484475016594,"[0.04661427438259125, 0.04965541511774063]",0.5480230450630188,0.4087948203086853,0.1392282247543335,50.863792419433594,0.706375002861023,0.1311887502670288,10.0,0.03157944977283478,0.34375,10.0,0.02728736400604248,0.375,7.0,13.75,0.030577056109905243,0.22500000000000003,28.75,0.00376177579164505,1.875,6.006097625009716,apiaviz/output/frontend-refinements/20260929T030605.348130Z-64772
12,2,71,sobel_colour,ant-12-seed-71-sobel_colour.json,1e7c05b4c59ba3b0ae360acdd7582a84e592673874d63dcc8fed1893edf66980,True,0.14101875109902365,0.03318696128669949,0.09810377816398676,7.800000000000001,0,78,0,0.03180000900573801,0.016935796341636236,0.02625314531403674,0.05063888803124428,"[0.05090154707431793, 0.050376228988170624]",0.5333398580551147,0.3961339294910431,0.13720592856407166,51.91774368286133,0.6974999904632568,0.13240332901477814,17.5,0.02141490951180458,0.375,17.5,0.02141490951180458,0.375,0.0,11.25,0.03146932274103165,0.7999999999999999,26.25,-0.002291642129421234,1.9125,6.6199055830948055,apiaviz/output/frontend-refinements/20260929T030605.348130Z-64772
12,2,71,unit_dc,ant-12-seed-71-unit_dc.json,63b5fc1eaa243cf7e04c9560dcdcaeefdab8e5da89005b92aa2678eb4e84b6af,True,0.11310430771529288,0.053294566993244766,0.11806198419590394,7.800000000000001,0,78,0,0.052160733227352075,0.03669405229455382,0.05123046598497577,0.04928850382566452,"[0.04892158880829811, 0.04965541511774063]",0.4909133017063141,0.3629990816116333,0.1279142200946808,56.32646942138672,0.7601249814033508,0.12453601509332657,12.5,0.013638351112604141,0.28125,13.75,0.0063368044793605804,0.28125,1.0,18.75,0.0032048597931861877,0.7999999999999999,28.75,0.00376177579164505,1.875,6.238662665942684,apiaviz/output/frontend-refinements/20260929T030605.348130Z-64772
12,2,71,balanced_form,ant-12-seed-71-balanced_form.json,63fdcbf2967d5137bf5d29a2ed9785049a324306a2f0f4f394e885456320d643,True,0.12489589891020281,0.05350091751528663,0.11806198419590394,7.800000000000001,0,78,0,0.05233633252281166,0.03460390708650772,0.054647537695684006,0.04917985200881958,"[0.04870428889989853, 0.04965541511774063]",0.48488539457321167,0.3593945801258087,0.12549081444740295,56.87639236450195,0.7616249918937683,0.12345929443836212,12.5,0.015198245644569397,0.28125,13.75,0.009768165647983551,0.21875,5.25,10.0,0.015534989535808563,0.07500000000000001,28.75,0.00376177579164505,1.875,5.193733375053853,apiaviz/output/frontend-refinements/20260929T030605.348130Z-64772
12,2,71,oriented_form,ant-12-seed-71-oriented_form.json,07c888bb4ccdc73c42161837ff40939b0df8584452d0ca24f794d7238695d037,True,0.17043296097343777,0.01936709741731072,0.0908035621759242,7.800000000000001,0,78,0,0.011949069908892936,0.00909859411721639,0.017907572989386035,0.05039557069540024,"[0.051135722547769547, 0.04965541511774063]",0.5258021950721741,0.38791584968566895,0.13788634538650513,54.0777702331543,0.7331249713897705,0.13051153719425201,10.0,0.011941671371459961,0.40625,10.0,0.010180160403251648,0.3125,3.75,12.5,-0.005246005952358246,0.22500000000000003,28.75,0.00376177579164505,1.875,6.510437333025038,apiaviz/output/frontend-refinements/20260929T030605.348130Z-64772
12,2,71,linear_colour,ant-12-seed-71-linear_colour.json,13afc62a450c076efd0d05275fd1da143187b09dee4e6fabaae1f4e0aef398bb,True,0.14516002140818926,0.04308706627934823,0.1869381346997612,7.9,0,79,0,0.03693462597782079,0.04610914636856708,0.03277575927177768,0.04794778302311897,"[0.04661427438259125, 0.049281295388936996]",0.5436947345733643,0.40421977639198303,0.13947495818138123,50.7933349609375,0.7123749852180481,0.13031770288944244,11.25,0.026622861623764038,0.40625,10.0,0.02604689449071884,0.40625,0.25,13.75,0.030577056109905243,0.22500000000000003,20.0,-0.003159947693347931,2.3125,6.5629256658721715,apiaviz/output/frontend-refinements/20260929T030605.348130Z-64772
12,2,71,balanced_linear,ant-12-seed-71-balanced_linear.json,67d13676c48432c2e1d7255dc39740c12c341c2012ea07a43eb9e6175c4ccd15,False,6.3510089536710534,2.530226958619528,4.705328328570655,20.0,0,200,0,2.5297905486789314,0.5244673232455821,2.664244771594046,0.048992790281772614,"[0.04870428889989853, 0.049281295388936996]",0.4802440106868744,0.3547780513763428,0.12546595931053162,56.84638977050781,0.7676249742507935,0.12253491580486298,13.75,0.008690692484378815,0.28125,13.75,0.008003674447536469,0.28125,0.0,10.0,0.015534989535808563,0.07500000000000001,20.0,-0.003159947693347931,2.3125,12.89720212505199,apiaviz/output/frontend-refinements/20260929T030605.348130Z-64772
13,2,19,apiaviz,ant-13-seed-19-apiaviz.json,dcd675a17a99fbdac022c0f4fa89fc1b0060a03a450e27419cad46ed2cc83be7,True,0.19294094326624497,0.11316371006068059,0.3818793164433637,9.5,0,95,0,0.11020557824093584,0.0505514371637777,0.08362059437454247,0.04965166002511978,"[0.046537354588508606, 0.05276596546173096]",0.5351381301879883,0.41045019030570984,0.12468793988227844,58.62898254394531,0.718625009059906,0.130928635597229,16.25,0.006120167672634125,0.34375,17.5,0.00902486965060234,0.28125,5.0,25.0,0.008393742144107819,0.5625,37.5,-0.04081802815198898,2.35,8.175836249953136,apiaviz/output/frontend-refinements/20260929T030605.348140Z-64774
13,2,19,sobel_colour,ant-13-seed-19-sobel_colour.json,9cac37d604d172356145b5c0b71b38a9bd9969b04529be11e625d2b99a06f2ef,True,0.10601937586703794,0.06395545105231588,0.11292734879672311,8.8,0,88,0,0.060830485601540134,0.05497571412583725,0.07439064203675419,0.049943964928388596,"[0.04709131643176079, 0.0527966171503067]",0.5198689699172974,0.3953668475151062,0.12450212240219116,61.50399398803711,0.6927499771118164,0.1292979121208191,11.25,0.014634829014539719,0.375,11.25,0.014634829014539719,0.375,0.0,18.75,0.002522110939025879,0.2625,15.0,-0.017763003706932068,1.5875,6.476306207943708,apiaviz/output/frontend-refinements/20260929T030605.348140Z-64774
13,2,19,unit_dc,ant-13-seed-19-unit_dc.json,9faa13a9e8d5ebefe94286f65d40b15aa12ca129a1665d1a648215e6d79ea812,True,0.1706699216678759,0.05261566793773053,0.10476269477013284,8.6,0,86,0,0.045718585952358164,0.04225762163089998,0.05478977549376329,0.05139000713825226,"[0.05001404881477356, 0.05276596546173096]",0.48090946674346924,0.3735717535018921,0.10733771324157715,64.34605407714844,0.7823749780654907,0.1255650520324707,22.5,0.0005606934428215027,0.28125,22.5,0.00015415623784065247,0.28125,1.5,17.5,0.006242997944355011,1.0999999999999999,37.5,-0.04081802815198898,2.35,7.737751333042979,apiaviz/output/frontend-refinements/20260929T030605.348140Z-64774
13,2,19,balanced_form,ant-13-seed-19-balanced_form.json,85647247e09c90b82eadb2533eb183b7ef7f3eda9f392528098cbc755b1efb5a,True,0.14222604362569763,0.0790265452546232,0.19769486746103485,8.700000000000001,0,87,0,0.07458873604636346,0.052256653499627964,0.06850277416039434,0.05132008343935013,"[0.0498742014169693, 0.05276596546173096]",0.47382470965385437,0.3695528507232666,0.10427185893058777,65.20377349853516,0.7829999923706055,0.12465842813253403,22.5,0.002436447888612747,0.34375,25.0,0.004007063806056976,0.34375,0.75,17.5,-0.009652398526668549,0.7625,37.5,-0.04081802815198898,2.35,7.084461208898574,apiaviz/output/frontend-refinements/20260929T030605.348140Z-64774
13,2,19,oriented_form,ant-13-seed-19-oriented_form.json,e11a4f241b8251f991001d40f295a635b6c3c0db4f5bf18760f2b87bf85dac67,True,0.10804738057602124,0.04580094689264271,0.09559652416922866,8.6,0,86,0,0.036458397794883184,0.03169065160524103,0.044878711231897184,0.050391122698783875,"[0.04801628366112709, 0.05276596546173096]",0.5143903493881226,0.3925550580024719,0.12183529138565063,61.927154541015625,0.7321249842643738,0.12887932360172272,16.25,0.019459132105112076,0.34375,16.25,0.019098110496997833,0.375,1.25,10.0,0.017818287014961243,1.0,37.5,-0.04081802815198898,2.35,8.432392457965761,apiaviz/output/frontend-refinements/20260929T030605.348140Z-64774
13,2,19,linear_colour,ant-13-seed-19-linear_colour.json,0d1344977e4da0def8f7a7fcef0f4d9d3a4e1fc2fb6bb59c1320c7988c2126e9,False,1.238114867262839,0.6538473457870749,1.723800082484399,20.0,0,200,0,0.6524599204720704,0.05074628254830391,0.6686025072363904,0.04953432455658913,"[0.046537354588508606, 0.05253129079937935]",0.5320906639099121,0.4065536856651306,0.1255369782447815,58.54863739013672,0.7221249938011169,0.13014256954193115,16.25,0.007754914462566376,0.28125,16.25,0.00820007175207138,0.28125,0.25,25.0,0.008393742144107819,0.5625,35.0,-0.04355788975954056,2.325,13.935327500104904,apiaviz/output/frontend-refinements/20260929T030605.348140Z-64774
13,2,19,balanced_linear,ant-13-seed-19-balanced_linear.json,3c9199caab48966b5ab28c73a975c3246debb4c7196ffd9cc7f87500e471703e,True,0.15894087525229497,0.05561177109927582,0.09830303277145215,8.6,0,86,0,0.04658192500095096,0.04358218455693,0.05942466143303478,0.051202744245529175,"[0.0498742014169693, 0.05253129079937935]",0.4709192216396332,0.3657999038696289,0.10511931777000427,65.06475067138672,0.7864999771118164,0.12383415549993515,25.0,0.003651835024356842,0.28125,25.0,0.004908587783575058,0.3125,1.75,17.5,-0.009652398526668549,0.7625,35.0,-0.04355788975954056,2.325,7.770701792091131,apiaviz/output/frontend-refinements/20260929T030605.348140Z-64774
13,2,31,apiaviz,ant-13-seed-31-apiaviz.json,20817390d2d6b7284e2f1031d76058776eeeda22da981405e25f664401a9bd03,True,0.12897927586230568,0.06694287871148166,0.11571151474474892,8.700000000000001,0,87,0,0.0641429292100763,0.04996029625392053,0.07084969522616062,0.049456097185611725,"[0.045136336237192154, 0.053775861859321594]",0.5445476174354553,0.41848745942115784,0.12606015801429749,57.8572998046875,0.7067499756813049,0.13294588029384613,7.5,0.003743007779121399,0.28125,10.0,0.005531437695026398,0.25,2.5,20.0,0.0005199462175369263,1.8624999999999998,18.75,-0.03502931445837021,1.7125,6.171896832995117,apiaviz/output/frontend-refinements/20260929T030605.348140Z-64774
13,2,31,sobel_colour,ant-13-seed-31-sobel_colour.json,aa65e9f6108be00d8d14badfd49a23a22fa5c4de6c5c52a5dfeb2a01c3b20633,True,0.18612817801118994,0.06289366785504082,0.11721674356001406,8.6,0,86,0,0.05960744036974935,0.049799360839974535,0.06850277416039434,0.05217017978429794,"[0.05122573301196098, 0.053114622831344604]",0.5150818228721619,0.38813212513923645,0.12694969773292542,61.025577545166016,0.7103750109672546,0.13064293563365936,5.0,0.032183196395635605,0.34375,5.0,0.03228946402668953,0.34375,0.0,20.0,0.013363257050514221,1.1375,20.0,-0.009859077632427216,1.2625,6.589833708945662,apiaviz/output/frontend-refinements/20260929T030605.348140Z-64774
13,2,31,unit_dc,ant-13-seed-31-unit_dc.json,3d68f8e6bf3dee4c773410a8225d7e29b353ff6e25b1f5d619c2674d60db4f70,True,0.12701541000065544,0.05280835614639979,0.10887170674547894,8.700000000000001,0,87,0,0.04842050647477847,0.04380439853452344,0.052519378294618786,0.05052698031067848,"[0.04727809876203537, 0.053775861859321594]",0.49246490001678467,0.3812183737754822,0.11124652624130249,63.20980453491211,0.7768750190734863,0.12700791656970978,15.0,-3.3799558877944946e-05,0.3125,11.25,-7.210299372673035e-05,0.25,4.75,16.25,-0.0010007694363594055,1.8,18.75,-0.03502931445837021,1.7125,6.4155604171101,apiaviz/output/frontend-refinements/20260929T030605.348140Z-64774
13,2,31,balanced_form,ant-13-seed-31-balanced_form.json,9d69a2e28ab9177841c81955cb3e54a28dd95c612f194061ef26786d4a1f11c3,True,0.17341324560994023,0.05933585629349981,0.17336775988820774,9.5,0,95,0,0.05253685263420572,0.044207800341771145,0.05954762087832023,0.05055858939886093,"[0.04734131693840027, 0.053775861859321594]",0.4849061369895935,0.3750878572463989,0.10981827974319458,63.85811996459961,0.7768750190734863,0.12613970041275024,10.0,0.000469110906124115,0.3125,11.25,0.004185132682323456,0.28125,2.75,23.75,-0.0026375576853752136,1.3875,18.75,-0.03502931445837021,1.7125,7.8398168329149485,apiaviz/output/frontend-refinements/20260929T030605.348140Z-64774
13,2,31,oriented_form,ant-13-seed-31-oriented_form.json,067b0364e56acc7f04fd3dfaf25f4718eee89ffe0be325441dde3cfd177ce7b0,True,0.12382497816039192,0.06418831307219293,0.2533425748796223,9.700000000000001,0,97,0,0.05818065012986851,0.05062405422321024,0.0570066775223325,0.052006226032972336,"[0.05023659020662308, 0.053775861859321594]",0.513728141784668,0.39276137948036194,0.12096676230430603,61.72153091430664,0.7448750138282776,0.1310112476348877,2.5,0.02090853452682495,0.3125,2.5,0.022385861724615097,0.28125,1.25,6.25,0.024132639169692993,0.05,18.75,-0.03502931445837021,1.7125,8.183232416864485,apiaviz/output/frontend-refinements/20260929T030605.348140Z-64774
13,2,31,linear_colour,ant-13-seed-31-linear_colour.json,105b2388c2b631e97a6554ae07bd753f623c9f8d58cee232a6fd974a5f75d3e0,True,0.11518750003065822,0.05723215873175478,0.11671295832693675,8.700000000000001,0,87,0,0.05294439755819947,0.04591703486215451,0.05602656854060799,0.0493515320122242,"[0.045136336237192154, 0.05356673151254654]",0.5389840602874756,0.41225889325141907,0.12672516703605652,57.729469299316406,0.7101250290870667,0.13189534842967987,13.75,0.0012498274445533752,0.3125,13.75,0.0019655488431453705,0.34375,1.0,20.0,0.0005199462175369263,1.8624999999999998,20.0,-0.04412807524204254,1.5875,8.777433958137408,apiaviz/output/frontend-refinements/20260929T030605.348140Z-64774
13,2,31,balanced_linear,ant-13-seed-31-balanced_linear.json,e219620410d658d68fbe00d2829dd8e853b78bb00dcf41445ec435840147e9c3,True,0.17429314291037215,0.06377939343423653,0.12742439180278053,8.700000000000001,0,87,0,0.058835570544752185,0.04572162795023591,0.06138279246592856,0.050454024225473404,"[0.04734131693840027, 0.05356673151254654]",0.47921761870384216,0.36877909302711487,0.1104385256767273,63.73009490966797,0.7802500128746033,0.1250329166650772,8.75,-0.0013755559921264648,0.3125,15.0,-0.0004739537835121155,0.3125,1.75,23.75,-0.0026375576853752136,1.3875,20.0,-0.04412807524204254,1.5875,7.294390374794602,apiaviz/output/frontend-refinements/20260929T030605.348140Z-64774
13,2,43,apiaviz,ant-13-seed-43-apiaviz.json,d21369e45b403396211c52bfd95ee2fd75413ed886c6a7bc9a73f333965d8ffe,True,0.19885487292723325,0.40859250074604464,1.481063896926454,14.0,0,140,0,0.4054504538432098,0.018484005417673706,0.08020044996559951,0.048642080277204514,"[0.045124202966690063, 0.05215996131300926]",0.5442268252372742,0.417215496301651,0.12701132893562317,57.300140380859375,0.7105000019073486,0.13064812123775482,12.5,0.014303173869848251,0.4375,15.0,0.017775647342205048,0.4375,3.0,16.25,0.011699259281158447,1.8,16.25,-0.026035882532596588,2.2375000000000003,10.105522708967328,apiaviz/output/frontend-refinements/20260929T030605.348140Z-64774
13,2,43,sobel_colour,ant-13-seed-43-sobel_colour.json,4fab2010b7fc67f1c28e23697001f290c28eaaab0dc2d50a1d2192abe53b9ca1,False,2.9757372114245126,0.882252084011029,3.1536010450221768,20.0,0,200,0,0.8797478579604409,0.04085667427078044,0.5694821506471749,0.05167001858353615,"[0.05044827610254288, 0.05289176106452942]",0.5222118496894836,0.39270222187042236,0.12950962781906128,60.38054656982422,0.7178750038146973,0.13010933995246887,17.5,0.013991311192512512,0.3125,17.5,0.013991311192512512,0.3125,0.0,20.0,0.01584404706954956,0.31250000000000006,13.75,-0.006737731397151947,0.8750000000000001,12.099701875122264,apiaviz/output/frontend-refinements/20260929T030605.348140Z-64774
13,2,43,unit_dc,ant-13-seed-43-unit_dc.json,fa02c2c965a5a832cd6262e2ab6c821c7fc576381182427aa5eb1afbeabf714f,False,3.4074315173692433,0.7083220946637486,1.7019524218855535,20.0,0,200,0,0.7070598062326848,0.11375911337480488,0.8606072109750631,0.05042337253689766,"[0.04868678003549576, 0.05215996131300926]",0.4883534610271454,0.3759058117866516,0.11244764924049377,63.02989959716797,0.7757499814033508,0.1251147836446762,13.75,0.007482048124074936,0.28125,13.75,0.00897807627916336,0.3125,2.75,28.75,-0.009638585150241852,0.95,16.25,-0.026035882532596588,2.2375000000000003,13.500269250012934,apiaviz/output/frontend-refinements/20260929T030605.348140Z-64774
13,2,43,balanced_form,ant-13-seed-43-balanced_form.json,a381ae0d4ff3e623bb8b41b79f29f35ac66637f3c69c731000eb347b905760c0,True,0.1985014928917553,0.010614495635229057,0.03454319193612586,8.5,0,85,0,0.008940378646965135,0.0118710831446952,0.00959009021085642,0.05056082457304001,"[0.04896168410778046, 0.05215996131300926]",0.48201513290405273,0.3708697557449341,0.11114537715911865,63.617557525634766,0.7774999737739563,0.12425857782363892,16.25,0.01260080561041832,0.21875,8.75,0.018217138946056366,0.28125,3.5,16.25,-0.002968817949295044,0.21250000000000002,16.25,-0.026035882532596588,2.2375000000000003,6.981123959179968,apiaviz/output/frontend-refinements/20260929T030605.348140Z-64774
13,2,43,oriented_form,ant-13-seed-43-oriented_form.json,b629d2051413c87a046521cde6231aa18e0eaf904ed6c27809aa2e0a84846d00,True,0.14042150062036096,0.07325164259878238,0.1346286046058963,8.6,0,86,0,0.07049217002756486,0.04317254336585466,0.07862795246217288,0.05124249681830406,"[0.05032503232359886, 0.05215996131300926]",0.516198456287384,0.3930867910385132,0.12311166524887085,60.94776153564453,0.750374972820282,0.12935638427734375,16.25,0.017507050186395645,0.3125,16.25,0.022258903831243515,0.34375,0.75,12.5,0.030981943011283875,0.225,16.25,-0.026035882532596588,2.2375000000000003,7.278510000091046,apiaviz/output/frontend-refinements/20260929T030605.348140Z-64774
13,2,43,linear_colour,ant-13-seed-43-linear_colour.json,fc8232bc3c486bc7c33a70be989468d570ad54b6bb4a98b3dbda45d9ec9d475c,False,2.3405536124333377,0.8522056922873942,2.7768019882688897,20.0,0,200,0,0.850763304753803,0.05128768520366126,0.4287722244315332,0.048209771513938904,"[0.045124202966690063, 0.051295340061187744]",0.5409282445907593,0.4146396517753601,0.12628859281539917,57.483482360839844,0.7139999866485596,0.12925930321216583,15.0,0.014388196170330048,0.46875,15.0,0.014657951891422272,0.40625,1.5,16.25,0.011699259281158447,1.8,17.5,-0.023429371416568756,1.0875,13.285040333168581,apiaviz/output/frontend-refinements/20260929T030605.348140Z-64774
13,2,43,balanced_linear,ant-13-seed-43-balanced_linear.json,8c71d9f8ff1383f96f4ee8802c3dc6d546ff7744d69759dfa6cfd2cbcc9fd9d8,False,2.094988238152272,0.5542193571367514,1.3468429224631964,20.0,0,200,0,0.5528094848218011,0.04856708592984771,0.5988921457681918,0.0501285120844841,"[0.04896168410778046, 0.051295340061187744]",0.47868621349334717,0.3682422339916229,0.11044397950172424,63.86090850830078,0.781000018119812,0.12280426919460297,8.75,0.011609423905611038,0.3125,8.75,0.013565097004175186,0.3125,0.25,16.25,-0.002968817949295044,0.21250000000000002,17.5,-0.023429371416568756,1.0875,13.025745833991095,apiaviz/output/frontend-refinements/20260929T030605.348140Z-64774
13,2,59,apiaviz,ant-13-seed-59-apiaviz.json,83b1945f008651b0a4455bfc26347e1f79f70bcf1082039f01e4195a8fd7b512,True,0.1483272836144158,0.05568306608590251,0.11520860537472663,8.6,0,86,0,0.046831122580180747,0.036970664141784154,0.04964900233380337,0.04965070262551308,"[0.046456579118967056, 0.0528448261320591]",0.5353049635887146,0.4120294153690338,0.12327554821968079,59.47756576538086,0.7146250009536743,0.13107559084892273,16.25,0.011357836425304413,0.28125,17.5,0.007234446704387665,0.3125,3.5,28.75,0.00020638853311538696,1.05,41.25,-0.05550743639469147,3.6500000000000004,7.120467666070908,apiaviz/output/frontend-refinements/20260929T030605.348140Z-64774
13,2,59,sobel_colour,ant-13-seed-59-sobel_colour.json,7eccba82080def35647b81d3f65b1f20ebe343f528dc056cfb2c02ee9da704fa,True,0.18071175027663214,0.04869271380503201,0.11489387454934585,8.6,0,86,0,0.04393616771336867,0.04645772688693934,0.05411610142656051,0.04989767074584961,"[0.046838123351335526, 0.052957214415073395]",0.510114312171936,0.38657158613204956,0.12354272603988647,61.2418098449707,0.7055000066757202,0.12748120725154877,10.0,0.023287102580070496,0.34375,10.0,0.023287102580070496,0.34375,0.0,10.0,0.01463393121957779,1.1,28.75,-0.03324514627456665,1.6375000000000002,6.269536291016266,apiaviz/output/frontend-refinements/20260929T030605.348140Z-64774
13,2,59,unit_dc,ant-13-seed-59-unit_dc.json,a7d45fdae0b9bc197803d39a41322f9ca74250b79eb19d493ed19635565a273e,False,3.6033072387733904,0.3767124035368143,1.3404512500046695,20.0,0,200,0,0.37512159378233306,0.056490059075366084,0.21277702046518265,0.051022667437791824,"[0.04920051246881485, 0.0528448261320591]",0.4825047254562378,0.3775794208049774,0.10492530465126038,64.64656829833984,0.7801250219345093,0.12582507729530334,18.75,-0.0011814013123512268,0.21875,18.75,-0.004197418689727783,0.21875,0.25,26.25,-0.013894058763980865,0.48750000000000004,41.25,-0.05550743639469147,3.6500000000000004,12.898484207922593,apiaviz/output/frontend-refinements/20260929T030605.348140Z-64774
13,2,59,balanced_form,ant-13-seed-59-balanced_form.json,d1fcbe68bccc90c9ec0a87d7b2c2f34b849521a8949591e3000fb486bd1796ff,True,0.1300362941577197,0.07787366047048655,0.2322454207941202,8.700000000000001,0,87,0,0.07393848672035722,0.05260522337365153,0.06850277416039434,0.051085248589515686,"[0.049325671046972275, 0.0528448261320591]",0.4752063453197479,0.3717692792415619,0.10343706607818604,65.30618286132812,0.7850000262260437,0.1249978169798851,23.75,-0.0030756480991840363,0.25,23.75,-0.004856865853071213,0.1875,3.5,10.0,0.0015219002962112427,1.0125,41.25,-0.05550743639469147,3.6500000000000004,7.07578737498261,apiaviz/output/frontend-refinements/20260929T030605.348140Z-64774
13,2,59,oriented_form,ant-13-seed-59-oriented_form.json,16b84b7eeb140b293be831e4fef0f37ab25b045476887c8231f1403540663283,False,4.847274780730224,0.49312121285745536,1.366569434789711,20.0,0,200,0,0.4904698523795323,0.042013117378377825,0.41110451148881777,0.05018598213791847,"[0.04752713814377785, 0.0528448261320591]",0.5173021554946899,0.40071171522140503,0.11659044027328491,62.07267761230469,0.7406250238418579,0.12929818034172058,10.0,0.012776132673025131,0.21875,10.0,0.011044934391975403,0.25,1.5,6.25,0.018456950783729553,0.0625,41.25,-0.05550743639469147,3.6500000000000004,12.995823291130364,apiaviz/output/frontend-refinements/20260929T030605.348140Z-64774
13,2,59,linear_colour,ant-13-seed-59-linear_colour.json,a14b6a0d105c0a47e7c60f14368765228fd0af9ed07bfcc169d0cd3341d2429e,True,0.1856832224085868,0.0327263815930732,0.07927015920050398,8.6,0,86,0,0.026926415708749356,0.03262059423366671,0.025885975868292544,0.04940596967935562,"[0.046456579118967056, 0.052355363965034485]",0.5299453735351562,0.4055787920951843,0.12436658143997192,59.279815673828125,0.718500018119812,0.12980566918849945,11.25,0.005693592131137848,0.28125,16.25,0.004464823752641678,0.28125,1.5,28.75,0.00020638853311538696,1.05,31.25,-0.05470842868089676,2.3000000000000003,7.406969707924873,apiaviz/output/frontend-refinements/20260929T030605.348140Z-64774
13,2,59,balanced_linear,ant-13-seed-59-balanced_linear.json,6425a5eb35a54ea28bd00a10f28e553776ba1b7e272c883221ddb71929f4b7d0,True,0.13356215513282962,0.45514494417339774,1.6020565071551256,19.0,0,190,0,0.45365029696588616,0.05260522337365153,0.27850566202012794,0.05084051564335823,"[0.049325671046972275, 0.052355363965034485]",0.46965599060058594,0.3652684688568115,0.10438752174377441,65.15082550048828,0.7888749837875366,0.12366832792758942,22.5,-0.0060050226747989655,0.21875,23.75,-0.005047272890806198,0.21875,0.25,10.0,0.0015219002962112427,1.0125,31.25,-0.05470842868089676,2.3000000000000003,11.776757041923702,apiaviz/output/frontend-refinements/20260929T030605.348140Z-64774
13,2,71,apiaviz,ant-13-seed-71-apiaviz.json,84e5695d0e024cc47bf6cf81fb8f9e9aff6f7debc4a8de37a9a1198d137330ca,True,0.10611221490189554,0.04329193912042312,0.08061109729032351,8.6,0,86,0,0.035566389207980435,0.034384949401853715,0.04353102136297659,0.04825463145971298,"[0.04678161069750786, 0.04972764849662781]",0.530207097530365,0.410457968711853,0.11974912881851196,58.482948303222656,0.7117499709129333,0.12873411178588867,13.75,0.005960345268249512,0.3125,13.75,0.007477648556232452,0.28125,2.5,18.75,0.013451918959617615,1.1625,31.25,-0.043271563947200775,1.625,7.112172707915306,apiaviz/output/frontend-refinements/20260929T030605.348140Z-64774
13,2,71,sobel_colour,ant-13-seed-71-sobel_colour.json,ecbf17536b1f83e6f0cf7480fcb02c0ce6a29b795b45e59ca1d80b1da001d007,False,2.190517494363187,0.4880911912652131,1.28637696302869,20.0,0,200,0,0.4868233555154092,0.05128768520366126,0.48974817391876185,0.05048579350113869,"[0.05083939805626869, 0.050132185220718384]",0.5147994160652161,0.39251431822776794,0.12228509783744812,60.15803909301758,0.6991249918937683,0.12902715802192688,12.5,0.010577648878097534,0.40625,12.5,0.010577648878097534,0.40625,0.25,20.0,0.0024493560194969177,0.2625,26.25,-0.017213061451911926,1.6375,11.742059041978791,apiaviz/output/frontend-refinements/20260929T030605.348140Z-64774
13,2,71,unit_dc,ant-13-seed-71-unit_dc.json,a31e44b412020eee40b75edc184c7f9972a6678d8e8666d4e558032c3c933c47,True,0.16175103372098035,0.07297632613198587,0.1516830656437167,8.700000000000001,0,87,0,0.06878560805743898,0.0661537576205499,0.058778519759446035,0.049513887614011765,"[0.04930012673139572, 0.04972764849662781]",0.4752567708492279,0.3721937835216522,0.10306298732757568,64.25572967529297,0.7721250057220459,0.1225791648030281,26.25,0.0019013918936252594,0.3125,25.0,0.00042400136590003967,0.3125,2.0,11.25,0.005787774920463562,0.1,31.25,-0.043271563947200775,1.625,7.899145666975528,apiaviz/output/frontend-refinements/20260929T030605.348140Z-64774
13,2,71,balanced_form,ant-13-seed-71-balanced_form.json,bacf024c3f3e080bad5ad7c323c03331d36c2e539610aab5d152dea8dae7d1e5,True,0.18959118030183275,0.053792553030144595,0.10779833389196913,8.700000000000001,0,87,0,0.047983876173091196,0.041436544907030005,0.056451077285529457,0.049398306757211685,"[0.04906896501779556, 0.04972764849662781]",0.4694385230541229,0.36734044551849365,0.10209807753562927,64.75548553466797,0.7751250267028809,0.12166546285152435,13.75,0.006583362817764282,0.3125,12.5,0.007867701351642609,0.3125,2.25,13.75,0.008170999586582184,0.18750000000000003,31.25,-0.043271563947200775,1.625,6.518260165816173,apiaviz/output/frontend-refinements/20260929T030605.348140Z-64774
13,2,71,oriented_form,ant-13-seed-71-oriented_form.json,e64a5aa6a3f82a1020213f97698b0899b328671b93caeb52541c5e5415f45c36,True,0.1242489444061548,0.04829025561531496,0.11571151474474892,8.700000000000001,0,87,0,0.04396499767326412,0.04710375219533846,0.0490523017553063,0.05024968087673187,"[0.05077170953154564, 0.04972764849662781]",0.503246545791626,0.39173609018325806,0.11151045560836792,61.66851806640625,0.7403749823570251,0.12761010229587555,6.25,0.014904756098985672,0.34375,7.5,0.013534266501665115,0.34375,0.75,11.25,0.004463903605937958,1.05,31.25,-0.043271563947200775,1.625,7.671142332954332,apiaviz/output/frontend-refinements/20260929T030605.348140Z-64774
13,2,71,linear_colour,ant-13-seed-71-linear_colour.json,2067015bd059f157fb20ca25b3d265ba2f7d4bd01a2af9042e0497f41421b77c,False,2.1273294890915566,0.6982878945834,1.52309091046907,20.0,0,200,0,0.6966175801319834,0.034384949401853715,0.8193020914332536,0.047969985753297806,"[0.04678161069750786, 0.04915836453437805]",0.5236151218414307,0.4032477140426636,0.12036740779876709,58.73932647705078,0.719124972820282,0.12764208018779755,13.75,0.012284912168979645,0.34375,13.75,0.011741168797016144,0.34375,0.25,18.75,0.013451918959617615,1.1625,30.0,-0.037790656089782715,1.6250000000000002,12.32759637502022,apiaviz/output/frontend-refinements/20260929T030605.348140Z-64774
13,2,71,balanced_linear,ant-13-seed-71-balanced_linear.json,4666683779d8a3e62f049d9402964f21b88b991bb06b61c4e98920783c979fca,False,1.7980060136569813,0.4020133299972063,1.1543920496035738,20.0,0,200,0,0.3990496588691319,0.033348546545675234,0.3344693441899277,0.04911366477608681,"[0.04906896501779556, 0.04915836453437805]",0.4618874788284302,0.3593566417694092,0.102530837059021,65.20600891113281,0.7825000286102295,0.12051209807395935,21.25,0.012644469738006592,0.3125,21.25,0.013378076255321503,0.34375,1.0,13.75,0.008170999586582184,0.18750000000000003,30.0,-0.037790656089782715,1.6250000000000002,13.39707304094918,apiaviz/output/frontend-refinements/20260929T030605.348140Z-64774
15,2,19,apiaviz,ant-15-seed-19-apiaviz.json,fdb739ab70d12f306e0b89ebfbc13c54898c0ed573521c8385fa0f03966d0ad0,False,9.097454165181455,2.8115524071714737,8.841911479475982,20.0,0,200,0,2.8105787603142476,0.0982946766486984,1.216063259867662,0.04952418431639671,"[0.04645130783319473, 0.052597057074308395]",0.5278400778770447,0.42746925354003906,0.10037082433700562,53.696624755859375,0.7066249847412109,0.13661614060401917,17.5,-0.010086610913276672,0.375,18.75,-0.013385418802499771,0.375,0.5,15.0,0.014129146933555603,1.1,28.75,-0.03910016268491745,1.725,12.866857917048037,apiaviz/output/frontend-refinements/20260929T030605.348140Z-64774
15,2,19,sobel_colour,ant-15-seed-19-sobel_colour.json,76abe9e90062637dd716bebbe6fc1ca9995fa1b812c35f53461a156c867ead58,True,0.15381287801448076,0.15808397649372147,0.5648958706451748,11.9,0,119,0,0.1554496868344111,0.1453424399330858,0.1409367549909424,0.04965963959693909,"[0.04649803787469864, 0.052821241319179535]",0.5087796449661255,0.4125710725784302,0.09620857238769531,58.138694763183594,0.6882500052452087,0.13357844948768616,13.75,0.016695108264684677,0.34375,13.75,0.016695108264684677,0.34375,0.0,8.75,0.01417464017868042,0.8,31.25,-0.017550088465213776,1.35,9.355075666913763,apiaviz/output/frontend-refinements/20260929T030605.348140Z-64774
15,2,19,unit_dc,ant-15-seed-19-unit_dc.json,d1b3a6aedc7c6109afa90c74939b4ee5f7474546a038dc0774e5bbcaf54a1ccd,True,0.16901832531231592,0.39392226396366137,1.1337268024249285,12.600000000000001,0,126,0,0.3916602376045672,0.30239034748272436,0.2452771219329164,0.0511406846344471,"[0.0496843121945858, 0.052597057074308395]",0.47757911682128906,0.3851618766784668,0.09241724014282227,58.73256301879883,0.7697499990463257,0.13159339129924774,18.75,-0.011418502777814865,0.375,18.75,-0.011645529419183731,0.40625,1.25,17.5,-0.014573536813259125,0.8250000000000001,28.75,-0.03910016268491745,1.725,9.20018250006251,apiaviz/output/frontend-refinements/20260929T030605.348140Z-64774
15,2,19,balanced_form,ant-15-seed-19-balanced_form.json,4359a384a1bb81629299cd0abe86835fdbda246eb2a5c325204b5eb4af213ddd,False,4.9015664882221035,1.048981518188317,2.07611782167054,20.0,0,200,0,1.048511830879961,0.5461954072190052,1.1186098183904316,0.0511266328394413,"[0.049656208604574203, 0.052597057074308395]",0.47278812527656555,0.3813125491142273,0.09147557616233826,59.178863525390625,0.7696250081062317,0.13077253103256226,20.0,-0.013104956597089767,0.34375,20.0,-0.013187211006879807,0.375,1.5,17.5,-0.017818182706832886,0.8250000000000001,28.75,-0.03910016268491745,1.725,12.585834124824032,apiaviz/output/frontend-refinements/20260929T030605.348140Z-64774
15,2,19,oriented_form,ant-15-seed-19-oriented_form.json,9c6845053a9f0edb287a3978700444b8a4315774468d8e967ab08dfb27ca70e6,True,0.1913194865246032,0.43137931692900766,1.5165869183080762,18.400000000000002,0,184,0,0.42937125131703247,0.07824347197741927,0.24981441075354105,0.05020048841834068,"[0.04780391976237297, 0.052597057074308395]",0.5068044066429138,0.40771201252937317,0.09909239411354065,56.18629837036133,0.7254999876022339,0.13463670015335083,7.5,0.004533935338258743,0.375,7.5,0.0023489706218242645,0.375,0.0,6.25,0.03025173395872116,0.525,28.75,-0.03910016268491745,1.725,13.571929749799892,apiaviz/output/frontend-refinements/20260929T030605.348140Z-64774
15,2,19,linear_colour,ant-15-seed-19-linear_colour.json,bcf538f82181c2e6dd15716563b28debaefc5d267814d5376c09cd5d995934d1,False,0.3798490932136936,0.36069116247429606,1.3701953176187507,20.0,0,200,0,0.3573736613788835,0.059519507792958046,0.19715612866007864,0.04937140643596649,"[0.04645130783319473, 0.05229150503873825]",0.5258498191833496,0.42400768399238586,0.10184213519096375,53.62898635864258,0.7092499732971191,0.13580641150474548,17.5,-0.006970804184675217,0.375,17.5,-0.007606156170368195,0.375,0.0,15.0,0.014129146933555603,1.1,27.5,-0.03998999297618866,1.725,13.046724415849894,apiaviz/output/frontend-refinements/20260929T030605.348140Z-64774
15,2,19,balanced_linear,ant-15-seed-19-balanced_linear.json,3fdb4b033571152955d371aa677d0893df49aa643971fa42faf9ff185a79623f,True,0.1869532175878414,0.3391884050713198,1.1851869626314409,15.8,0,158,0,0.3376005472087389,0.09154701658519651,0.1977444573043891,0.05097385495901108,"[0.049656208604574203, 0.05229150503873825]",0.47091802954673767,0.377936989068985,0.09298104047775269,58.99324035644531,0.7722499966621399,0.12992826104164124,16.25,-0.010061878710985184,0.375,16.25,-0.009235918521881104,0.375,1.0,17.5,-0.017818182706832886,0.8250000000000001,27.5,-0.03998999297618866,1.725,11.122695500031114,apiaviz/output/frontend-refinements/20260929T030605.348140Z-64774
15,2,31,apiaviz,ant-15-seed-31-apiaviz.json,c3c804fc78951655163d49739746945025d5a2d126130c58d10f141554ef289d,True,0.16673259095929624,0.25277720791542263,0.7799929726530339,14.200000000000001,0,142,0,0.251192212695052,0.14341343977553453,0.20329113739945717,0.04955817013978958,"[0.04504084959626198, 0.054075490683317184]",0.5354323983192444,0.4342925250530243,0.10113987326622009,53.313236236572266,0.687250018119812,0.13864660263061523,21.25,-0.00632573664188385,0.28125,18.75,-0.00849650427699089,0.34375,1.75,13.75,0.009500093758106232,0.35000000000000003,30.0,-0.03718318045139313,1.6375,9.940271875122562,apiaviz/output/frontend-refinements/20260929T030605.348140Z-64774
15,2,31,sobel_colour,ant-15-seed-31-sobel_colour.json,cce0f7be288ddf160d49d8a82df64172d8b0ae0ddf409bd97301b46ea6403d7c,True,0.16117279186611472,0.12272046121862586,0.44040554204289256,10.200000000000001,0,102,0,0.11978012508890724,0.12030798296156237,0.10980889066167439,0.05161241814494133,"[0.049917321652173996, 0.053307514637708664]",0.5071109533309937,0.4098527133464813,0.09725823998451233,58.66494369506836,0.699999988079071,0.1352207064628601,16.25,0.00935540720820427,0.34375,16.25,0.00935540720820427,0.34375,0.0,7.5,0.028090551495552063,0.8,27.5,-0.032094284892082214,1.875,7.291212040930986,apiaviz/output/frontend-refinements/20260929T030605.348140Z-64774
15,2,31,unit_dc,ant-15-seed-31-unit_dc.json,1fb81d38b98d03f6f709da3bfd0e706c76ad7fb3ae412caa377a73a3b6252e3b,True,0.12194882249341772,0.07572992218379922,0.2585216277259818,8.3,0,83,0,0.07282497715859805,0.07120694956942934,0.05304929296404884,0.05051323398947716,"[0.04695098102092743, 0.054075490683317184]",0.4888423681259155,0.3943020701408386,0.0945402979850769,58.40607452392578,0.7601249814033508,0.13272476196289062,8.75,-0.00831644982099533,0.3125,10.0,-0.01019468903541565,0.3125,3.0,16.25,-0.002495303750038147,0.8375,30.0,-0.03718318045139313,1.6375,6.6697913329117,apiaviz/output/frontend-refinements/20260929T030605.348140Z-64774
15,2,31,balanced_form,ant-15-seed-31-balanced_form.json,3469e307e4d320bad3377c87d4dfefd99eb360b31cfdffecd695ce2aedcca9bf,True,0.18941921638887546,0.21583199022781435,0.8093949042140733,15.3,0,153,0,0.21274570176086818,0.06032042162833377,0.12357175447740817,0.05063758045434952,"[0.04719967395067215, 0.054075490683317184]",0.4836329519748688,0.3891840875148773,0.09444886445999146,59.112361907958984,0.7618749737739563,0.13198420405387878,12.5,-0.006706859916448593,0.28125,13.75,-0.010102223604917526,0.25,3.25,16.25,-0.00430123507976532,0.8375,30.0,-0.03718318045139313,1.6375,10.696665082825348,apiaviz/output/frontend-refinements/20260929T030605.348140Z-64774
15,2,31,oriented_form,ant-15-seed-31-oriented_form.json,f6519e81f5b4ca12540a4265db5ddba0cf779888a64e9cbca0c28275451eb248,False,6.477552389856884,1.4720655456373952,4.8675737826495284,20.0,0,200,0,1.4712672042046497,0.10634067634014073,0.8795137985782353,0.051973856985569,"[0.049872223287820816, 0.054075490683317184]",0.5120329260826111,0.41326671838760376,0.09876620769500732,56.748779296875,0.7333750128746033,0.13731828331947327,16.25,-0.0019519403576850891,0.34375,16.25,-0.004011739045381546,0.3125,3.75,16.25,0.008576907217502594,1.1,30.0,-0.03718318045139313,1.6375,13.36159750004299,apiaviz/output/frontend-refinements/20260929T030605.348140Z-64774
15,2,31,linear_colour,ant-15-seed-31-linear_colour.json,2c75a7d9ccde5e9ade4195e93284d3379cbbae801bd2395cae0c33845aefc039,True,0.12612128774528567,0.15534533890790853,0.5106335256208555,15.0,0,150,0,0.151829342730638,0.10257201922347459,0.11925814958873202,0.049445588141679764,"[0.04504084959626198, 0.05385032668709755]",0.5314963459968567,0.4273151755332947,0.10418117046356201,52.34574890136719,0.6934999823570251,0.13762728869915009,18.75,-0.007464714348316193,0.3125,13.75,-0.006867058575153351,0.3125,1.25,13.75,0.009500093758106232,0.35000000000000003,38.75,-0.03903992474079132,1.8249999999999997,10.376269749831408,apiaviz/output/frontend-refinements/20260929T030605.348140Z-64774
15,2,31,balanced_linear,ant-15-seed-31-balanced_linear.json,4c58f55e1f24420b5fd8925503e38c5e86c15764b6bc03698a2f6db43f207d79,False,5.024710866185346,1.2489333300885859,2.156920737101752,20.0,0,200,0,1.2483477567567494,0.5110812438347058,1.3505078596588986,0.0505249984562397,"[0.04719967395067215, 0.05385032668709755]",0.47979891300201416,0.3821398615837097,0.09765905141830444,58.091163635253906,0.7681249976158142,0.13091395795345306,20.0,-0.0084543377161026,0.25,21.25,-0.00852329283952713,0.25,1.5,16.25,-0.00430123507976532,0.8375,38.75,-0.03903992474079132,1.8249999999999997,13.21240433305502,apiaviz/output/frontend-refinements/20260929T030605.348140Z-64774
15,2,43,apiaviz,ant-15-seed-43-apiaviz.json,695f72280ca78b21d0f688392f66b621e430f15254446a0afd9544377be94448,True,0.17993213687738632,0.13852762986354844,0.7187094042090635,11.5,0,115,0,0.1342322574600554,0.1911514768726106,0.08340552759107202,0.04855457693338394,"[0.04465130716562271, 0.052457842975854874]",0.5405163764953613,0.43904852867126465,0.10146784782409668,53.409690856933594,0.6915000081062317,0.13717955350875854,18.75,0.002187434583902359,0.28125,15.0,0.0049855150282382965,0.28125,1.5,15.0,0.0192129984498024,0.9875,25.0,-0.0395430251955986,1.1625,8.543953999876976,apiaviz/output/frontend-refinements/20260929T030605.348140Z-64774
15,2,43,sobel_colour,ant-15-seed-43-sobel_colour.json,b4969888d2bc2e78f322f1bf1c88883bd5e1724bcf4b2c6cc38e6d02ca10fff5,False,3.645302240528839,0.5766330081229382,1.143944452759552,20.0,0,200,0,0.5756349056881896,0.11188081937086165,0.6370201153527734,0.05224068462848663,"[0.05107058957219124, 0.05341078341007233]",0.4995907247066498,0.40134552121162415,0.09824520349502563,57.8707275390625,0.7007499933242798,0.13528841733932495,12.5,0.022473912686109543,0.3125,12.5,0.022473912686109543,0.3125,0.0,8.75,0.0193999782204628,0.8,27.5,-0.028302304446697235,2.4375,11.816343666054308,apiaviz/output/frontend-refinements/20260929T030605.348140Z-64774
15,2,43,unit_dc,ant-15-seed-43-unit_dc.json,3d73d84584eeff42ab59425ffbd6e4a94a20af879e2422489ccdaa467ae604d6,False,9.452156022666207,1.170527099400699,2.645952206940031,20.0,0,200,0,1.1696214053850367,0.14864475433142008,1.3221534413220417,0.0502316989004612,"[0.04800555482506752, 0.052457842975854874]",0.48438122868537903,0.3910970091819763,0.09328421950340271,59.05717849731445,0.7592499852180481,0.13153186440467834,15.0,0.0007954053580760956,0.28125,15.0,7.525086402893066e-06,0.28125,1.25,17.5,0.006310120224952698,1.725,25.0,-0.0395430251955986,1.1625,12.497400291031227,apiaviz/output/frontend-refinements/20260929T030605.348140Z-64774
15,2,43,balanced_form,ant-15-seed-43-balanced_form.json,00cbe60f562870e52a1f61f4a8af729d79f85640052c8ad2ae9badd290afa1d6,False,9.804611457916339,1.4295253661318321,3.1994308461373744,20.0,0,200,0,1.4282570806775592,0.19425136187281575,1.563873480551901,0.05035931244492531,"[0.04826078563928604, 0.052457842975854874]",0.4787420630455017,0.3854010999202728,0.09334096312522888,59.98786163330078,0.7605000138282776,0.13072772324085236,21.25,-0.0016540400683879852,0.3125,21.25,-0.0006698109209537506,0.28125,3.25,13.75,0.009983383119106293,1.1,25.0,-0.0395430251955986,1.1625,12.037528374930844,apiaviz/output/frontend-refinements/20260929T030605.348140Z-64774
15,2,43,oriented_form,ant-15-seed-43-oriented_form.json,eee745771b4ce702e2c1b75a9baa4d2a25d5f7794e43667cc2b7f22f67a329be,True,0.11634467283872782,0.13981649514056563,0.3451976043824577,8.5,0,85,0,0.13712578233561692,0.15337698291639001,0.11438068907039813,0.05167418345808983,"[0.05089052394032478, 0.052457842975854874]",0.5077148079872131,0.40314099192619324,0.1045738160610199,56.98617172241211,0.7368749976158142,0.13568979501724243,20.0,0.010043833404779434,0.28125,20.0,0.008594248443841934,0.3125,1.0,20.0,0.018430672585964203,1.1375,25.0,-0.0395430251955986,1.1625,7.513639874989167,apiaviz/output/frontend-refinements/20260929T030605.348140Z-64774
15,2,43,linear_colour,ant-15-seed-43-linear_colour.json,c00dd2e3ae74475e709f2c859a9124eadba23ac150062ebadb41da10ed59941a,False,1.2366773999304348,0.4811693666361758,1.3676543516930586,20.0,0,200,0,0.4797639554576953,0.19341148274063896,0.3469564406749931,0.04836421459913254,"[0.04465130716562271, 0.05207712575793266]",0.5375089049339294,0.436407208442688,0.10110169649124146,53.06507110595703,0.6986250281333923,0.13618145883083344,15.0,0.0035402812063694,0.28125,16.25,0.00418439507484436,0.28125,0.25,15.0,0.0192129984498024,0.9875,27.5,-0.04202985018491745,1.6,12.50366016686894,apiaviz/output/frontend-refinements/20260929T030605.348140Z-64774
15,2,43,balanced_linear,ant-15-seed-43-balanced_linear.json,48a0556f0ed027816dce7d8727b03bc8b122589223f7cc88fae28da01188d5d2,True,0.19566760186687485,0.2553266620467781,0.9339000074817619,15.700000000000001,0,157,0,0.25273306130613665,0.16410988219137612,0.20283183723579915,0.0501689538359642,"[0.04826078563928604, 0.05207712575793266]",0.4760098159313202,0.38310709595680237,0.09290271997451782,59.64830017089844,0.7676249742507935,0.12968263030052185,21.25,-0.0025936663150787354,0.3125,21.25,-0.0018370188772678375,0.3125,0.0,13.75,0.009983383119106293,1.1,27.5,-0.04202985018491745,1.6,14.461335957981646,apiaviz/output/frontend-refinements/20260929T030605.348140Z-64774
15,2,59,apiaviz,ant-15-seed-59-apiaviz.json,546700cb414530c9ae72ebfb15a2aa00f741af4d8bae12cf786ae761096ffe97,False,2.982490201307383,0.4181068261326357,1.0032298850981873,20.0,0,200,0,0.41608576575988343,0.1809859463581591,0.3874549663351138,0.04968496784567833,"[0.04637254774570465, 0.05299738422036171]",0.5219596028327942,0.4180472195148468,0.10391238331794739,54.26832962036133,0.6980000138282776,0.13630959391593933,13.75,0.004841405898332596,0.34375,15.0,-0.0002925693988800049,0.3125,2.0,18.75,0.023375220596790314,1.125,26.25,-0.037096910178661346,1.7125,13.389815874863416,apiaviz/output/frontend-refinements/20260929T030605.348140Z-64774
15,2,59,sobel_colour,ant-15-seed-59-sobel_colour.json,65e58fbfb2284d8b2e30f6de9b11c728b7ac327f901df80e7f6f2ebc4033c4c2,True,0.1097771436835317,0.07375123018623753,0.22903501512668864,8.1,0,81,0,0.07057078957850468,0.055377499550558866,0.06735490726603172,0.05045343190431595,"[0.04762614518404007, 0.05328071862459183]",0.49942460656166077,0.3996944725513458,0.09973013401031494,59.304527282714844,0.6976249814033508,0.13230544328689575,6.25,0.024109825491905212,0.34375,6.25,0.024109825491905212,0.34375,0.0,10.0,0.029808707535266876,0.8,16.25,-0.025815501809120178,0.9500000000000001,7.224255833076313,apiaviz/output/frontend-refinements/20260929T030605.348140Z-64774
15,2,59,unit_dc,ant-15-seed-59-unit_dc.json,db916387eb294a414973e90780efaf3c76f6425211fd73d0cc737193d880dae5,False,4.039091063421869,0.6514147919718448,1.9430480856471977,20.0,0,200,0,0.6497334026614768,0.6555177069614677,0.6297950848281791,0.05115048959851265,"[0.04930359497666359, 0.05299738422036171]",0.474654883146286,0.380044162273407,0.09461072087287903,60.03245544433594,0.7668750286102295,0.13120736181735992,18.75,-0.00044487230479717255,0.34375,20.0,-0.0002983752638101578,0.34375,2.75,8.75,0.04008094221353531,0.525,26.25,-0.037096910178661346,1.7125,13.0623164169956,apiaviz/output/frontend-refinements/20260929T030605.348140Z-64774
15,2,59,balanced_form,ant-15-seed-59-balanced_form.json,048129844f0aefafdee74920f8fcb6c0e596f7a9729df90500ca2a3baf93cabd,False,10.580049612602744,1.6910406042551773,3.121383323921203,20.0,0,200,0,1.6907452601517319,0.3786973091352951,1.9750664435088554,0.05102091655135155,"[0.049044445157051086, 0.05299738422036171]",0.4696371853351593,0.37696900963783264,0.09266817569732666,60.41173553466797,0.7672500014305115,0.1303693652153015,15.0,0.00148678757250309,0.375,15.0,-0.000890953466296196,0.375,1.25,15.0,0.03977643698453903,0.8250000000000001,26.25,-0.037096910178661346,1.7125,12.746100208023563,apiaviz/output/frontend-refinements/20260929T030605.348140Z-64774
15,2,59,oriented_form,ant-15-seed-59-oriented_form.json,6a4d18e58589f0b976e050f12ba21deca2ec424ef2ac29786ff3cf9b4d27d1f0,False,5.785353413532064,1.691219393445829,3.2214112376589528,20.0,0,200,0,1.6899920091230058,0.12698468507535654,1.9855537051486258,0.05042728781700134,"[0.04785718768835068, 0.05299738422036171]",0.5132543444633484,0.408709853887558,0.1045444905757904,57.649227142333984,0.7331249713897705,0.1351751983165741,12.5,0.005922328680753708,0.3125,20.0,0.003157656639814377,0.3125,2.0,16.25,0.03023349493741989,1.1,26.25,-0.037096910178661346,1.7125,13.888268832815811,apiaviz/output/frontend-refinements/20260929T030605.348140Z-64774
15,2,59,linear_colour,ant-15-seed-59-linear_colour.json,221a4e9ae1d62b9aa485953a79003f91766e2f9511be591ce6dce3dfe9e1f3e0,True,0.162441637104861,0.3903774511849447,1.277561557449575,16.0,0,160,0,0.38909058558365894,0.1963130816582781,0.22142705084303252,0.04958267882466316,"[0.04637254774570465, 0.052792809903621674]",0.5182491540908813,0.41424039006233215,0.1040087640285492,54.1953010559082,0.703374981880188,0.1353069543838501,7.5,0.0011480487883090973,0.3125,7.5,0.00039265304803848267,0.3125,0.0,18.75,0.023375220596790314,1.125,26.25,-0.040014028549194336,1.675,10.953922666842118,apiaviz/output/frontend-refinements/20260929T030605.348140Z-64774
15,2,59,balanced_linear,ant-15-seed-59-balanced_linear.json,65cc4b92ff2081fc1361a48d55794d437984a5f0f6445167a31300988e694bdf,False,9.562183160189914,1.2254838100465282,3.2276144368646276,20.0,0,200,0,1.2249183964889243,0.1891078351927549,1.20316229341872,0.05091862753033638,"[0.049044445157051086, 0.052792809903621674]",0.46602171659469604,0.37319132685661316,0.09283038973808289,60.33028030395508,0.7726250290870667,0.12932172417640686,18.75,-0.0015697143971920013,0.375,18.75,-0.0010534636676311493,0.375,1.25,15.0,0.03977643698453903,0.8250000000000001,26.25,-0.040014028549194336,1.675,12.545861792052165,apiaviz/output/frontend-refinements/20260929T030605.348140Z-64774
15,2,71,apiaviz,ant-15-seed-71-apiaviz.json,bc4a045beeae1c60367f6faa9e77ec78d183cc552b85b506b54a565233f58d7e,False,6.072378220545206,0.891154516454799,2.4262210494879723,20.0,0,200,0,0.8904042448336383,0.16649516057347039,0.6769296568030351,0.04836813732981682,"[0.046926796436309814, 0.04980947822332382]",0.5161808133125305,0.4175850749015808,0.09859573841094971,56.219120025634766,0.6972500085830688,0.1334656924009323,17.5,0.009913783520460129,0.25,17.5,0.009460587054491043,0.34375,4.75,13.75,0.013926863670349121,0.85,27.5,-0.03536281734704971,1.7125,12.63738533318974,apiaviz/output/frontend-refinements/20260929T030605.348140Z-64774
15,2,71,sobel_colour,ant-15-seed-71-sobel_colour.json,0bb42cc70c8a607967c9d8130b7840f58a26ea8f09f9823f401af8934f2ab511,True,0.15994142056191418,0.11933652358545235,0.47124301259739304,9.5,0,95,0,0.11671501768222571,0.08932346763778343,0.09118571141003277,0.050277289003133774,"[0.05023300647735596, 0.05032156780362129]",0.5078803300857544,0.41046810150146484,0.09741222858428955,58.94963455200195,0.6980000138282776,0.13339267671108246,12.5,0.017794225364923477,0.25,12.5,0.017794225364923477,0.25,0.0,7.5,0.029679588973522186,0.525,31.25,-0.03972496837377548,2.4875,7.164792584022507,apiaviz/output/frontend-refinements/20260929T030605.348140Z-64774
15,2,71,unit_dc,ant-15-seed-71-unit_dc.json,476e253646b32a0585c8f33a47e437035c01dfebda0bc0113ec29e184cef4ab0,False,7.472903807155943,1.4196294150610533,2.6066271498285825,20.0,0,200,0,1.4192584981090153,0.4464119766032227,1.380800199752994,0.04945996776223183,"[0.04911045730113983, 0.04980947822332382]",0.4648176431655884,0.3748449385166168,0.08997270464897156,61.5635986328125,0.7548750042915344,0.12738604843616486,22.5,-0.001315675675868988,0.40625,16.25,0.0004419088363647461,0.40625,3.0,16.25,-0.00715307891368866,0.8250000000000001,27.5,-0.03536281734704971,1.7125,12.535478082951158,apiaviz/output/frontend-refinements/20260929T030605.348140Z-64774
15,2,71,balanced_form,ant-15-seed-71-balanced_form.json,b5f31dc3719bacc903e4c453fec835a7c6add1c2b0811353e54540fa3f70d16f,True,0.16111642327985093,0.06063209944812707,0.17254048653450416,8.0,0,80,0,0.055125884743673484,0.06419819863214878,0.05290434619687681,0.049158334732055664,"[0.048507191240787506, 0.04980947822332382]",0.4602806568145752,0.37186551094055176,0.08841514587402344,62.01571273803711,0.7577499747276306,0.12627217173576355,18.75,-0.007190622389316559,0.375,13.75,-0.008876983076334,0.3125,5.25,16.25,-0.015546858310699463,0.8250000000000001,27.5,-0.03536281734704971,1.7125,6.8213562502060086,apiaviz/output/frontend-refinements/20260929T030605.348140Z-64774
15,2,71,oriented_form,ant-15-seed-71-oriented_form.json,351078ebef6f70732808bec61c05bd3caeebcdff24da1b1e99208eb71301b6e1,True,0.1641133313003644,0.10630702974857853,0.46477276695884756,10.3,0,103,0,0.10049430629195467,0.09321007999118006,0.08685766019571298,0.050153594464063644,"[0.05049771070480347, 0.04980947822332382]",0.5017157196998596,0.40465256571769714,0.09706315398216248,59.2203254699707,0.7271249890327454,0.1330847293138504,8.75,0.008595127612352371,0.28125,8.75,0.011479824781417847,0.28125,0.75,5.0,0.020612366497516632,0.525,27.5,-0.03536281734704971,1.7125,8.266588917002082,apiaviz/output/frontend-refinements/20260929T030605.348140Z-64774
15,2,71,linear_colour,ant-15-seed-71-linear_colour.json,823336b4cad6c4a50399e194cc91ca92a4967ad1a58a7a53a3ae06dc561a209f,True,0.18668532483519043,0.42043645617574316,1.4245301585831915,16.8,0,168,0,0.41856773013842197,0.4577539709852194,0.15728076473929306,0.0481058806180954,"[0.046926796436309814, 0.04928496852517128]",0.5134058594703674,0.41349685192108154,0.09990900754928589,56.123435974121094,0.7046250104904175,0.1324763298034668,23.75,0.011176709085702896,0.34375,23.75,0.011508431285619736,0.3125,2.0,13.75,0.013926863670349121,0.85,23.75,-0.030586570501327515,1.6500000000000001,11.229757459135726,apiaviz/output/frontend-refinements/20260929T030605.348140Z-64774
15,2,71,balanced_linear,ant-15-seed-71-balanced_linear.json,facdc00c6804382388244de6c95eb2cc6d157fe8196217a0a4bc23490b74eab4,True,0.13669897541526088,0.1323788121163733,0.48908812591463463,10.9,0,109,0,0.12990047342993136,0.1065304138375152,0.1203501041781969,0.048896078020334244,"[0.048507191240787506, 0.04928496852517128]",0.4569642245769501,0.36738258600234985,0.08958163857460022,62.02003860473633,0.7651249766349792,0.1252276450395584,25.0,-0.010542148724198341,0.34375,25.0,-0.010818205773830414,0.34375,0.0,16.25,-0.015546858310699463,0.8250000000000001,23.75,-0.030586570501327515,1.6500000000000001,8.156380500178784,apiaviz/output/frontend-refinements/20260929T030605.348140Z-64774
