ant,route,seed,preprocessing,trace,memory_fingerprint,reached_nest,final_nest_distance_m,route_deviation_mean_m,route_deviation_max_m,path_length_m,corrective_resets,steps,silent_scans,polyline_mean_m,first50_polyline_mean_m,deviation_median_m,memory_active_fraction,stream_activity,neighbour_overlap,distant_overlap,local_distinctiveness,effective_rank,lifetime_recruited_fraction,lifetime_frequency_sd,clean_heading_error_deg,clean_tangent_margin,clean_restoring_fraction,brightness_heading_error_deg,brightness_tangent_margin,brightness_restoring_fraction,brightness_heading_change_deg,form_heading_error_deg,form_tangent_margin,form_matched_progress_error_m,colour_heading_error_deg,colour_tangent_margin,colour_matched_progress_error_m,elapsed_s,run
4,2,19,apiaviz,ant-4-seed-19-apiaviz.json,d7884268406e35adb98c20a41ddd82dd43c8cd1edd0b894df3ae1680e7b36860,True,0.1715808671085197,0.049985720632408935,0.12689208053855336,8.200000000000001,0,82,0,0.045352710904041145,0.02321775699244222,0.05233892359366063,0.05022941902279854,"[0.0473032146692276, 0.053155623376369476]",0.5573405027389526,0.44708117842674255,0.11025932431221008,54.168582916259766,0.6974999904632568,0.13428007066249847,15.0,-0.0006591156125068665,0.4375,12.5,-0.00014663860201835632,0.40625,1.25,11.25,0.015008114278316498,0.3125,21.25,-0.03626524657011032,1.5625000000000002,7.319334332831204,apiaviz/output/frontend-factorial/20260929T033509.965091Z-65437
4,2,19,oriented_form,ant-4-seed-19-oriented_form.json,70ff96bb78cbef7c802aa0d4679d6a222f92263efdff46937df6c2e6c45b5dfd,True,0.18739855551392787,0.04000711646765272,0.10514537943396879,8.200000000000001,0,82,0,0.03664606515639085,0.020453400916117585,0.04160192954358906,0.05043122544884682,"[0.04770682752132416, 0.053155623376369476]",0.534752368927002,0.4298257827758789,0.10492658615112305,56.697593688964844,0.718999981880188,0.13166840374469757,12.5,0.021617114543914795,0.34375,12.5,0.020821914076805115,0.3125,2.75,16.25,0.033706165850162506,0.8125000000000001,21.25,-0.03626524657011032,1.5625000000000002,7.376446041977033,apiaviz/output/frontend-factorial/20260929T033509.965091Z-65437
4,2,19,linear_colour,ant-4-seed-19-linear_colour.json,76b4ddab9570e5230d11135ad3f43b0e3212e551180a5a513f24ec07dca708c7,True,0.16092319752805206,0.0334961473966905,0.08865106078166068,8.200000000000001,0,82,0,0.03130628171866944,0.012711391350278966,0.024244225917502575,0.05012315884232521,"[0.0473032146692276, 0.05294310674071312]",0.5522103309631348,0.44336700439453125,0.10884332656860352,53.99872589111328,0.7053750157356262,0.13357259333133698,16.25,-0.0017464272677898407,0.4375,13.75,-0.002532951533794403,0.4375,0.5,11.25,0.015008114278316498,0.3125,26.25,-0.04358803480863571,2.0625,7.609551541972905,apiaviz/output/frontend-factorial/20260929T033509.965091Z-65437
4,2,19,oriented_linear,ant-4-seed-19-oriented_linear.json,20aab32ffef8331fbe3894cb7f9c0b854a9ba7f053bae9abb3de2701709ba3a8,True,0.17788190100150172,0.07600230990509507,0.2105767428841249,8.4,0,84,0,0.07241127907564947,0.057757050521361576,0.08839009503009208,0.05032496526837349,"[0.04770682752132416, 0.05294310674071312]",0.5295902490615845,0.4260568618774414,0.10353338718414307,56.57406234741211,0.7268750071525574,0.13094696402549744,12.5,0.017985321581363678,0.375,12.5,0.017681580036878586,0.375,0.0,16.25,0.033706165850162506,0.8125000000000001,26.25,-0.04358803480863571,2.0625,7.433924667071551,apiaviz/output/frontend-factorial/20260929T033509.965091Z-65437
4,2,19,sobel_colour,ant-4-seed-19-sobel_colour.json,50ad98bb99986373ed814bd379f85dd6804a959462a2230a56189b43de845d1e,True,0.1974999424277296,0.052826236614303974,0.13133228190984317,8.1,0,81,0,0.0453520411002849,0.016346742124850922,0.040751141946581255,0.05000870302319527,"[0.046628180891275406, 0.05338922515511513]",0.5324280858039856,0.4289529025554657,0.1034751832485199,57.49555206298828,0.6802499890327454,0.13206033408641815,12.5,0.010436221957206726,0.4375,12.5,0.010436221957206726,0.4375,0.0,11.25,0.023780107498168945,0.325,27.5,-0.036439500749111176,2.7875000000000005,6.612682749982923,apiaviz/output/frontend-factorial/20260929T033509.965091Z-65437
4,2,19,ardin_input,ant-4-seed-19-ardin_input.json,463baf4fe47dbf55824613724d8068764a62726105648479981e05bdd905d348,False,3.502785713873286,0.240590754540941,0.9050100347440677,20.0,0,200,0,0.23613720080137074,0.18225809720167188,0.1507248392157181,0.053526606410741806,"[0.05080455169081688, 0.05624866113066673]",0.7015329599380493,0.5946189165115356,0.10691404342651367,39.31473159790039,0.46825000643730164,0.16663408279418945,13.75,0.005578331649303436,0.46875,13.75,0.005578331649303436,0.46875,0.0,16.25,-0.0006040483713150024,1.5625,16.25,-0.00019510090351104736,0.8250000000000001,20.061301082838327,apiaviz/output/frontend-factorial/20260929T033509.965091Z-65437
4,2,31,apiaviz,ant-4-seed-31-apiaviz.json,48a698b2573d8a7617ddb2b79eaf926ba8b7cbda8aea2a523c6410ece55c8067,True,0.19234851928742372,0.28803714693178956,1.1659250238785948,9.9,0,99,0,0.28556329847325573,0.21387354296054772,0.19890447846632103,0.04978564381599426,"[0.04517737776041031, 0.05439390987157822]",0.5636900067329407,0.4539244771003723,0.10976552963256836,53.19829177856445,0.6841250061988831,0.13565382361412048,13.75,0.00608651340007782,0.40625,13.75,0.01084698736667633,0.375,1.0,10.0,0.020078785717487335,0.125,32.5,-0.03494101017713547,1.4625,7.570974249858409,apiaviz/output/frontend-factorial/20260929T033509.965091Z-65437
4,2,31,oriented_form,ant-4-seed-31-oriented_form.json,32104bb6e1d171118d55db8e884755c5f5f5d485e2543539677b660c7e20e49d,True,0.10815839200868563,0.02092135097647098,0.08658855048062197,8.200000000000001,0,82,0,0.015926941760236624,0.01433212257373054,0.018490880374550163,0.052468039095401764,"[0.05054216831922531, 0.05439390987157822]",0.5319563150405884,0.4292396008968353,0.10271671414375305,56.414459228515625,0.7258750200271606,0.1343744397163391,8.75,0.021692175418138504,0.375,8.75,0.02135235071182251,0.28125,5.25,20.0,0.04931391030550003,0.75,32.5,-0.03494101017713547,1.4625,6.5115080419927835,apiaviz/output/frontend-factorial/20260929T033509.965091Z-65437
4,2,31,linear_colour,ant-4-seed-31-linear_colour.json,b8d0f524ca7f59ab0e6130393f8a32dfdf6ce9543a863709752b99a2c94dca1a,True,0.19896757544828694,0.23416273735033144,1.0142207565603452,10.600000000000001,0,106,0,0.23147962302449324,0.19066555643123717,0.13185436977506046,0.04954802617430687,"[0.04517737776041031, 0.05391867458820343]",0.5592077970504761,0.4493214190006256,0.10988637804985046,53.07860565185547,0.6891250014305115,0.13454118371009827,13.75,0.005656309425830841,0.34375,13.75,0.007777787744998932,0.375,0.5,10.0,0.020078785717487335,0.125,26.25,-0.02682274580001831,1.4000000000000001,8.318486667005345,apiaviz/output/frontend-factorial/20260929T033509.965091Z-65437
4,2,31,oriented_linear,ant-4-seed-31-oriented_linear.json,37d4167693cd13bc17a744a1ea9486c874f85295b659fe6d814da99629711093,True,0.19667589213869535,0.0538397959451157,0.12300458853277206,8.200000000000001,0,82,0,0.05010708607006604,0.029624723459004767,0.06361986284514995,0.05223042145371437,"[0.05054216831922531, 0.05391867458820343]",0.5277432203292847,0.4248296916484833,0.10291352868080139,56.26214599609375,0.7308750152587891,0.13325591385364532,8.75,0.017493415623903275,0.25,8.75,0.01600499451160431,0.25,1.0,20.0,0.04931391030550003,0.75,26.25,-0.02682274580001831,1.4000000000000001,7.518633082974702,apiaviz/output/frontend-factorial/20260929T033509.965091Z-65437
4,2,31,sobel_colour,ant-4-seed-31-sobel_colour.json,030ccd1995b60eacbe2fa62f1abe62f9b4a0916856063a63f7edb597d0f97d4c,True,0.1257128336335218,0.0636894963102358,0.13934766014998884,8.4,0,84,0,0.059553685688002365,0.04815895304644991,0.07455827749767273,0.05223929136991501,"[0.05106224864721298, 0.053416330367326736]",0.5349913835525513,0.4219321012496948,0.11305928230285645,56.4208984375,0.6957499980926514,0.13359443843364716,13.75,0.006040453910827637,0.40625,13.75,0.0059511736035346985,0.40625,0.0,11.25,0.026325233280658722,0.3375,21.25,-0.03759048879146576,2.2750000000000004,6.929660541005433,apiaviz/output/frontend-factorial/20260929T033509.965091Z-65437
4,2,31,ardin_input,ant-4-seed-31-ardin_input.json,3b9671ff7828267674598d0d6688c6eafa8de4ca5e6216b1fc2e53e73544983c,False,6.832669238188322,2.2022008939556854,5.237654181116343,20.0,0,200,0,2.201944960125004,0.918481327343311,1.9296755080122105,0.056994978338479996,"[0.05609002709388733, 0.05789993330836296]",0.692151665687561,0.5768841505050659,0.11526751518249512,39.22876739501953,0.4723750054836273,0.1697995513677597,2.5,0.017756059765815735,0.3125,2.5,0.017756059765815735,0.3125,0.0,13.75,0.016710691154003143,0.6000000000000001,15.0,0.005976036190986633,0.9375,20.29635633295402,apiaviz/output/frontend-factorial/20260929T033509.965091Z-65437
4,2,43,apiaviz,ant-4-seed-43-apiaviz.json,7e54bceebf3d51927f703cac63a7df2f73ee768bc4e6c8b325cbf6519d38e759,True,0.1636996730731677,0.0675603539983224,0.14309594465778977,8.3,0,83,0,0.06119843198002324,0.036835706899944504,0.08190690382862392,0.04857446625828743,"[0.04454685375094414, 0.052602075040340424]",0.5676918029785156,0.4557548463344574,0.11193695664405823,52.797908782958984,0.6815000176429749,0.13365580141544342,11.25,0.03545795753598213,0.34375,8.75,0.02852247655391693,0.375,3.5,12.5,0.03739409148693085,0.2625,17.5,-0.015082061290740967,0.9375,6.686795582994819,apiaviz/output/frontend-factorial/20260929T033509.965091Z-65437
4,2,43,oriented_form,ant-4-seed-43-oriented_form.json,408d289a5e5e7291371d76f629844f85d3359330b08f349448f0ee43a4786814,True,0.13918013308821592,0.047675231168936086,0.13250858350603473,8.4,0,84,0,0.03852368889089849,0.02361868916407325,0.04536808677350605,0.05170063674449921,"[0.05079919844865799, 0.052602075040340424]",0.5320024490356445,0.4264836013317108,0.10551884770393372,56.78483963012695,0.7254999876022339,0.13281254470348358,12.5,0.03240480646491051,0.28125,5.0,0.026388518512248993,0.3125,6.75,11.25,0.04180963337421417,0.3375,17.5,-0.015082061290740967,0.9375,7.431347792036831,apiaviz/output/frontend-factorial/20260929T033509.965091Z-65437
4,2,43,linear_colour,ant-4-seed-43-linear_colour.json,f69191f64746b469de019d4731c233ff4522b4874df739e64f1f09941fce25d1,True,0.1050898216005353,0.23605498448953033,0.9461167557187052,13.8,0,138,0,0.2317507331122039,0.2115364327126883,0.1531991707620996,0.04816465824842453,"[0.04454685375094414, 0.05178246274590492]",0.561272144317627,0.448538601398468,0.11273354291915894,52.50603485107422,0.6896250247955322,0.13227961957454681,15.0,0.027582839131355286,0.40625,16.25,0.028538141399621964,0.40625,1.5,12.5,0.03739409148693085,0.2625,21.25,-0.026112854480743408,0.975,10.742970874998719,apiaviz/output/frontend-factorial/20260929T033509.965091Z-65437
4,2,43,oriented_linear,ant-4-seed-43-oriented_linear.json,cae9e64cc797965c5cc15fd1f0e9644b0282005fda21f7f8623ff69adca25b06,False,1.2141438736104346,0.6366458447319484,1.5257160495179785,20.0,0,200,0,0.6353734950266522,0.0802354726095575,0.6275126184483407,0.05129082873463631,"[0.05079919844865799, 0.05178246274590492]",0.5256863236427307,0.41915464401245117,0.10653167963027954,56.550392150878906,0.7336249947547913,0.131437286734581,6.25,0.024154525250196457,0.375,6.25,0.02445593848824501,0.375,0.5,11.25,0.04180963337421417,0.3375,21.25,-0.026112854480743408,0.975,14.923581500072032,apiaviz/output/frontend-factorial/20260929T033509.965091Z-65437
4,2,43,sobel_colour,ant-4-seed-43-sobel_colour.json,d1f8cfca16a0b82a4b169b0283581c890b2e283adbb684e512d87fd8a003800f,True,0.1747649749118638,0.199215903456137,1.076564770575637,11.3,0,113,0,0.19236621756231384,0.15101501758737468,0.0491685315888848,0.05159521475434303,"[0.049584001302719116, 0.05360642448067665]",0.5341045260429382,0.41926807165145874,0.11483645439147949,56.000221252441406,0.6887500286102295,0.1329643279314041,12.5,0.021055806428194046,0.28125,12.5,0.021055806428194046,0.28125,0.0,3.75,0.04000754654407501,0.05,28.75,-0.038234516978263855,1.85,8.714094541966915,apiaviz/output/frontend-factorial/20260929T033509.965091Z-65437
4,2,43,ardin_input,ant-4-seed-43-ardin_input.json,7c43b3870050169b30d3dacffec49f972d872040d86cd76cda644160e5d88635,True,0.1549294392261374,0.16492325514910605,0.7876386848798667,9.5,0,95,0,0.16316915904112275,0.047513986547469134,0.04601226271967167,0.05663637816905975,"[0.05643607676029205, 0.056836679577827454]",0.6931992173194885,0.5780155062675476,0.11518371105194092,40.48558807373047,0.47337499260902405,0.16873402893543243,5.0,0.022924408316612244,0.34375,5.0,0.022924408316612244,0.34375,0.25,5.0,0.01621045172214508,0.42500000000000004,13.75,0.011495120823383331,0.48750000000000004,13.285978500032797,apiaviz/output/frontend-factorial/20260929T033509.965091Z-65437
4,2,59,apiaviz,ant-4-seed-59-apiaviz.json,6ed36a621cfb0fa0e9c28f4f42e9d3e31d6b68b91451ff150f58c110e65f2f82,True,0.19367637457170236,0.3447493244172646,1.0684485793491976,15.8,0,158,0,0.34152850608635693,0.1741750732721794,0.1482090255875056,0.049482762813568115,"[0.046320948749780655, 0.052644576877355576]",0.5536180138587952,0.44310104846954346,0.11051696538925171,54.55290222167969,0.6886249780654907,0.1329289972782135,8.75,0.019301511347293854,0.3125,8.75,0.020532619208097458,0.28125,7.75,7.5,0.0218062624335289,0.05,28.75,-0.02359769493341446,1.625,11.534941292135045,apiaviz/output/frontend-factorial/20260929T033509.965091Z-65437
4,2,59,oriented_form,ant-4-seed-59-oriented_form.json,4ee26f72777661bd99f399006b9b7c1364acac005aaff26df072f2290048da1e,True,0.18327332885530612,0.04861594903162945,0.11545474870239515,8.200000000000001,0,82,0,0.042466141592997886,0.01859558943977537,0.038729743463142806,0.05030287802219391,"[0.04796117916703224, 0.052644576877355576]",0.5323672294616699,0.42749854922294617,0.10486868023872375,56.91455078125,0.7214999794960022,0.1314026415348053,8.75,0.024583082646131516,0.4375,8.75,0.021937862038612366,0.5,2.25,5.0,0.035152219235897064,0.275,28.75,-0.02359769493341446,1.625,7.3842709579039365,apiaviz/output/frontend-factorial/20260929T033509.965091Z-65437
4,2,59,linear_colour,ant-4-seed-59-linear_colour.json,c625b587bd395d9f71e515573fb77c910d85b3541ebec15a320669ffab41a691,True,0.12144332722726726,0.057049534790889915,0.3630183180564259,10.8,0,108,0,0.050455356783018115,0.08135336094719384,0.02856575739439058,0.0492948442697525,"[0.046320948749780655, 0.05226873978972435]",0.5477328300476074,0.43827760219573975,0.10945522785186768,54.82816696166992,0.6956250071525574,0.1318214386701584,8.75,0.021023716777563095,0.3125,8.75,0.022131748497486115,0.3125,2.0,7.5,0.0218062624335289,0.05,26.25,-0.030649833381175995,1.4125000000000003,8.75749804195948,apiaviz/output/frontend-factorial/20260929T033509.965091Z-65437
4,2,59,oriented_linear,ant-4-seed-59-oriented_linear.json,121520ec982fa78e020377cc0b2be5c12660524518f78b0ac5b7139e14fee725,True,0.14236703325175543,0.2731984965479836,0.9104419368178636,10.4,0,104,0,0.27135409786203035,0.3677439223730206,0.13327179820922797,0.050114959478378296,"[0.04796117916703224, 0.05226873978972435]",0.5264763236045837,0.4227575361728668,0.10371878743171692,57.1074333190918,0.7285000085830688,0.13028328120708466,8.75,0.022967644035816193,0.4375,8.75,0.02199861779808998,0.4375,0.0,5.0,0.035152219235897064,0.275,26.25,-0.030649833381175995,1.4125000000000003,9.660109417047352,apiaviz/output/frontend-factorial/20260929T033509.965091Z-65437
4,2,59,sobel_colour,ant-4-seed-59-sobel_colour.json,a3dd5b3048959c53aaad4fb2e7f1a931f7888b0ac8fc8fba381377f117351d55,True,0.17356845852195638,0.26271928577162657,0.9611060526220833,12.700000000000001,0,127,0,0.2595635896189474,0.24316133567610934,0.0818390452573967,0.05008048936724663,"[0.04761680215597153, 0.05254417657852173]",0.5235425233840942,0.41433531045913696,0.10920721292495728,57.38352584838867,0.6948750019073486,0.130001038312912,13.75,0.02375563606619835,0.4375,13.75,0.02375563606619835,0.4375,0.0,11.25,0.033298857510089874,0.3375000000000001,25.0,-0.03339877724647522,1.8125000000000002,8.591481749899685,apiaviz/output/frontend-factorial/20260929T033509.965091Z-65437
4,2,59,ardin_input,ant-4-seed-59-ardin_input.json,1e7c52e7bfbcd6f03a433e94762af25e4088e21140b1c927e5d02c6b214a86e9,False,2.2451116998945735,0.366776365377774,1.3380716928754404,20.0,0,200,0,0.36505596114201994,0.20297730364916908,0.24078320786405316,0.05546887591481209,"[0.054362449795007706, 0.05657530203461647]",0.7059342265129089,0.5912349820137024,0.11469924449920654,39.10383987426758,0.4673750102519989,0.1694078892469406,12.5,0.008396849036216736,0.375,15.0,0.008231565356254578,0.375,0.5,27.5,-0.006575487554073334,1.2999999999999998,18.75,0.006601110100746155,0.8500000000000001,20.673416208010167,apiaviz/output/frontend-factorial/20260929T033509.965091Z-65437
4,2,71,apiaviz,ant-4-seed-71-apiaviz.json,989716c2c0b982d73bd41256d4b45142ae181f69e22824c67f67954a23f9e87e,True,0.17387812836534647,0.027833103147444978,0.08601785829821712,8.200000000000001,0,82,0,0.025391277401337987,0.012711391350278966,0.023556584675017995,0.04786696657538414,"[0.04677610471844673, 0.04895783215761185]",0.5523394346237183,0.4416738450527191,0.11066558957099915,54.395877838134766,0.6804999709129333,0.1308574229478836,15.0,0.019983477890491486,0.40625,12.5,0.024116389453411102,0.375,2.75,13.75,0.01701951026916504,0.325,20.0,-0.03647240251302719,0.7625,7.470801250077784,apiaviz/output/frontend-factorial/20260929T033509.965091Z-65437
4,2,71,oriented_form,ant-4-seed-71-oriented_form.json,c8a6495cae2559c6606faa1a4337c3d05e1f14d1f00d3dceffdff01ae3fd71da,True,0.12805868466032136,0.07700934932987959,0.14440860013220885,8.200000000000001,0,82,0,0.07253006813608678,0.04081257786357973,0.09393225166978934,0.049714189022779465,"[0.05047054961323738, 0.04895783215761185]",0.5285229682922363,0.4205150604248047,0.10800790786743164,57.005516052246094,0.7138749957084656,0.1292232722043991,13.75,0.02799365669488907,0.4375,13.75,0.031499095261096954,0.46875,1.75,13.75,0.04260315001010895,0.42500000000000004,20.0,-0.03647240251302719,0.7625,7.286095625022426,apiaviz/output/frontend-factorial/20260929T033509.965091Z-65437
4,2,71,linear_colour,ant-4-seed-71-linear_colour.json,7dd7ab4e25be5e6369ef1882d8337957a0a35941365bd930785484b147e231af,True,0.17198665966444296,0.16536740014718504,0.5199705881299844,12.8,0,128,0,0.16122704995124532,0.14819890336126373,0.126985361419152,0.047701139003038406,"[0.04677610471844673, 0.04862616956233978]",0.5468015074729919,0.43922173976898193,0.10757976770401001,54.28742599487305,0.6901249885559082,0.13003087043762207,13.75,0.02164154127240181,0.4375,12.5,0.02218392863869667,0.4375,0.5,13.75,0.01701951026916504,0.325,17.5,-0.030740097165107727,0.48750000000000004,9.702878249809146,apiaviz/output/frontend-factorial/20260929T033509.965091Z-65437
4,2,71,oriented_linear,ant-4-seed-71-oriented_linear.json,3e65c30cee1791ea4c6cd31adc3d3f2bde7bba5f99ddeff0bc2e10bd9cf2bf6c,True,0.1542235174601335,0.02775832456599409,0.07792712827268572,8.200000000000001,0,82,0,0.025739933334742365,0.02477378209952711,0.029098906383332332,0.04954836145043373,"[0.05047054961323738, 0.04862616956233978]",0.5232400894165039,0.41816794872283936,0.10507214069366455,56.7733039855957,0.7235000133514404,0.12838858366012573,13.75,0.02796487882733345,0.40625,13.75,0.02632409706711769,0.46875,1.25,13.75,0.04260315001010895,0.42500000000000004,17.5,-0.030740097165107727,0.48750000000000004,8.381761041935533,apiaviz/output/frontend-factorial/20260929T033509.965091Z-65437
4,2,71,sobel_colour,ant-4-seed-71-sobel_colour.json,426a4772ca8f3ceb1cfe64327396f5e1bdb10485a8faaff371f6b772e642d607,False,0.9538540409848529,0.5615171000225053,1.6680349650153623,20.0,0,200,0,0.559719206168333,0.12703009861883457,0.5056278062986028,0.05067118629813194,"[0.05112817883491516, 0.050214190036058426]",0.5390246510505676,0.4221198856830597,0.11690476536750793,55.61426544189453,0.6837499737739563,0.13157983124256134,11.25,0.031283680349588394,0.375,11.25,0.031283680349588394,0.375,0.0,10.0,0.04719842970371246,0.5625,18.75,-0.016093067824840546,1.7875,13.10143524990417,apiaviz/output/frontend-factorial/20260929T033509.965091Z-65437
4,2,71,ardin_input,ant-4-seed-71-ardin_input.json,a580a3662f85df21e245bdc19c64f999fce6a78ecfb5c9899bd97bb56de3b5c8,True,0.14050598748520077,0.3326699341841889,1.2933774730991292,14.5,0,145,0,0.3294463760247594,0.12917243030842443,0.178960262507454,0.05545130372047424,"[0.05667402967810631, 0.05422858148813248]",0.6872454285621643,0.5735852718353271,0.11366015672683716,39.098655700683594,0.4701249897480011,0.1665753722190857,13.75,0.012449018657207489,0.34375,13.75,0.012449018657207489,0.34375,0.0,16.25,0.005328856408596039,0.525,15.0,0.008090659976005554,0.7875,18.577107540797442,apiaviz/output/frontend-factorial/20260929T033509.965091Z-65437
6,2,19,apiaviz,ant-6-seed-19-apiaviz.json,a8af8d93562ff00700f673d60a8b09ef3a0a88a75c203d9ba88048565506b2a9,False,7.89003308093235,2.616404833861672,7.89003308093235,20.0,0,200,0,2.614431613791826,0.023640787813450075,1.4192231210826134,0.05009722337126732,"[0.04737482964992523, 0.052819617092609406]",0.5400687456130981,0.42901888489723206,0.11104986071586609,51.8077507019043,0.7226250171661377,0.13561850786209106,12.5,0.02885632961988449,0.28125,12.5,0.02754984050989151,0.3125,2.0,2.5,0.04390345513820648,0.0625,22.5,-0.031156525015830994,0.43750000000000006,13.343434874899685,apiaviz/output/frontend-factorial/20260929T033509.965091Z-65437
6,2,19,oriented_form,ant-6-seed-19-oriented_form.json,bb850f5382058af0a59271c0637a453f9d4d087477a4a46501b8844979c40cc0,True,0.1988902174105498,0.030945507650934363,0.1742882737463505,8.200000000000001,0,82,0,0.029360035443612147,0.006171466542161009,0.010798132944116374,0.050427984446287155,"[0.048036351799964905, 0.052819617092609406]",0.5187640190124512,0.4066596031188965,0.11210441589355469,53.841854095458984,0.7434999942779541,0.1328466385602951,13.75,0.03410367667675018,0.28125,13.75,0.029791012406349182,0.3125,3.75,7.5,0.05832793563604355,0.0875,22.5,-0.031156525015830994,0.43750000000000006,8.61366575001739,apiaviz/output/frontend-factorial/20260929T033509.965091Z-65437
6,2,19,linear_colour,ant-6-seed-19-linear_colour.json,9cb18fbb9b890a9ce7e83fd198ec7b5f56e9e5dfed22152a335e3ef9108d812a,False,7.269416428556475,2.2325235983942315,7.269416428556475,20.0,0,200,0,2.2307336710629664,0.05949562660366523,1.2879904078628674,0.050106823444366455,"[0.04737482964992523, 0.05283882096409798]",0.536839485168457,0.4245520532131195,0.11228743195533752,51.39418411254883,0.7318750023841858,0.13504013419151306,13.75,0.026687294244766235,0.375,12.5,0.028832141309976578,0.34375,3.5,2.5,0.04390345513820648,0.0625,23.75,-0.031881608068943024,0.15000000000000002,12.365740916924551,apiaviz/output/frontend-factorial/20260929T033509.965091Z-65437
6,2,19,oriented_linear,ant-6-seed-19-oriented_linear.json,633498f1605a73d9b7a28a73c118a432408310bde87e19a7214f5a13aa9f18d8,True,0.19361441789483272,0.050046004840488344,0.1405339330163385,8.1,0,81,0,0.0479933983373035,0.022153958211647274,0.040267865541603484,0.05043758451938629,"[0.048036351799964905, 0.05283882096409798]",0.5155999660491943,0.40200483798980713,0.11359512805938721,53.469173431396484,0.7527499794960022,0.1322561353445053,6.25,0.031459640711545944,0.3125,13.75,0.029084913432598114,0.3125,1.5,7.5,0.05832793563604355,0.0875,23.75,-0.031881608068943024,0.15000000000000002,7.609588583000004,apiaviz/output/frontend-factorial/20260929T033509.965091Z-65437
6,2,19,sobel_colour,ant-6-seed-19-sobel_colour.json,bcb9dc2f7092dff71eaa54bb7aab0e5685013c0aa4aae1e2f912b94a0eb25b62,False,3.3155713324958396,1.1060074140513323,3.3155713324958396,20.0,0,200,0,1.1051324152726458,0.006628087341004227,1.4156960318957936,0.04961865395307541,"[0.04659533500671387, 0.05264197662472725]",0.5225650072097778,0.40512391924858093,0.1174410879611969,53.835628509521484,0.7095000147819519,0.13198526203632355,12.5,0.018772922456264496,0.34375,12.5,0.018890880048274994,0.34375,0.0,2.5,0.04282490164041519,0.05,16.25,-0.023032359778881073,0.07500000000000001,11.523107000160962,apiaviz/output/frontend-factorial/20260929T033509.965091Z-65437
6,2,19,ardin_input,ant-6-seed-19-ardin_input.json,9bf1088442069424723f2ec7c2dd8b4109ebbc67f1d5fa31f4b8131393a8a392,False,1.7654765758415478,0.7870349103363489,1.5982231596750232,20.0,0,200,0,0.7863205383010206,0.2270601564359511,0.858094657109652,0.053654320538043976,"[0.05049211159348488, 0.05681652948260307]",0.6647218465805054,0.5739151239395142,0.09080672264099121,43.07201385498047,0.5258749723434448,0.1644544154405594,16.25,0.020706675946712494,0.34375,16.25,0.020706675946712494,0.34375,0.0,10.0,0.005985476076602936,0.35000000000000003,15.0,0.011370822787284851,0.45000000000000007,20.84240579092875,apiaviz/output/frontend-factorial/20260929T033509.965091Z-65437
6,2,31,apiaviz,ant-6-seed-31-apiaviz.json,4e58c4ece35097828e36f1fa42415ae21c1502fea8b0383922af167f4074be09,False,2.8228135180047067,0.7532785913777111,2.8228135180047067,20.0,0,200,0,0.7514412361001115,0.09036479206273501,0.22617639022195968,0.049220334738492966,"[0.04495987668633461, 0.05348079651594162]",0.5427976846694946,0.4264615774154663,0.11633610725402832,48.84392547607422,0.7113749980926514,0.1357853263616562,11.25,0.017807021737098694,0.3125,12.5,0.01637701690196991,0.3125,2.0,2.5,0.06154865026473999,0.05,21.25,-0.038350313901901245,1.0875,12.584876708919182,apiaviz/output/frontend-factorial/20260929T033509.965091Z-65437
6,2,31,oriented_form,ant-6-seed-31-oriented_form.json,7e58751274a442d0f9b03c4008069ac78fdd34c5c9e637677f442302c757bc2e,False,4.239184391699287,1.330625378005627,4.000670916231861,20.0,0,200,0,1.3296317324147173,0.008820220744225393,1.5185622723053553,0.05182921886444092,"[0.050177641212940216, 0.05348079651594162]",0.5216209292411804,0.4017329514026642,0.11988797783851624,51.54433059692383,0.746749997138977,0.1347496658563614,13.75,0.022211618721485138,0.3125,12.5,0.020009338855743408,0.28125,1.0,2.5,0.06513779610395432,0.05,21.25,-0.038350313901901245,1.0875,13.124032750027254,apiaviz/output/frontend-factorial/20260929T033509.965091Z-65437
6,2,31,linear_colour,ant-6-seed-31-linear_colour.json,9c96b1ac000471127782d5cd44b5b0d8d0f8ec0743cf050ff52d25a5e404a14c,False,2.050073756819219,0.5201023073576292,2.050073756819219,20.0,0,200,0,0.5189432882224222,0.04949469790164193,0.40277990517775253,0.049185529351234436,"[0.04495987668633461, 0.053411178290843964]",0.5393646359443665,0.423424631357193,0.11594000458717346,48.90277099609375,0.718500018119812,0.13492754101753235,11.25,0.01967800408601761,0.21875,12.5,0.02033454179763794,0.25,2.0,2.5,0.06154865026473999,0.05,22.5,-0.041284315288066864,1.5125,12.965266708051786,apiaviz/output/frontend-factorial/20260929T033509.965091Z-65437
6,2,31,oriented_linear,ant-6-seed-31-oriented_linear.json,ba57a72f25dd077d2df7d2fdb521942ef97161bda00b8f03cccae495405e5382,True,0.1945300744369936,0.01058296272934397,0.030069292707569112,7.9,0,79,0,0.009546644244606224,0.008748728375947151,0.008800876327415955,0.05179440975189209,"[0.050177641212940216, 0.053411178290843964]",0.5184832215309143,0.3989902138710022,0.11949300765991211,51.63569259643555,0.7538750171661377,0.13388592004776,12.5,0.02382352203130722,0.25,12.5,0.02391919493675232,0.3125,1.25,2.5,0.06513779610395432,0.05,22.5,-0.041284315288066864,1.5125,7.511191792087629,apiaviz/output/frontend-factorial/20260929T033509.965091Z-65437
6,2,31,sobel_colour,ant-6-seed-31-sobel_colour.json,c7e7333955a11552dceb69da928e4db64e6237139c01f2ffa3d7de99402afce2,False,6.465544122005027,1.735012311050707,5.9604688903366805,20.0,0,200,0,1.7331738517451145,0.03521027782126989,1.4435159211533377,0.05146364867687225,"[0.05014163255691528, 0.052785664796829224]",0.5162051916122437,0.40159115195274353,0.11461403965950012,54.18842315673828,0.71875,0.13280393183231354,13.75,0.027768507599830627,0.3125,13.75,0.02786601334810257,0.3125,0.0,5.0,0.056380487978458405,0.05,23.75,-0.020263858139514923,0.8375,11.931611208012328,apiaviz/output/frontend-factorial/20260929T033509.965091Z-65437
6,2,31,ardin_input,ant-6-seed-31-ardin_input.json,a2f623404087c879d8e68710d638fe3738011e47766e602df2e81ed176723ed7,False,6.458984117705082,0.47138723874697724,1.5259729438599134,20.0,0,200,0,0.4694875754400064,0.3098967536012946,0.3895466148975285,0.057089850306510925,"[0.056024350225925446, 0.058155350387096405]",0.6558690071105957,0.5599288940429688,0.09594011306762695,42.335418701171875,0.5249999761581421,0.16760912537574768,10.0,0.016630500555038452,0.34375,10.0,0.016630500555038452,0.34375,0.0,17.5,0.006429776549339294,0.5,16.25,0.01052498072385788,0.35000000000000003,20.757907167077065,apiaviz/output/frontend-factorial/20260929T033509.965091Z-65437
6,2,43,apiaviz,ant-6-seed-43-apiaviz.json,3555017f00fbe3b2dd97a2c6291bb328897104ea30850c5925caafff008b6f49,True,0.1933296590304844,0.012804641959650247,0.041252167498969795,7.9,0,79,0,0.011920110551693572,0.009648346832929708,0.009505011641969749,0.04838443174958229,"[0.04472942277789116, 0.052039436995983124]",0.5528464317321777,0.4367322027683258,0.11611422896385193,50.45005416870117,0.7108749747276306,0.13493336737155914,11.25,0.024969063699245453,0.3125,13.75,0.009272687137126923,0.25,6.25,1.25,0.05513942241668701,0.05,25.0,-0.03635246306657791,1.1125,7.045646209036931,apiaviz/output/frontend-factorial/20260929T033509.965091Z-65437
6,2,43,oriented_form,ant-6-seed-43-oriented_form.json,9cf937d82fe47945c863ccd54de1a87a9941f952fdf1cbc90303440821712184,True,0.19204593279774135,0.009509581709449703,0.0285680967012307,7.9,0,79,0,0.008427268832322888,0.006206793628085138,0.007599535715425109,0.05165895074605942,"[0.05127846449613571, 0.052039436995983124]",0.514614462852478,0.3981276750564575,0.11648678779602051,53.67137145996094,0.750374972820282,0.1333223134279251,15.0,0.030288007110357285,0.3125,15.0,0.014858551323413849,0.40625,5.0,3.75,0.04657704383134842,0.05,25.0,-0.03635246306657791,1.1125,6.113120208028704,apiaviz/output/frontend-factorial/20260929T033509.965091Z-65437
6,2,43,linear_colour,ant-6-seed-43-linear_colour.json,007a67b6a5d5823c89533c04df57f07b771b3f805a1e6f95c94384bf079dde9f,True,0.10775741235654361,0.029266850732143898,0.07975382740983611,8.1,0,81,0,0.027477384788596605,0.010145095492122436,0.019842080914690252,0.04808710515499115,"[0.04472942277789116, 0.05144478753209114]",0.547792375087738,0.4312554895877838,0.11653688549995422,50.838043212890625,0.7176250219345093,0.13370859622955322,12.5,0.007738761603832245,0.28125,12.5,0.008433222770690918,0.28125,2.0,1.25,0.05513942241668701,0.05,25.0,-0.047630809247493744,0.6875,6.294983291998506,apiaviz/output/frontend-factorial/20260929T033509.965091Z-65437
6,2,43,oriented_linear,ant-6-seed-43-oriented_linear.json,8601d3a2cc4a76b5781f80223c601e897f6291bdd7297b752f3886d982f254c2,True,0.19204593279774135,0.009401110462297786,0.0285680967012307,7.9,0,79,0,0.008312854654216436,0.006026019226676948,0.007499240034548287,0.05136162415146828,"[0.05127846449613571, 0.05144478753209114]",0.5096072554588318,0.39286717772483826,0.11674007773399353,53.88978576660156,0.7571250200271606,0.13208997249603271,15.0,0.019177187234163284,0.34375,15.0,0.018957193940877914,0.34375,0.25,3.75,0.04657704383134842,0.05,25.0,-0.047630809247493744,0.6875,7.056718125008047,apiaviz/output/frontend-factorial/20260929T033509.965091Z-65437
6,2,43,sobel_colour,ant-6-seed-43-sobel_colour.json,f80daea312c36a8c3ec9143ed26083b5e5d90e0cd8b37774f0715f9f0d421694,True,0.1985425493921872,0.026745024440502033,0.06950637425670528,7.9,0,79,0,0.023047865576031144,0.033743332230241646,0.011719245527031566,0.051925238221883774,"[0.05058161914348602, 0.05326886102557182]",0.5124398469924927,0.3955705463886261,0.11686930060386658,55.18258285522461,0.7222499847412109,0.13281942903995514,10.0,0.028527382761240005,0.3125,10.0,0.028527382761240005,0.3125,0.0,12.5,0.04099098592996597,0.05,17.5,-0.022255875170230865,0.41250000000000003,6.492460084147751,apiaviz/output/frontend-factorial/20260929T033509.965091Z-65437
6,2,43,ardin_input,ant-6-seed-43-ardin_input.json,6b78c5f80943f759003fd83c6ddf67ecf2a3b8c4cb199d235b7cb6c6b88e9609,False,7.171789562217667,2.450002830969184,7.171789562217667,20.0,0,200,0,2.448655840104654,0.0816830563032896,1.8669266818018868,0.05640089139342308,"[0.05624828487634659, 0.05655349791049957]",0.652161180973053,0.5572814345359802,0.09487974643707275,42.18080139160156,0.5323749780654907,0.16567909717559814,15.0,0.02047322690486908,0.46875,15.0,0.02047322690486908,0.46875,0.0,15.0,0.01973457634449005,0.275,12.5,0.011713862419128418,0.2875,21.5792960410472,apiaviz/output/frontend-factorial/20260929T033509.965091Z-65437
6,2,59,apiaviz,ant-6-seed-59-apiaviz.json,11e32dc40bcc66c5c023dc796b5f3990fbe51f0f493189ec1909b4a932727e5f,False,1.4090801290404844,1.2656529319885417,2.8306264720639875,20.0,0,200,0,1.2649059745640965,0.006171466542161009,1.5695012039967031,0.0496009960770607,"[0.04616255313158035, 0.053039439022541046]",0.5383051633834839,0.41902193427085876,0.11928322911262512,52.22510528564453,0.7163749933242798,0.13454805314540863,10.0,0.03155096620321274,0.28125,12.5,0.02829095721244812,0.3125,1.0,1.25,0.028771333396434784,0.05,11.25,-0.014335893094539642,0.05,12.941944375168532,apiaviz/output/frontend-factorial/20260929T033509.965091Z-65437
6,2,59,oriented_form,ant-6-seed-59-oriented_form.json,5f18fa39177a6639a795f124a4a29b90cd928c97251183c5167b21411689fb95,False,6.0639806568756,1.6442966902365226,6.0639806568756,20.0,0,200,0,1.6432013688174545,0.18964163339454665,0.8574758667034661,0.050740912556648254,"[0.04844238609075546, 0.053039439022541046]",0.5224018692970276,0.4007251560688019,0.12167671322822571,54.83685302734375,0.7433750033378601,0.13320134580135345,13.75,0.039412759244441986,0.40625,15.0,0.03447893261909485,0.40625,1.5,2.5,0.054536253213882446,0.05,11.25,-0.014335893094539642,0.05,13.976534000132233,apiaviz/output/frontend-factorial/20260929T033509.965091Z-65437
6,2,59,linear_colour,ant-6-seed-59-linear_colour.json,67c9a9c220925b7347a513047cd3d8caf6b8689a7e1b5a4d353f2ba449207f9f,True,0.11249350816348046,0.02515971286389133,0.09203268741695024,8.1,0,81,0,0.023473136098499322,0.006862161912081671,0.012902834398515977,0.04945439100265503,"[0.04616255313158035, 0.052746228873729706]",0.5325143337249756,0.4137181341648102,0.1187961995601654,52.20686721801758,0.7256249785423279,0.13334906101226807,12.5,0.029722560197114944,0.28125,12.5,0.02885265275835991,0.3125,0.5,1.25,0.028771333396434784,0.05,12.5,-0.020382165908813477,0.07500000000000001,7.254430000204593,apiaviz/output/frontend-factorial/20260929T033509.965091Z-65437
6,2,59,oriented_linear,ant-6-seed-59-oriented_linear.json,f08245427da657ae31490274b1107d0f9e69f03621a0edf0d756e6e6a80bbc07,True,0.17322162170303979,0.03575668443536646,0.06519441352131775,7.9,0,79,0,0.033536145093373326,0.03598245272148435,0.03796755364510904,0.050594307482242584,"[0.04844238609075546, 0.052746228873729706]",0.5166736841201782,0.3954319953918457,0.12124168872833252,54.82355880737305,0.7526249885559082,0.13199138641357422,7.5,0.03345745429396629,0.375,15.0,0.033141616731882095,0.40625,5.0,2.5,0.054536253213882446,0.05,12.5,-0.020382165908813477,0.07500000000000001,7.516678791958839,apiaviz/output/frontend-factorial/20260929T033509.965091Z-65437
6,2,59,sobel_colour,ant-6-seed-59-sobel_colour.json,4e30432170e8607835deb0c8e838fb803607503ea880f4efca38130cbe841481,True,0.15286079883926973,0.04894482935335547,0.13955330288140844,8.0,0,80,0,0.04498061162025535,0.032354568384432014,0.05447154548028357,0.050574932247400284,"[0.048278119415044785, 0.052871741354465485]",0.5084944367408752,0.38978368043899536,0.11871075630187988,55.323177337646484,0.719124972820282,0.13048185408115387,12.5,0.010867893695831299,0.375,12.5,0.010867893695831299,0.375,0.0,11.25,0.0328696146607399,0.05,18.75,-0.03169487416744232,0.425,6.911915750009939,apiaviz/output/frontend-factorial/20260929T033509.965091Z-65437
6,2,59,ardin_input,ant-6-seed-59-ardin_input.json,3be6c4a3ea0a08774cd89cae890c70b7993cdcc3c1191e24a27c2340f1105a7d,False,2.081718088031398,0.6077494136075599,2.081718088031398,20.0,0,200,0,0.6066532437807131,0.1811421339622754,0.31821091551190694,0.05539197474718094,"[0.054282236844301224, 0.05650171637535095]",0.6669211387634277,0.5762874484062195,0.09063369035720825,41.59663772583008,0.5335000157356262,0.16700918972492218,17.5,0.01566872000694275,0.40625,17.5,0.01566872000694275,0.40625,0.0,18.75,0.008114203810691833,0.6499999999999999,13.75,0.012648887932300568,0.8250000000000001,20.02553524984978,apiaviz/output/frontend-factorial/20260929T033509.965091Z-65437
6,2,71,apiaviz,ant-6-seed-71-apiaviz.json,d7d7b8d1f890fde978871019f64f524bc1138656b3c2e6c737f5954a3f749373,False,3.54262621647664,0.8170006260284239,2.0637362098290164,20.0,0,200,0,0.8159140636097919,0.38373960182447786,0.7754586618626296,0.04831773042678833,"[0.0469372421503067, 0.04969821497797966]",0.5355328917503357,0.4160899817943573,0.1194429099559784,51.64338302612305,0.7149999737739563,0.13207049667835236,11.25,0.0336938351392746,0.46875,11.25,0.030933253467082977,0.40625,2.0,7.5,0.04799811542034149,0.6,26.25,-0.04343801736831665,0.7375,12.612794332904741,apiaviz/output/frontend-factorial/20260929T033509.965091Z-65437
6,2,71,oriented_form,ant-6-seed-71-oriented_form.json,a23d7618934aa0ed85fe38b7fe4efb203e2442ce5e252a918aeaa70bab0b1a1e,True,0.14246656317324383,0.03499779829600594,0.15036126686385298,8.200000000000001,0,82,0,0.033207372818928986,0.006976232536329365,0.011200028655375904,0.05024365708231926,"[0.05078909546136856, 0.04969821497797966]",0.5149213075637817,0.39691874384880066,0.11800256371498108,54.24753952026367,0.7473750114440918,0.13071246445178986,11.25,0.02933354675769806,0.34375,11.25,0.029921840876340866,0.34375,1.25,1.25,0.051296673715114594,0.05,26.25,-0.04343801736831665,0.7375,7.519309124909341,apiaviz/output/frontend-factorial/20260929T033509.965091Z-65437
6,2,71,linear_colour,ant-6-seed-71-linear_colour.json,2399043f71a6a5289a65b76d1f593c9a0c622fa91cf103f786b6abe7d2858bee,True,0.14168037381239074,0.053615749612309124,0.11428016056318636,8.0,0,80,0,0.044478879865258975,0.0319103235512263,0.04993860215939259,0.04812997207045555,"[0.0469372421503067, 0.0493227019906044]",0.5283622741699219,0.4115588068962097,0.11680346727371216,51.95659255981445,0.7198749780654907,0.13123056292533875,11.25,0.03325007110834122,0.40625,12.5,0.028629928827285767,0.40625,1.0,7.5,0.04799811542034149,0.6,25.0,-0.04300682991743088,0.5750000000000001,6.4366742498241365,apiaviz/output/frontend-factorial/20260929T033509.965091Z-65437
6,2,71,oriented_linear,ant-6-seed-71-oriented_linear.json,78588be3bbd1426af15b9aa53cd86b62ca719e799a0f1979e7e51217c8e13b98,True,0.14766384598289808,0.032918514336728655,0.14939335150770983,8.200000000000001,0,82,0,0.031257142871713293,0.006628087341004227,0.010812982508941364,0.05005589872598648,"[0.05078909546136856, 0.0493227019906044]",0.5080174803733826,0.39239302277565,0.11562445759773254,54.470916748046875,0.7522500157356262,0.12986654043197632,11.25,0.02704988420009613,0.3125,11.25,0.02606629580259323,0.3125,0.0,1.25,0.051296673715114594,0.05,25.0,-0.04300682991743088,0.5750000000000001,7.531584332929924,apiaviz/output/frontend-factorial/20260929T033509.965091Z-65437
6,2,71,sobel_colour,ant-6-seed-71-sobel_colour.json,28d9789eadbf6bb0838158b0ec53cf0d30ce8b1d4c4bcdd6f1f4bf8fb84ba841,True,0.1985425493921872,0.027148452393276196,0.0720484875956004,7.9,0,79,0,0.02348667617322379,0.03443665297380603,0.011719245527031566,0.050447702407836914,"[0.050717420876026154, 0.050177983939647675]",0.525067150592804,0.4041931629180908,0.12087398767471313,54.73853302001953,0.7126250267028809,0.1316242665052414,11.25,0.027160365134477615,0.3125,11.25,0.027160365134477615,0.3125,0.0,10.0,0.0492752268910408,0.05,22.5,-0.039152197539806366,0.7625,6.146472542081028,apiaviz/output/frontend-factorial/20260929T033509.965091Z-65437
6,2,71,ardin_input,ant-6-seed-71-ardin_input.json,06e8439789425d510e7ec240454016df074df38c42021bc26ef5ee06cca2dae2,False,8.546448509670418,1.9377262700434346,6.878045544282048,20.0,0,200,0,1.9366188883828332,0.22251122449811536,1.1563164921207494,0.055520061403512955,"[0.05666186660528183, 0.05437825620174408]",0.652373194694519,0.5565600395202637,0.09581315517425537,42.91020584106445,0.5329999923706055,0.16424740850925446,7.5,0.026169046759605408,0.46875,7.5,0.026169046759605408,0.46875,0.0,11.25,0.010524377226829529,0.7374999999999999,7.5,0.019286207854747772,0.5,20.342385499970987,apiaviz/output/frontend-factorial/20260929T033509.965091Z-65437
7,2,19,apiaviz,ant-7-seed-19-apiaviz.json,8d0bea11d10c99acc59ae11e700d818a5d51da79192f593299a7ae2a9e25cee0,True,0.128815291965854,0.1411183839334173,0.7391007877685607,10.3,0,103,0,0.1329541489692507,0.19882154874838387,0.07183942674418152,0.05014634132385254,"[0.046834010630846024, 0.053458672016859055]",0.5765753388404846,0.4397665560245514,0.13680878281593323,50.91313934326172,0.6818749904632568,0.1398695558309555,3.75,0.04032468795776367,0.40625,5.0,0.03540878742933273,0.40625,0.75,11.25,0.05017383396625519,1.125,21.25,0.0020799413323402405,0.8875000000000001,8.626361707923934,apiaviz/output/frontend-factorial/20260929T033509.984256Z-65438
7,2,19,oriented_form,ant-7-seed-19-oriented_form.json,128d77486192c5fdf615f3ec80f7c016869059f122e38a9cdafdd37ab474f125,True,0.16778912457679862,0.1393612738096821,0.6640118377146556,8.9,0,89,0,0.1367917365949321,0.19036303095627527,0.10000000000000035,0.05031300708651543,"[0.0471673458814621, 0.053458672016859055]",0.5498951077461243,0.41938892006874084,0.13050618767738342,54.21100997924805,0.7048749923706055,0.13663479685783386,5.0,0.02943279594182968,0.46875,3.75,0.030720144510269165,0.40625,2.75,3.75,0.053624607622623444,0.05,21.25,0.0020799413323402405,0.8875000000000001,8.476179083110765,apiaviz/output/frontend-factorial/20260929T033509.984256Z-65438
7,2,19,linear_colour,ant-7-seed-19-linear_colour.json,1b7b3911041114365f8c85538ea24bd03027cff10a6c4450127aac3a1149d14c,True,0.14217526219581386,0.18084537801689982,0.6681648877542725,12.8,0,128,0,0.17809704358317105,0.2840463634943351,0.10591102601754884,0.050087228417396545,"[0.046834010630846024, 0.05334044620394707]",0.5752800107002258,0.43674492835998535,0.13853508234024048,50.58650588989258,0.690500020980835,0.13925479352474213,5.0,0.03533191978931427,0.375,3.75,0.03485409915447235,0.40625,3.5,11.25,0.05017383396625519,1.125,25.0,-0.004700154066085815,0.8500000000000001,10.000259791966528,apiaviz/output/frontend-factorial/20260929T033509.984256Z-65438
7,2,19,oriented_linear,ant-7-seed-19-oriented_linear.json,64aa58cbacaca4b0148dbade7c8e66619a3244768b83084bf5f153558624f538,False,4.530893593244383,1.229522428031828,4.530893593244383,20.0,0,200,0,1.2284439200822568,0.24278282874960047,1.0873744903163385,0.05025389418005943,"[0.0471673458814621, 0.05334044620394707]",0.5483758449554443,0.41626274585723877,0.13211309909820557,53.833778381347656,0.7135000228881836,0.1360054761171341,5.0,0.024545133113861084,0.4375,3.75,0.027624525129795074,0.4375,0.5,3.75,0.053624607622623444,0.05,25.0,-0.004700154066085815,0.8500000000000001,13.9528130418621,apiaviz/output/frontend-factorial/20260929T033509.984256Z-65438
7,2,19,sobel_colour,ant-7-seed-19-sobel_colour.json,a45ea55722db5d5e90e8c379c92d2f4fff36677fbcf317f54328706df3642680,False,4.4063557792880585,3.6691438699977423,5.322940630734602,20.0,0,200,0,3.669123135803545,1.1041288309771353,4.45796489692937,0.04997069761157036,"[0.04642445966601372, 0.0535169392824173]",0.5490260124206543,0.42119067907333374,0.12783533334732056,54.28917694091797,0.6732500195503235,0.1360425502061844,10.0,0.03556083142757416,0.3125,10.0,0.03556083142757416,0.3125,0.0,5.0,0.03470626473426819,0.05,22.5,0.013587169349193573,0.725,12.368670749943703,apiaviz/output/frontend-factorial/20260929T033509.984256Z-65438
7,2,19,ardin_input,ant-7-seed-19-ardin_input.json,a1543515787b7dce1ca8387a4d9c78e40abf6410d75f72e9ac9694ee1499d97f,False,1.4030102514198024,0.6675991532888039,1.681992325657936,20.0,0,200,0,0.6652740183307038,0.05523146039112871,0.8061550086678646,0.05366412550210953,"[0.0508451908826828, 0.05648306384682655]",0.7082669138908386,0.5982253551483154,0.1100415587425232,41.050201416015625,0.46299999952316284,0.1691642552614212,13.75,0.013946272432804108,0.5,11.25,0.014726348221302032,0.53125,1.25,10.0,0.014955691993236542,0.8624999999999999,7.5,0.016239553689956665,0.6875,20.39054033299908,apiaviz/output/frontend-factorial/20260929T033509.984256Z-65438
7,2,31,apiaviz,ant-7-seed-31-apiaviz.json,90ff31c0db3f3b0ee4e98dd5f7b6523250b0010879a2e05ff77cfa9b86b26cb8,False,4.692080093814746,1.3420134793629361,2.357857896272532,20.0,0,200,0,1.3418994352679823,0.9921451581387001,1.360512498979702,0.04955555498600006,"[0.0448882095515728, 0.05422290042042732]",0.5749275088310242,0.4430038034915924,0.13192370533943176,51.44025421142578,0.6685000061988831,0.14077956974506378,5.0,0.027575545012950897,0.34375,10.0,0.0242658331990242,0.34375,2.0,5.0,0.03100932389497757,0.05,23.75,-0.008704788982868195,1.5499999999999998,13.014545374782756,apiaviz/output/frontend-factorial/20260929T033509.984256Z-65438
7,2,31,oriented_form,ant-7-seed-31-oriented_form.json,54e206775d0b04c658204083eb41f99b807bf6404650453f1ebfa543e7c8edba,False,9.69396528411324,2.5636681060180075,4.29094504675379,20.0,0,200,0,2.563666856676992,1.9254563105917013,2.616354765697591,0.051919206976890564,"[0.049615513533353806, 0.05422290042042732]",0.5496377348899841,0.4187929034233093,0.1308448314666748,54.21349334716797,0.7071250081062317,0.13911427557468414,3.75,0.03713904693722725,0.3125,5.0,0.03315175324678421,0.3125,2.25,5.0,0.056159354746341705,0.05,23.75,-0.008704788982868195,1.5499999999999998,13.801281499909237,apiaviz/output/frontend-factorial/20260929T033509.984256Z-65438
7,2,31,linear_colour,ant-7-seed-31-linear_colour.json,877d1912c79e0678bc1bd97ede7f0d378a80dccc63d1b74409129aba6b6b24d7,False,5.1694361446825585,1.0737177487883216,2.830273329542835,20.0,0,200,0,1.07300693755967,0.7683119958502279,0.9214615206426879,0.049437668174505234,"[0.0448882095515728, 0.05398712679743767]",0.573370099067688,0.4392271339893341,0.13414296507835388,51.204185485839844,0.6740000247955322,0.13988064229488373,11.25,0.019852183759212494,0.34375,11.25,0.019395992159843445,0.3125,2.5,5.0,0.03100932389497757,0.05,20.0,-0.018749408423900604,0.8500000000000001,13.84154516714625,apiaviz/output/frontend-factorial/20260929T033509.984256Z-65438
7,2,31,oriented_linear,ant-7-seed-31-oriented_linear.json,c4ee28ac6a1b29e39871e936178a68ce3d38a8da2688a646695be3c37e4d7ca3,True,0.19138276198694454,0.160046166156586,0.8255015061792332,10.4,0,104,0,0.15550938563376246,0.22995896011976527,0.08927976630795914,0.05180132016539574,"[0.049615513533353806, 0.05398712679743767]",0.5480266809463501,0.4153103530406952,0.1327163279056549,53.94200897216797,0.7126250267028809,0.13820654153823853,7.5,0.028495460748672485,0.375,7.5,0.027094192802906036,0.40625,1.75,5.0,0.056159354746341705,0.05,20.0,-0.018749408423900604,0.8500000000000001,8.669191082939506,apiaviz/output/frontend-factorial/20260929T033509.984256Z-65438
7,2,31,sobel_colour,ant-7-seed-31-sobel_colour.json,465b361ed13ce330960ed6a238a9e6ab3b8901580c0825752d786c61b66b287b,False,11.86304323722089,4.260728113546781,9.929823905914382,20.0,0,200,0,4.260721104468405,0.9713326282483634,3.2720979835633726,0.051549289375543594,"[0.04989667981863022, 0.05320189520716667]",0.5443964600563049,0.4099365770816803,0.13445988297462463,54.13676452636719,0.6736249923706055,0.13729658722877502,5.0,0.03117532655596733,0.46875,5.0,0.03117532655596733,0.46875,0.0,11.25,0.03852324187755585,0.875,18.75,0.006369777023792267,0.85,12.409530540928245,apiaviz/output/frontend-factorial/20260929T033509.984256Z-65438
7,2,31,ardin_input,ant-7-seed-31-ardin_input.json,b7e38de52d7cf14c444d450151fc66a1f686dd46d73f072b7e8c16fdda661a56,False,14.905308206387907,2.927238495923672,8.531601247128362,20.0,0,200,0,2.9271467518445906,0.7824100104822004,2.110147357506178,0.05716751515865326,"[0.05638177692890167, 0.057953253388404846]",0.6992112994194031,0.5789574384689331,0.12025386095046997,39.9059944152832,0.4620000123977661,0.17209836840629578,5.0,0.025334283709526062,0.34375,5.0,0.025334283709526062,0.34375,0.0,20.0,0.016596369445323944,0.9375,6.25,0.01954241842031479,1.1125,22.157282792031765,apiaviz/output/frontend-factorial/20260929T033509.984256Z-65438
7,2,43,apiaviz,ant-7-seed-43-apiaviz.json,f17e7a815992d1dcd426c7b5fe0d69ae0d56738ca2997453be64646d4fdd79fa,True,0.1354630054995922,0.17765643602695227,0.7651416912499451,9.0,0,90,0,0.17482389862562484,0.2374354761388546,0.1036369755686745,0.04871273785829544,"[0.04469309002161026, 0.05273238569498062]",0.5858650207519531,0.4553370177745819,0.13052800297737122,51.220211029052734,0.6761249899864197,0.13969720900058746,7.5,0.03183222562074661,0.375,12.5,0.02668679505586624,0.4375,2.0,3.75,0.04285683482885361,0.05,26.25,-0.028294295072555542,1.3875,7.7996423749718815,apiaviz/output/frontend-factorial/20260929T033509.984256Z-65438
7,2,43,oriented_form,ant-7-seed-43-oriented_form.json,242889870536270835dd47e2f6c2320383e06db0e9bc5357baeb41f342df767c,False,10.014105289609827,1.751497764926579,3.2488084156193016,20.0,0,200,0,1.751411672558043,1.6525518685044442,1.840582082621936,0.051555048674345016,"[0.05037771165370941, 0.05273238569498062]",0.5513732433319092,0.4183560013771057,0.13301724195480347,54.41312026977539,0.7078750133514404,0.1376791149377823,1.25,0.04155208170413971,0.5,3.75,0.037130825221538544,0.5,1.5,2.5,0.06276513636112213,0.05,26.25,-0.028294295072555542,1.3875,13.955536499852315,apiaviz/output/frontend-factorial/20260929T033509.984256Z-65438
7,2,43,linear_colour,ant-7-seed-43-linear_colour.json,d724cf28f39f9f3c6c319286b4ebe264fbff532630af01c4e055a326b52f6cf4,False,6.976027208837727,1.0269336125828543,2.075812805059176,20.0,0,200,0,1.0263303674541708,0.5930545568681264,1.0400083401121627,0.048422764986753464,"[0.04469309002161026, 0.05215243995189667]",0.5803849697113037,0.4489390254020691,0.13144594430923462,51.29862976074219,0.6847500205039978,0.13854797184467316,12.5,0.028672292828559875,0.4375,12.5,0.029897645115852356,0.4375,0.0,3.75,0.04285683482885361,0.05,26.25,-0.028229013085365295,0.95,13.6021562081296,apiaviz/output/frontend-factorial/20260929T033509.984256Z-65438
7,2,43,oriented_linear,ant-7-seed-43-oriented_linear.json,05742f2addb25b58eb028b52623d042c91669a0bacf3e16c45d240ec2f59b0da,False,7.328959386504567,3.175462482894618,5.911341348591116,20.0,0,200,0,3.1753556914314007,0.9623355768843352,3.0593003723564873,0.05126507580280304,"[0.05037771165370941, 0.05215243995189667]",0.5453611016273499,0.4118281602859497,0.13353294134140015,54.553165435791016,0.7164999842643738,0.1365189254283905,3.75,0.03838682919740677,0.53125,3.75,0.038073450326919556,0.53125,0.0,2.5,0.06276513636112213,0.05,26.25,-0.028229013085365295,0.95,15.576849582837895,apiaviz/output/frontend-factorial/20260929T033509.984256Z-65438
7,2,43,sobel_colour,ant-7-seed-43-sobel_colour.json,31cd9fd91408630b1ad606bf5ba5735a92186893b69379ffe9b946f2ec929c12,False,4.5483968623804065,1.144221604947545,1.8707667526488985,20.0,0,200,0,1.1440595778756086,0.7180688870229762,1.1475355910661498,0.05187635496258736,"[0.05000677332282066, 0.05374593660235405]",0.5458120703697205,0.4102661907672882,0.13554587960243225,54.1351432800293,0.6793749928474426,0.13771551847457886,10.0,0.03000742942094803,0.40625,10.0,0.03000742942094803,0.40625,0.0,6.25,0.035226427018642426,0.05,32.5,-0.023854613304138184,1.5750000000000002,12.958234291989356,apiaviz/output/frontend-factorial/20260929T033509.984256Z-65438
7,2,43,ardin_input,ant-7-seed-43-ardin_input.json,81650bfbbc206a0d074c8479690fcc3108dcaf39bc91a9f54383a3b40b4ca071,False,3.37794483462112,1.3115730267376629,2.468032739453796,20.0,0,200,0,1.3113774593386944,0.8835104420368367,1.2231680721873965,0.05664346367120743,"[0.05642377957701683, 0.05686314404010773]",0.6959093809127808,0.5736839175224304,0.12222546339035034,40.5214729309082,0.46562498807907104,0.17091555893421173,5.0,0.02461039274930954,0.28125,5.0,0.024713531136512756,0.28125,0.0,11.25,0.009439229965209961,0.45,6.25,0.0298248752951622,0.35000000000000003,20.878811415983364,apiaviz/output/frontend-factorial/20260929T033509.984256Z-65438
7,2,59,apiaviz,ant-7-seed-59-apiaviz.json,8c3a0835a62feea52378432139290a7d7e4e3b6fa17bf951fb01d9774241b131,False,7.148105896089344,2.259548063443713,4.245018220190607,20.0,0,200,0,2.259532234557466,1.1253230302664696,2.0734360340308804,0.049517784267663956,"[0.0462818443775177, 0.05275372788310051]",0.5686312913894653,0.42988064885139465,0.13875064253807068,52.28263473510742,0.6701250076293945,0.13825879991054535,5.0,0.03237728774547577,0.375,5.0,0.035920776426792145,0.375,0.25,6.25,0.03949904441833496,0.07500000000000001,13.75,0.0031209364533424377,0.775,13.151591249974445,apiaviz/output/frontend-factorial/20260929T033509.984256Z-65438
7,2,59,oriented_form,ant-7-seed-59-oriented_form.json,c0f436587f3c79f3a6a5a841811ae989c3738cd37786faf5c25e44ba3342b126,False,6.558734749702367,2.5553803337099397,4.932395661731403,20.0,0,200,0,2.555362339156514,1.0590975912089977,2.4337124396055425,0.05029149726033211,"[0.047829266637563705, 0.05275372788310051]",0.5509421229362488,0.4104427695274353,0.14049935340881348,54.92107009887695,0.703000009059906,0.13630789518356323,8.75,0.03119634836912155,0.3125,3.75,0.03130633383989334,0.3125,3.5,5.0,0.04913172870874405,0.0625,13.75,0.0031209364533424377,0.775,15.069776334101334,apiaviz/output/frontend-factorial/20260929T033509.984256Z-65438
7,2,59,linear_colour,ant-7-seed-59-linear_colour.json,21fdf79404a0aa63f17eeabc24d92a2c79d2e25179eade12f4d824abca74d996,True,0.15863707958070886,0.14199358676447738,0.6575206560923622,9.5,0,95,0,0.1396526451187457,0.2114391366299491,0.09560307629755967,0.04935111850500107,"[0.0462818443775177, 0.052420392632484436]",0.5647879838943481,0.4257141947746277,0.13907378911972046,52.3614387512207,0.6787499785423279,0.13720592856407166,5.0,0.02881157025694847,0.375,5.0,0.03316095471382141,0.375,0.5,6.25,0.03949904441833496,0.07500000000000001,23.75,-0.0032459571957588196,1.025,8.375274541787803,apiaviz/output/frontend-factorial/20260929T033509.984256Z-65438
7,2,59,oriented_linear,ant-7-seed-59-oriented_linear.json,3aef6c921dadb5d493d513f5981b35a7d727391c94548228a6d1009a2ca4578b,False,9.256528976788164,1.731000037677451,2.921256203856493,20.0,0,200,0,1.7309775195133732,1.304875040387426,1.7752859751860552,0.05012483149766922,"[0.047829266637563705, 0.052420392632484436]",0.5471717119216919,0.4061446487903595,0.1410270631313324,54.95875549316406,0.7116249799728394,0.13524079322814941,10.0,0.024693474173545837,0.34375,7.5,0.026426218450069427,0.34375,0.5,5.0,0.04913172870874405,0.0625,23.75,-0.0032459571957588196,1.025,15.738617582945153,apiaviz/output/frontend-factorial/20260929T033509.984256Z-65438
7,2,59,sobel_colour,ant-7-seed-59-sobel_colour.json,7719e7038e66b5cdc0c8f1367e9302c8c5b2d08c17c15418d8dba2da6a63dac1,False,9.263035701603707,2.0144649439537865,4.304578650958051,20.0,0,200,0,2.0144549176505757,1.3501430877731544,1.8377338779821524,0.049889057874679565,"[0.04717987775802612, 0.05259823799133301]",0.5370356440544128,0.39966580271720886,0.13736984133720398,54.82608413696289,0.6754999756813049,0.13348577916622162,6.25,0.03204646334052086,0.375,6.25,0.03204646334052086,0.375,0.0,7.5,0.03962795436382294,0.05,13.75,0.010636486113071442,0.17500000000000002,13.264512583147734,apiaviz/output/frontend-factorial/20260929T033509.984256Z-65438
7,2,59,ardin_input,ant-7-seed-59-ardin_input.json,ce4a01efbb4bb5cf97f005cfabbe51603cb550789b8942668fbaaa9b3d64ae2f,False,8.861526987554736,1.3443396772221892,2.732060137437439,20.0,0,200,0,1.3442063874636108,0.8693901003681763,1.2818283966670017,0.055521681904792786,"[0.054474253207445145, 0.05656910687685013]",0.707604706287384,0.5939845442771912,0.11362016201019287,40.90825653076172,0.4586249887943268,0.17177098989486694,15.0,0.012345857918262482,0.40625,15.0,0.012305796146392822,0.40625,1.0,12.5,0.008674956858158112,0.8875,23.75,0.009184584021568298,1.0,23.12253229180351,apiaviz/output/frontend-factorial/20260929T033509.984256Z-65438
7,2,71,apiaviz,ant-7-seed-71-apiaviz.json,f3e6f2d6f98364816130fd61a65df19e4dfbcaf9876212fa066ce3c631afeabe,False,13.446343361174602,5.156923609828544,11.92447425394197,20.0,0,200,0,5.156896661368312,1.1049711009161494,5.441642435378214,0.04782401770353317,"[0.046169038861989975, 0.04947899654507637]",0.5694227814674377,0.4349561631679535,0.13446661829948425,52.237884521484375,0.6693750023841858,0.1355871707201004,6.25,0.028065912425518036,0.40625,7.5,0.025387614965438843,0.375,1.75,7.5,0.031957387924194336,0.8250000000000001,22.5,-0.012860611081123352,1.3875,12.931531625101343,apiaviz/output/frontend-factorial/20260929T033509.984256Z-65438
7,2,71,oriented_form,ant-7-seed-71-oriented_form.json,68e986c91b9ff2f0ff8dd073c51c5312d6c1dac12712d89849fa2fa805454405,True,0.1863173664340495,0.16641713844517872,0.7451205562104831,11.100000000000001,0,111,0,0.1618865606174235,0.23109453800185392,0.07996016706407755,0.049910906702280045,"[0.05034281685948372, 0.04947899654507637]",0.5436593294143677,0.4092400074005127,0.13441932201385498,54.21005630493164,0.6971250176429749,0.1342567503452301,2.5,0.035555556416511536,0.3125,8.75,0.02865920215845108,0.375,2.0,3.75,0.0716484785079956,0.05,22.5,-0.012860611081123352,1.3875,9.290115625131875,apiaviz/output/frontend-factorial/20260929T033509.984256Z-65438
7,2,71,linear_colour,ant-7-seed-71-linear_colour.json,c09352f959e7bce515aa1a5525fe86700f9ef22ccfbd39cdaea037ca4e11f2ef,True,0.17719708634515804,0.11135481804801653,0.4757876649862779,9.4,0,94,0,0.10681331980552326,0.10707202249606348,0.09393182047682291,0.04766954481601715,"[0.046169038861989975, 0.049170054495334625]",0.5662763118743896,0.4300137758255005,0.13626253604888916,52.224613189697266,0.6769999861717224,0.13485126197338104,8.75,0.02395404875278473,0.40625,10.0,0.023105435073375702,0.40625,0.25,7.5,0.031957387924194336,0.8250000000000001,25.0,-0.0029138848185539246,0.8875000000000002,7.94877375010401,apiaviz/output/frontend-factorial/20260929T033509.984256Z-65438
7,2,71,oriented_linear,ant-7-seed-71-oriented_linear.json,ab2ed45ee96d6e4085500e40728a517d5a326fea7741475e0b669531f3a9fc97,False,6.589732772249244,2.222396432525313,3.3753291297632244,20.0,0,200,0,2.222373798613234,1.4431817569139613,2.244617611123863,0.04975643754005432,"[0.05034281685948372, 0.049170054495334625]",0.5404057502746582,0.40444597601890564,0.13595977425575256,54.2298469543457,0.7047500014305115,0.13351592421531677,2.5,0.033275894820690155,0.34375,2.5,0.03179215267300606,0.34375,0.25,3.75,0.0716484785079956,0.05,25.0,-0.0029138848185539246,0.8875000000000002,14.02244483307004,apiaviz/output/frontend-factorial/20260929T033509.984256Z-65438
7,2,71,sobel_colour,ant-7-seed-71-sobel_colour.json,e098c9840e2dae3fe3a2176084c267cf84440a7ecd024b9b631e9a2651ee5352,False,5.470499707708575,1.2773213396237195,5.470499707708575,20.0,0,200,0,1.2740257464917215,0.2287798823325583,0.427345694320723,0.04982520267367363,"[0.05049525573849678, 0.04915514960885048]",0.5493022799491882,0.40924009680747986,0.14006218314170837,53.583946228027344,0.6661249995231628,0.13483557105064392,5.0,0.03971393406391144,0.4375,5.0,0.03971393406391144,0.4375,0.0,5.0,0.05108006298542023,0.7125,28.75,-0.0006335526704788208,0.8500000000000001,12.314294874900952,apiaviz/output/frontend-factorial/20260929T033509.984256Z-65438
7,2,71,ardin_input,ant-7-seed-71-ardin_input.json,d560c3627e5005b140ab595b718539833b9cc8cf58c95f994cd2074b1cfdb923,True,0.17052001930832264,0.47345494595859955,1.5227208918434036,16.400000000000002,0,164,0,0.47185860726274953,0.36990603393433125,0.3053651752537456,0.05570968985557556,"[0.05704979598522186, 0.05436958000063896]",0.6957351565361023,0.578618049621582,0.11711710691452026,39.524112701416016,0.46700000762939453,0.16907839477062225,8.75,0.016464874148368835,0.375,8.75,0.01618240773677826,0.375,0.0,8.75,0.012816548347473145,0.4125,10.0,0.009994357824325562,0.525,18.28968391707167,apiaviz/output/frontend-factorial/20260929T033509.984256Z-65438
9,2,19,apiaviz,ant-9-seed-19-apiaviz.json,faf044eff865ffe5d14a049d82e1fad36d85621274abff725de56f86c4e715d7,True,0.13321740563249,0.06938854905235017,0.1678019110521998,8.200000000000001,0,82,0,0.06495225986488938,0.04959710069365623,0.05336602392499922,0.05007819086313248,"[0.046970851719379425, 0.05318552628159523]",0.5663514733314514,0.4492197334766388,0.11713173985481262,53.53649139404297,0.6917499899864197,0.1371861845254898,13.75,-0.012681074440479279,0.375,21.25,-0.011515706777572632,0.3125,4.75,21.25,-0.013625666499137878,0.6250000000000001,32.5,-0.040463343262672424,0.9375000000000001,6.8721308331005275,apiaviz/output/frontend-factorial/20260929T033509.984256Z-65438
9,2,19,oriented_form,ant-9-seed-19-oriented_form.json,47486f582a0489bc5721ab54526e8e5c84dda299b780290e1e31735743122c42,True,0.1291439862009565,0.04723035620852241,0.10131854402422702,8.0,0,80,0,0.037552726074474074,0.04294936153425929,0.04687122499779678,0.050527092069387436,"[0.04786865413188934, 0.05318552628159523]",0.5463638305664062,0.4301418364048004,0.11622199416160583,55.869346618652344,0.7149999737739563,0.13474956154823303,13.75,0.005043603479862213,0.34375,8.75,0.00688914954662323,0.34375,4.75,17.5,-0.009242266416549683,0.0875,32.5,-0.040463343262672424,0.9375000000000001,7.306289999978617,apiaviz/output/frontend-factorial/20260929T033509.984256Z-65438
9,2,19,linear_colour,ant-9-seed-19-linear_colour.json,419364fe7806e6bedc318ad1ae5c1f24ba015dd4b75957d9423a3265c29c1146,True,0.13844931145688477,0.019082510888808562,0.08614603435112946,8.0,0,80,0,0.014479762047184158,0.00836915858172699,0.013218912957664026,0.04995696246623993,"[0.046970851719379425, 0.05294307321310043]",0.5619930028915405,0.44429245591163635,0.11770054697990417,53.088218688964844,0.6997500061988831,0.13640008866786957,13.75,-0.011201992630958557,0.28125,21.25,-0.011827133595943451,0.3125,3.25,21.25,-0.013625666499137878,0.6250000000000001,30.0,-0.03548730909824371,0.21250000000000002,7.345198041060939,apiaviz/output/frontend-factorial/20260929T033509.984256Z-65438
9,2,19,oriented_linear,ant-9-seed-19-oriented_linear.json,d0aaac77e7dd16a09215cf24252e86122d05667de173f9a65f0b51e31ee3b6e4,True,0.14650038024281262,0.01917265258968833,0.05256600887560248,8.0,0,80,0,0.016496864204253826,0.00836915858172699,0.015646196346941695,0.05040586367249489,"[0.04786865413188934, 0.05294307321310043]",0.542022705078125,0.42526352405548096,0.11675918102264404,55.339561462402344,0.7229999899864197,0.13394957780838013,21.25,0.0033603832125663757,0.375,16.25,0.004971601068973541,0.34375,3.0,17.5,-0.009242266416549683,0.0875,30.0,-0.03548730909824371,0.21250000000000002,6.101487667066976,apiaviz/output/frontend-factorial/20260929T033509.984256Z-65438
9,2,19,sobel_colour,ant-9-seed-19-sobel_colour.json,fa7b58c8ef07ba799d3c862dfbe23f383615f1607330ceb20c0e7330f8519b4f,True,0.18781240532605958,0.03789896806529855,0.08203524563472465,7.9,0,79,0,0.03404214759319873,0.03161669385269717,0.0425778504407463,0.04993347078561783,"[0.04672153666615486, 0.053145404905080795]",0.5464171171188354,0.4261370897293091,0.12028002738952637,56.28688430786133,0.6771249771118164,0.1341245174407959,8.75,-0.0018506422638893127,0.3125,8.75,-0.0019474625587463379,0.3125,0.0,16.25,0.002168610692024231,0.07500000000000001,25.0,-0.040191516280174255,0.85,6.31454608310014,apiaviz/output/frontend-factorial/20260929T033509.984256Z-65438
9,2,19,ardin_input,ant-9-seed-19-ardin_input.json,b316663b4edac542d42dc9c0bbc856b858d4dc9e2095eb142b25fff5d456c89f,False,6.390119885510661,1.2857727138409865,4.078513953824713,20.0,0,200,0,1.2850415848297023,0.2817783012615249,1.2020247641532773,0.053671810775995255,"[0.05089986324310303, 0.05644375830888748]",0.7022026181221008,0.5963154435157776,0.10588717460632324,39.8017578125,0.4690000116825104,0.1668432056903839,22.5,0.0026637837290763855,0.3125,22.5,0.0030381903052330017,0.3125,0.0,6.25,-0.004092492163181305,0.6375000000000001,26.25,-0.0030441880226135254,1.0750000000000002,21.204874083865434,apiaviz/output/frontend-factorial/20260929T033509.984256Z-65438
9,2,31,apiaviz,ant-9-seed-31-apiaviz.json,6c9372e9af9a3ba9b11fe5c98a1d8c5a9174d7646bb571c44e7274eb7f818cbd,True,0.18848492825590124,0.02786873133199761,0.04786888494825583,7.9,0,79,0,0.025220958936442012,0.021784988712506514,0.031053948857956568,0.049873627722263336,"[0.04513854533433914, 0.05460871011018753]",0.5730515718460083,0.45532357692718506,0.11772799491882324,53.123870849609375,0.6759999990463257,0.1386827826499939,22.5,-0.01724347472190857,0.34375,22.5,-0.01620643585920334,0.40625,5.5,20.0,0.001727961003780365,0.5625,32.5,-0.035532303154468536,1.9375000000000002,7.276018999982625,apiaviz/output/frontend-factorial/20260929T033509.984256Z-65438
9,2,31,oriented_form,ant-9-seed-31-oriented_form.json,61c98d1cbc949e59997e47d0f56206dfa15643b28e7baeb06041d03a5e24aac3,True,0.12188499911839715,0.030538034107641953,0.05541706979395938,8.0,0,80,0,0.024851929165392538,0.024920107107145158,0.03187201634943669,0.05217112600803375,"[0.049733538180589676, 0.05460871011018753]",0.545506477355957,0.4281567931175232,0.11734968423843384,55.32962417602539,0.7211250066757202,0.1368676871061325,21.25,-0.006899230182170868,0.34375,17.5,-0.008083552122116089,0.3125,4.5,27.5,-0.014207825064659119,1.075,32.5,-0.035532303154468536,1.9375000000000002,6.253462165826932,apiaviz/output/frontend-factorial/20260929T033509.984256Z-65438
9,2,31,linear_colour,ant-9-seed-31-linear_colour.json,a189376ef00867e83cc1b450bee10de4a9458d9da3bb8bd6c925277ed16aff6e,True,0.1198200973846469,0.10055090418000184,0.2721676146495776,8.3,0,83,0,0.09895673655406133,0.09106670073255035,0.08479578714827139,0.04958195984363556,"[0.04513854533433914, 0.054025378078222275]",0.5675963759422302,0.4485248923301697,0.11907148361206055,52.794132232666016,0.6830000281333923,0.1374334692955017,22.5,-0.016356587409973145,0.375,22.5,-0.015326045453548431,0.40625,0.25,20.0,0.001727961003780365,0.5625,31.25,-0.03678854554891586,1.8250000000000002,7.021030208095908,apiaviz/output/frontend-factorial/20260929T033509.984256Z-65438
9,2,31,oriented_linear,ant-9-seed-31-oriented_linear.json,7d4a9c24df7fe899b128eba3034e5c8e6d0ec8e5a52b96de84b7560e4d75c597,True,0.19333093477836402,0.06589520120210865,0.13237364871486726,8.0,0,80,0,0.060571040372420046,0.055634276260149135,0.05766026182635544,0.051879458129405975,"[0.049733538180589676, 0.054025378078222275]",0.5399230122566223,0.42135941982269287,0.11856359243392944,54.98749542236328,0.7281249761581421,0.135606586933136,17.5,-0.008376315236091614,0.28125,17.5,-0.009117208421230316,0.3125,1.5,27.5,-0.014207825064659119,1.075,31.25,-0.03678854554891586,1.8250000000000002,7.882831332972273,apiaviz/output/frontend-factorial/20260929T033509.984256Z-65438
9,2,31,sobel_colour,ant-9-seed-31-sobel_colour.json,bd1b53b1910aa48618f0dd494ff70412e90a3911865b0e11648ad928aa99d7aa,True,0.19712353735421326,0.018161368861035296,0.06329643928862219,7.9,0,79,0,0.01695972094739934,0.01779688198762516,0.017273697471582573,0.05207030102610588,"[0.05048936977982521, 0.05365123599767685]",0.5445592403411865,0.41766566038131714,0.12689357995986938,55.009647369384766,0.6892499923706055,0.13576172292232513,15.0,-0.00782574713230133,0.3125,15.0,-0.008118748664855957,0.3125,0.0,21.25,-0.0014162436127662659,0.55,25.0,-0.05045786499977112,1.0625,6.903154459083453,apiaviz/output/frontend-factorial/20260929T033509.984256Z-65438
9,2,31,ardin_input,ant-9-seed-31-ardin_input.json,67061359b23f8ea9f80addc5cf63a076d371d30ee2297619c310873996ef5a60,False,10.289175157465284,2.098302814783501,3.408476315835973,20.0,0,200,0,2.0981426595858,0.7421563904133842,2.302571761459019,0.057199932634830475,"[0.05657338723540306, 0.05782647430896759]",0.6888713836669922,0.5749539136886597,0.11391746997833252,39.377052307128906,0.4740000069141388,0.16989564895629883,18.75,0.009840443730354309,0.3125,18.75,0.0095706507563591,0.3125,0.0,7.5,0.015140771865844727,0.38750000000000007,22.5,-0.0010667890310287476,0.9375000000000001,22.340568833984435,apiaviz/output/frontend-factorial/20260929T033509.984256Z-65438
9,2,43,apiaviz,ant-9-seed-43-apiaviz.json,c9d3fc13c31819a5120e929c4c5d39a41ff0ac244ea34fdaadbe726c46ef6c84,True,0.12404882503739843,0.03481551098566297,0.05717198560337314,8.0,0,80,0,0.028849113372829915,0.03021047583299684,0.037809161399535315,0.04864197596907616,"[0.04451749101281166, 0.05276646092534065]",0.57835853099823,0.4622776508331299,0.1160808801651001,53.20392990112305,0.6823750138282776,0.13709649443626404,17.5,-0.004500530660152435,0.34375,17.5,-0.005206078290939331,0.375,0.75,21.25,0.011886879801750183,0.675,28.75,-0.04379601031541824,0.8500000000000001,7.094346540980041,apiaviz/output/frontend-factorial/20260929T033509.984256Z-65438
9,2,43,oriented_form,ant-9-seed-43-oriented_form.json,6c3a8112a051442297dc734be0d41d34a1dd11d4afde8e66520d580898fff033,True,0.1894212523042209,0.046009571679265865,0.10228184541132551,7.9,0,79,0,0.038534024442986044,0.038001529562123625,0.04909257907752198,0.05194941535592079,"[0.05113237351179123, 0.05276646092534065]",0.5413782000541687,0.42559054493904114,0.11578765511512756,56.43505859375,0.71875,0.13595643639564514,22.5,-0.003851868212223053,0.4375,15.0,-0.0016200020909309387,0.46875,4.0,12.5,-0.013319984078407288,0.05,28.75,-0.04379601031541824,0.8500000000000001,7.029446250060573,apiaviz/output/frontend-factorial/20260929T033509.984256Z-65438
9,2,43,linear_colour,ant-9-seed-43-linear_colour.json,7451a1d5c351e206627f7b77edf91ac829ed954bf486d9d35ac33064c84b6cb4,True,0.1240488250373982,0.031068818215871263,0.05717198560337314,8.0,0,80,0,0.025660431185297004,0.024129779007361764,0.034295048653593355,0.0482969805598259,"[0.04451749101281166, 0.05207647383213043]",0.575908899307251,0.4574103057384491,0.11849859356880188,53.00242614746094,0.6884999871253967,0.13585783541202545,17.5,-0.006829775869846344,0.375,17.5,-0.0086074098944664,0.375,0.0,21.25,0.011886879801750183,0.675,17.5,-0.04163651168346405,1.1624999999999999,7.3288449998945,apiaviz/output/frontend-factorial/20260929T033509.984256Z-65438
9,2,43,oriented_linear,ant-9-seed-43-oriented_linear.json,726cf245f416895bf9db68186b3a8facd307992f5102f7f8d0006d334edddddb,True,0.11262000210279774,0.04958225779082528,0.11721054515931491,8.0,0,80,0,0.042101377473481916,0.03869866931017075,0.052836435137086066,0.05160442367196083,"[0.05113237351179123, 0.05207647383213043]",0.538733959197998,0.4207567870616913,0.11797717213630676,56.1574821472168,0.7248749732971191,0.13471576571464539,16.25,-0.004288926720619202,0.46875,16.25,-0.0033139362931251526,0.46875,2.75,12.5,-0.013319984078407288,0.05,17.5,-0.04163651168346405,1.1624999999999999,7.472767333034426,apiaviz/output/frontend-factorial/20260929T033509.984256Z-65438
9,2,43,sobel_colour,ant-9-seed-43-sobel_colour.json,d0331af7602a9dbf9f4741fa997ea84ab81dffce492d87570258ef76806321b5,True,0.1302391987103797,0.052178879902004774,0.18443671226375719,8.0,0,80,0,0.048523220628850595,0.02126498411134942,0.03356978185864821,0.05202777683734894,"[0.04997393861413002, 0.054081618785858154]",0.5436113476753235,0.42156708240509033,0.12204426527023315,55.82773971557617,0.6888750195503235,0.13579127192497253,11.25,-0.005774743854999542,0.3125,11.25,-0.005952499806880951,0.3125,0.0,16.25,-0.007339462637901306,0.6375,31.25,-0.037679821252822876,2.125,7.009932541986927,apiaviz/output/frontend-factorial/20260929T033509.984256Z-65438
9,2,43,ardin_input,ant-9-seed-43-ardin_input.json,4108c22a6d66745224c6d6c1254185aeaae30b3bef9046d6f00fd6c66c921a1c,True,0.16263984088935768,0.146636296900827,0.7339009846619154,12.5,0,125,0,0.1442237268773764,0.08186970054336266,0.11565506594732124,0.056716736406087875,"[0.056374143809080124, 0.05705932900309563]",0.6844042539596558,0.57310950756073,0.11129474639892578,40.29115676879883,0.4753749966621399,0.16863508522510529,17.5,0.015835903584957123,0.4375,17.5,0.01583811640739441,0.4375,0.0,18.75,0.011198647320270538,0.5375,18.75,0.004756718873977661,0.6125,15.331555959070101,apiaviz/output/frontend-factorial/20260929T033509.984256Z-65438
9,2,59,apiaviz,ant-9-seed-59-apiaviz.json,fa79061120eb520b2a74fdd085e144200393189ca9232c2ef64e9c626ab95e04,True,0.12847014730422265,0.0335778650975593,0.0722688102558354,8.0,0,80,0,0.02534056744219924,0.0321773626332698,0.03150298348489261,0.0495469830930233,"[0.04614849016070366, 0.05294547230005264]",0.5630508661270142,0.44172364473342896,0.1213272213935852,54.8626594543457,0.6847500205039978,0.13624170422554016,21.25,-0.008919231593608856,0.34375,21.25,-0.010168023407459259,0.4375,5.75,16.25,0.0006593838334083557,0.23750000000000002,22.5,-0.032918818295001984,0.55,6.896207416895777,apiaviz/output/frontend-factorial/20260929T033509.984256Z-65438
9,2,59,oriented_form,ant-9-seed-59-oriented_form.json,4bc8add9a775ca07268a0b158052e60d9376b2a7a71514ad5240d068da337933,True,0.14374637765084058,0.1776747149068483,0.7615753667524384,11.8,0,118,0,0.17570805452127963,0.09094117093581917,0.1427114620701906,0.050291839987039566,"[0.04763820394873619, 0.05294547230005264]",0.544529914855957,0.4238079786300659,0.12072193622589111,56.3087043762207,0.715624988079071,0.1343470960855484,17.5,-0.005352005362510681,0.375,17.5,-0.007106773555278778,0.4375,1.75,20.0,-0.0022069886326789856,0.08750000000000001,22.5,-0.032918818295001984,0.55,8.852097375085577,apiaviz/output/frontend-factorial/20260929T033509.984256Z-65438
9,2,59,linear_colour,ant-9-seed-59-linear_colour.json,ae9ac42febf23765443582016eb6f1028adf44a5c397bd5d8d75a2820666fde1,True,0.19035694954049964,0.03767524642669339,0.10430524839469789,8.0,0,80,0,0.03402329699159164,0.027770486714831885,0.03682345173936776,0.04929903894662857,"[0.04614849016070366, 0.05244958773255348]",0.5590915679931641,0.4373090863227844,0.12178248167037964,54.858299255371094,0.6882500052452087,0.13509175181388855,20.0,-0.008024349808692932,0.34375,20.0,-0.007893778383731842,0.375,0.5,16.25,0.0006593838334083557,0.23750000000000002,27.5,-0.03224233537912369,1.625,7.025124832987785,apiaviz/output/frontend-factorial/20260929T033509.984256Z-65438
9,2,59,oriented_linear,ant-9-seed-59-oriented_linear.json,3a782ddae4b4d151cefafea55e1a1db1bed5868c273419d75575e207b6eccde5,True,0.11221309234832086,0.11170412830003466,0.41070657071383665,8.4,0,84,0,0.11034686124566925,0.11745529105762474,0.05030034174001692,0.050043895840644836,"[0.04763820394873619, 0.05244958773255348]",0.5405016541481018,0.4193638861179352,0.12113776803016663,56.30007553100586,0.719124972820282,0.13318218290805817,17.5,-0.006316356360912323,0.40625,17.5,-0.0067217350006103516,0.375,2.5,20.0,-0.0022069886326789856,0.08750000000000001,27.5,-0.03224233537912369,1.625,7.365362875163555,apiaviz/output/frontend-factorial/20260929T033509.984256Z-65438
9,2,59,sobel_colour,ant-9-seed-59-sobel_colour.json,1a2167271ed9d6b0e809fe53b04961ba968589ed7b09c8a2012a26b5b8836f9f,True,0.18104754542813808,0.05308281779545321,0.11859703923181172,8.0,0,80,0,0.049522299806113744,0.047517063358248374,0.05281762489249907,0.0501505471765995,"[0.04763340204954147, 0.05266769602894783]",0.5357493758201599,0.40996357798576355,0.12578579783439636,55.918209075927734,0.687874972820282,0.13206912577152252,21.25,-0.009464867413043976,0.46875,21.25,-0.00966230034828186,0.46875,0.0,18.75,0.010435663163661957,0.32499999999999996,27.5,-0.040612973272800446,0.48750000000000004,6.544984749983996,apiaviz/output/frontend-factorial/20260929T033509.984256Z-65438
9,2,59,ardin_input,ant-9-seed-59-ardin_input.json,ea2d5a56148d03d8f31e7050ccc5a085e94bb840a297cf02bc95d24662e0eb1f,False,3.4841425096442866,1.9077073714515926,4.811031113368844,20.0,0,200,0,1.9066497864529353,0.11334559271463464,1.0932364081561619,0.055545780807733536,"[0.05462448671460152, 0.05646707862615585]",0.6989427804946899,0.5903540253639221,0.10858875513076782,39.40312194824219,0.4698750078678131,0.16950178146362305,25.0,0.0034716278314590454,0.40625,25.0,0.0033031627535820007,0.40625,0.0,21.25,0.004637822508811951,0.15000000000000002,30.0,-0.006345249712467194,1.125,19.52746000001207,apiaviz/output/frontend-factorial/20260929T033509.984256Z-65438
9,2,71,apiaviz,ant-9-seed-71-apiaviz.json,d7ccdab491dd1f64bf4af2b65fefdb215ef4f15191d655e12559fa001d1b7a5a,False,1.721063710765229,0.7180796879906154,1.596182682649622,20.0,0,200,0,0.7167428772656413,0.26409155812648566,0.8368147622515876,0.04798782616853714,"[0.04685596749186516, 0.04911968484520912]",0.5591259598731995,0.448296457529068,0.11082950234413147,55.33137130737305,0.6797500252723694,0.13325057923793793,22.5,-0.0194009467959404,0.375,26.25,-0.013913005590438843,0.40625,6.75,21.25,-0.01369340717792511,0.525,35.0,-0.04313310980796814,1.0499999999999998,12.967555708950385,apiaviz/output/frontend-factorial/20260929T033509.984256Z-65438
9,2,71,oriented_form,ant-9-seed-71-oriented_form.json,89658f3adc50a953b4342fbcf9259ec14493b2502fe4841b26b2098aed9de0a1,True,0.18852292047736477,0.04161393395859421,0.07872357531201869,7.9,0,79,0,0.0365087197258235,0.029733911192755643,0.045901398354076785,0.049994684755802155,"[0.05086968466639519, 0.04911968484520912]",0.535454511642456,0.4195263981819153,0.11592811346054077,56.78226852416992,0.7181249856948853,0.13177433609962463,13.75,-0.007921412587165833,0.375,15.0,-0.004548937082290649,0.375,5.5,22.5,-0.009176045656204224,0.525,35.0,-0.04313310980796814,1.0499999999999998,8.138352541951463,apiaviz/output/frontend-factorial/20260929T033509.984256Z-65438
9,2,71,linear_colour,ant-9-seed-71-linear_colour.json,d625d831b7d89bf4e67561b8259e25f9632f9daad9cf70d14859a3ce44298de0,True,0.18035430303619782,0.08744717908300337,0.1554204639316721,8.0,0,80,0,0.08576769176121221,0.07367050382128862,0.10877396398936426,0.04770473390817642,"[0.04685596749186516, 0.04855349659919739]",0.5558231472969055,0.44428887963294983,0.11153426766395569,54.96825408935547,0.6855000257492065,0.1323220580816269,21.25,-0.017958812415599823,0.34375,21.25,-0.017952032387256622,0.34375,1.75,21.25,-0.01369340717792511,0.525,35.0,-0.043768055737018585,1.1125,6.3883689171634614,apiaviz/output/frontend-factorial/20260929T033509.984256Z-65438
9,2,71,oriented_linear,ant-9-seed-71-oriented_linear.json,d588acec02d7a7545691fa432ae7db42a6973a7780df56846129ed795d1bc435,False,10.536330115108099,0.9515031162465186,3.843238260690006,20.0,0,200,0,0.9502014883003205,0.15598694024233825,0.5030958323116228,0.04971159249544144,"[0.05086968466639519, 0.04855349659919739]",0.5322905778884888,0.41561418771743774,0.11667639017105103,56.516380310058594,0.7238749861717224,0.13083967566490173,16.25,-0.010862968862056732,0.40625,23.75,-0.013232506811618805,0.375,3.25,22.5,-0.009176045656204224,0.525,35.0,-0.043768055737018585,1.1125,14.410992000019178,apiaviz/output/frontend-factorial/20260929T033509.984256Z-65438
9,2,71,sobel_colour,ant-9-seed-71-sobel_colour.json,64162847cd1783c34bc2281b261ef086bcd6e4d9126d5a3865fa169a9b658574,True,0.18885993393033976,0.03126478003505405,0.0768099059510999,7.9,0,79,0,0.02717471117444112,0.02455712710940153,0.03141145296817867,0.05019392818212509,"[0.05057338997721672, 0.04981447011232376]",0.5457385182380676,0.42088836431503296,0.12485015392303467,54.29866027832031,0.6740000247955322,0.13326743245124817,13.75,-0.0005657151341438293,0.4375,13.75,-0.0005657151341438293,0.4375,0.0,17.5,0.00896436721086502,0.25000000000000006,25.0,-0.03511890769004822,1.6,7.030424166936427,apiaviz/output/frontend-factorial/20260929T033509.984256Z-65438
9,2,71,ardin_input,ant-9-seed-71-ardin_input.json,d4d5fdc1c332de42dbbba0108dc3df199def207f8a3171732842dff7af244b1e,False,8.299074099075655,2.8522752636104824,4.190575091998856,20.0,0,200,0,2.8517707955443687,0.5057328908016921,3.6329046917193737,0.055142659693956375,"[0.05618998780846596, 0.05409533530473709]",0.683769702911377,0.5757288932800293,0.10804080963134766,39.66028594970703,0.47725000977516174,0.16587182879447937,18.75,0.00057973712682724,0.375,18.75,-0.00029323995113372803,0.375,0.0,11.25,0.009271249175071716,0.5375,20.0,0.0002897605299949646,0.475,19.797432125080377,apiaviz/output/frontend-factorial/20260929T033509.984256Z-65438
10,2,19,apiaviz,ant-10-seed-19-apiaviz.json,53c55c92ca0a89cad02e2ca9b5c4e34cbfe5b1ab69d7b93c3c3cb61ea6f944b5,True,0.15864659049490612,0.2042011604098974,0.7624440301951493,13.8,0,138,0,0.20081119376862033,0.15133094626373475,0.11806162118791319,0.049866870045661926,"[0.04674898460507393, 0.052984755486249924]",0.5527440905570984,0.43306562304496765,0.11967846751213074,54.222042083740234,0.6993749737739563,0.1381099671125412,3.75,0.01805732026696205,0.28125,3.75,0.016561560332775116,0.3125,0.25,10.0,-0.005912855267524719,0.35000000000000003,22.5,-0.014378771185874939,1.5375,10.314137540990487,apiaviz/output/frontend-factorial/20260929T033509.965093Z-65439
10,2,19,oriented_form,ant-10-seed-19-oriented_form.json,6138557bda381efac856ca791e6f1df2285a9a054a35d7c5e93b7cf68f02147a,True,0.1341081601280111,0.045355892187604184,0.11334761397482537,8.200000000000001,0,82,0,0.042905925688670556,0.017329618103454358,0.03450317081356952,0.05030487850308418,"[0.04762500151991844, 0.052984755486249924]",0.5309427380561829,0.4143121838569641,0.11663055419921875,56.60329818725586,0.718625009059906,0.13545243442058563,2.5,0.03617670387029648,0.21875,2.5,0.03455815836787224,0.28125,0.75,10.0,0.010304078459739685,0.35000000000000003,22.5,-0.014378771185874939,1.5375,7.859321166062728,apiaviz/output/frontend-factorial/20260929T033509.965093Z-65439
10,2,19,linear_colour,ant-10-seed-19-linear_colour.json,001af14d78411e281493f0a15786a1a05dc9a6531372e124f02ca87afada2af0,True,0.13877704649303377,0.04198194207278749,0.14626408951402164,8.200000000000001,0,82,0,0.038699335824170615,0.020368181263353113,0.024740669635596974,0.04972425475716591,"[0.04674898460507393, 0.05269952490925789]",0.5495566725730896,0.4289230704307556,0.12063360214233398,53.77320098876953,0.7068750262260437,0.13735494017601013,3.75,0.007354069501161575,0.34375,3.75,0.008195530623197556,0.34375,2.5,10.0,-0.005912855267524719,0.35000000000000003,27.5,-0.027832530438899994,1.5375,7.0516547919251025,apiaviz/output/frontend-factorial/20260929T033509.965093Z-65439
10,2,19,oriented_linear,ant-10-seed-19-oriented_linear.json,cd12c4b74eff4b8d6096cd7b01dab1aaccb4103ea7e4c41999c82798af111e52,False,4.121572384665662,1.2201808793344697,2.823300171898185,20.0,0,200,0,1.2196789570453224,0.028811270747204385,1.3709620265044458,0.050162263214588165,"[0.04762500151991844, 0.05269952490925789]",0.5276342034339905,0.4101330041885376,0.11750119924545288,56.187416076660156,0.7261250019073486,0.13468298316001892,2.5,0.02616780251264572,0.34375,2.5,0.02491847425699234,0.3125,1.0,10.0,0.010304078459739685,0.35000000000000003,27.5,-0.027832530438899994,1.5375,13.704598999815062,apiaviz/output/frontend-factorial/20260929T033509.965093Z-65439
10,2,19,sobel_colour,ant-10-seed-19-sobel_colour.json,964c2dc6ff99fb4303d3807cf9ccf8b8fbcc8d9e6e0e5fa3de1390f922b21f20,True,0.1478725437557008,0.03130613556949138,0.0788190069321446,8.1,0,81,0,0.02617896490165371,0.017329618103454358,0.03435459702118059,0.05008096247911453,"[0.04692208766937256, 0.053239837288856506]",0.5320214033126831,0.41498425602912903,0.11703714728355408,57.851322174072266,0.6832500100135803,0.13526272773742676,5.0,0.012614808976650238,0.3125,5.0,0.012614808976650238,0.3125,0.0,17.5,-0.003213539719581604,0.5625000000000001,25.0,-0.027370810508728027,1.475,7.0221014998387545,apiaviz/output/frontend-factorial/20260929T033509.965093Z-65439
10,2,19,ardin_input,ant-10-seed-19-ardin_input.json,263a3fe816dba8b2ab2f80585f67c1ad3a04003868e757aaf1811fdc62d6612d,False,4.279698710149261,0.4733549948393041,1.2895068662100913,20.0,0,200,0,0.47209166882943476,0.43530037040548936,0.4771687406860746,0.05336500704288483,"[0.050086043775081635, 0.05664397031068802]",0.6765837669372559,0.5699325203895569,0.10665124654769897,43.97736358642578,0.48124998807907104,0.16581429541110992,18.75,-0.032204605638980865,0.5,18.75,-0.032204605638980865,0.5,0.0,20.0,-0.03495887666940689,1.2875,20.0,-0.025293000042438507,0.8625,20.052877999842167,apiaviz/output/frontend-factorial/20260929T033509.965093Z-65439
10,2,31,apiaviz,ant-10-seed-31-apiaviz.json,07e0f2197c40fad6fdd8ff97c61a3e1f1a7da55fb1a40cc48e214d111ae7d41e,True,0.14737908007391362,0.079990204880326,0.23232870682995502,8.5,0,85,0,0.07757756338910274,0.022539570650154633,0.06529656629843154,0.04989955946803093,"[0.04528319835662842, 0.05451592057943344]",0.5591514706611633,0.44189223647117615,0.11725923418998718,52.97728729248047,0.687250018119812,0.13986720144748688,5.0,0.02391166239976883,0.40625,5.0,0.023245781660079956,0.4375,4.5,13.75,-0.005583956837654114,0.35000000000000003,35.0,-0.02074410766363144,1.525,7.176069915993139,apiaviz/output/frontend-factorial/20260929T033509.965093Z-65439
10,2,31,oriented_form,ant-10-seed-31-oriented_form.json,c7f322bc004af9130f151a2df69fd989598b33be0a214076cfd6ddfc64d5d200,True,0.1105320163409787,0.017267205093916757,0.045721845335093506,8.1,0,81,0,0.015185609049593426,0.009888630297425165,0.014741967436922257,0.05205504596233368,"[0.049594175070524216, 0.05451592057943344]",0.5386749505996704,0.42113974690437317,0.11753520369529724,55.59211349487305,0.7288749814033508,0.13834325969219208,3.75,0.012979809194803238,0.40625,3.75,0.013578575104475021,0.3125,7.25,10.0,-0.00685187429189682,0.0625,35.0,-0.02074410766363144,1.525,6.768700333079323,apiaviz/output/frontend-factorial/20260929T033509.965093Z-65439
10,2,31,linear_colour,ant-10-seed-31-linear_colour.json,1324cc60a540796890b78c1ee73b4b807f03c9276d7e0968861462e456cab8fe,True,0.1957028692639094,0.02986525298595128,0.09879233992260499,8.1,0,81,0,0.027792328869380423,0.009888630297425165,0.017222768356385653,0.04961094260215759,"[0.04528319835662842, 0.05393868684768677]",0.5579691529273987,0.43680500984191895,0.12116414308547974,52.53605651855469,0.6936249732971191,0.13854973018169403,2.5,0.0230894535779953,0.375,2.5,0.023786529898643494,0.375,1.0,13.75,-0.005583956837654114,0.35000000000000003,28.75,-0.018060535192489624,1.6625,5.824723167112097,apiaviz/output/frontend-factorial/20260929T033509.965093Z-65439
10,2,31,oriented_linear,ant-10-seed-31-oriented_linear.json,19992018c3c9a731af390b72e7305d0f6bc6b78333e9f757467c695c0c8873c6,True,0.13510658322185318,0.02473304939384504,0.07496328786983085,8.1,0,81,0,0.02158078273541041,0.009888630297425165,0.017222768356385653,0.05176642909646034,"[0.049594175070524216, 0.05393868684768677]",0.5379061698913574,0.4162607491016388,0.12164542078971863,55.22460174560547,0.7352499961853027,0.1370156705379486,3.75,0.012257438153028488,0.3125,3.75,0.01196979358792305,0.28125,0.5,10.0,-0.00685187429189682,0.0625,28.75,-0.018060535192489624,1.6625,6.013343957951292,apiaviz/output/frontend-factorial/20260929T033509.965093Z-65439
10,2,31,sobel_colour,ant-10-seed-31-sobel_colour.json,e2d992543ae49db526db3e16f37b0eef01852125ae21afa72fe3e9469df599ce,True,0.14944467536045872,0.06307259020732622,0.18750557930841852,8.4,0,84,0,0.05789991123362855,0.052156950076902776,0.05293133952650424,0.05153590813279152,"[0.049667343497276306, 0.05340447276830673]",0.5360119938850403,0.4136403501033783,0.12237164378166199,56.765785217285156,0.7012500166893005,0.13615679740905762,5.0,0.01179588958621025,0.28125,5.0,0.01179588958621025,0.28125,0.25,10.0,0.01956227421760559,0.23750000000000002,27.5,-0.03480488061904907,1.55,6.1235520420596,apiaviz/output/frontend-factorial/20260929T033509.965093Z-65439
10,2,31,ardin_input,ant-10-seed-31-ardin_input.json,8f4bce378761e11cd654e08d4b063e7ac153e4b70e90d0fa896b2eb12f1eee32,False,6.998692711221205,1.3423179531216247,2.8021542042176493,20.0,0,200,0,1.340888886457565,0.10401894547053209,1.6641476943022917,0.05701219663023949,"[0.056013550609350204, 0.05801083892583847]",0.6660476326942444,0.5588052272796631,0.1072424054145813,44.404422760009766,0.4779999852180481,0.1695038080215454,20.0,-0.01122572273015976,0.625,20.0,-0.01095309853553772,0.625,0.0,26.25,-0.0077192410826683044,1.5125000000000002,26.25,-0.01982451230287552,0.9625,20.636684583034366,apiaviz/output/frontend-factorial/20260929T033509.965093Z-65439
10,2,43,apiaviz,ant-10-seed-43-apiaviz.json,3ba53963ae6143504d6743f7a3d02010e3c9117cda741616f4719986659770d9,True,0.19902298948831382,0.031205847238177053,0.10073288224898211,8.0,0,80,0,0.028697576417253578,0.009888630297425165,0.013827670915122579,0.04863211512565613,"[0.044903792440891266, 0.05236043408513069]",0.5669832825660706,0.4424421191215515,0.12454116344451904,53.28525161743164,0.6976249814033508,0.1379609853029251,11.25,-0.0007776245474815369,0.375,11.25,0.0011305399239063263,0.40625,2.25,10.0,-0.008775174617767334,0.575,25.0,-0.02908867597579956,1.5125,6.852128291036934,apiaviz/output/frontend-factorial/20260929T033509.965093Z-65439
10,2,43,oriented_form,ant-10-seed-43-oriented_form.json,d99ac27a02cb410302658e627c6c8fe8319ff3387d59341b7fb4e35b61684f74,True,0.18044378993811486,0.02759776621988592,0.09343455050092582,8.1,0,81,0,0.025430695808272206,0.009888630297425165,0.017222768356385653,0.05179454758763313,"[0.051228657364845276, 0.05236043408513069]",0.5332418084144592,0.41432422399520874,0.11891758441925049,56.58340835571289,0.7289999723434448,0.13678011298179626,5.0,0.008083533495664597,0.40625,6.25,0.0064236558973789215,0.4375,3.0,21.25,-0.008860036730766296,0.1625,25.0,-0.02908867597579956,1.5125,5.992444958072156,apiaviz/output/frontend-factorial/20260929T033509.965093Z-65439
10,2,43,linear_colour,ant-10-seed-43-linear_colour.json,f86aed8a7544947bdb15578e58f5655870831a93e69817fea2c3ec2567bd40aa,True,0.18768219293021143,0.025267104008295335,0.0970376906964228,8.1,0,81,0,0.020622921629956666,0.009888630297425165,0.013769101457421086,0.048376183956861496,"[0.044903792440891266, 0.051848575472831726]",0.563767671585083,0.43870025873184204,0.12506741285324097,52.979434967041016,0.7066249847412109,0.1369832307100296,6.25,-0.003414161503314972,0.40625,7.5,-0.003858797252178192,0.40625,0.75,10.0,-0.008775174617767334,0.575,17.5,-0.02865271270275116,0.5625,5.607510125031695,apiaviz/output/frontend-factorial/20260929T033509.965093Z-65439
10,2,43,oriented_linear,ant-10-seed-43-oriented_linear.json,36fdf27337a759c7b931e81e3be6220ea3667a130067349d39445724114f5070,True,0.1154830686270042,0.02558644894840128,0.10558615500973462,8.1,0,81,0,0.02183044037026546,0.009888630297425165,0.017222768356385653,0.0515386164188385,"[0.051228657364845276, 0.051848575472831726]",0.5299506187438965,0.4107358753681183,0.1192147433757782,56.28496551513672,0.7379999756813049,0.1357998251914978,5.0,0.0071792639791965485,0.34375,5.0,0.007556114345788956,0.4375,2.5,21.25,-0.008860036730766296,0.1625,17.5,-0.02865271270275116,0.5625,7.842378667090088,apiaviz/output/frontend-factorial/20260929T033509.965093Z-65439
10,2,43,sobel_colour,ant-10-seed-43-sobel_colour.json,f04a1e35eeb6012e2de767f5644c9de9b5aac7308b8aa18a93190cc7debe2188,True,0.19602530612031463,0.019084504025705322,0.08897251200615855,8.1,0,81,0,0.01482340376752488,0.014845524597167127,0.01246987883382773,0.052144140005111694,"[0.051001694053411484, 0.053286585956811905]",0.5322321653366089,0.4092545211315155,0.12297764420509338,57.27594757080078,0.6928750276565552,0.13653431832790375,12.5,-0.0018212832510471344,0.28125,12.5,-0.0018212832510471344,0.28125,0.0,17.5,-0.017275109887123108,0.7000000000000001,32.5,-0.03205385059118271,1.55,5.853854208951816,apiaviz/output/frontend-factorial/20260929T033509.965093Z-65439
10,2,43,ardin_input,ant-10-seed-43-ardin_input.json,ebe7bb84ecc7d0ed7f755b3020838193fa6b059d8e7e01909a97e45ecf9e6d7e,False,6.081334623235434,1.9464675990358473,4.740859091238781,20.0,0,200,0,1.9453273417867387,0.2017377535724717,1.9168389265254455,0.056535061448812485,"[0.05627066269516945, 0.05679945647716522]",0.6653298139572144,0.5550354719161987,0.11029434204101562,44.94395065307617,0.4937500059604645,0.1676793396472931,21.25,-0.020769916474819183,0.40625,21.25,-0.020626269280910492,0.40625,0.0,26.25,-0.024534106254577637,1.7374999999999998,36.25,-0.019897624850273132,1.5250000000000001,21.019744749879465,apiaviz/output/frontend-factorial/20260929T033509.965093Z-65439
10,2,59,apiaviz,ant-10-seed-59-apiaviz.json,dc9ebb1fa73f1d77010d3c4202604ca6d8247f6d90339b4579595207a241508b,True,0.1065960682925189,0.024204471233028112,0.05967615280429841,8.1,0,81,0,0.019033781491003356,0.017329618103454358,0.024015037527099953,0.04945359006524086,"[0.045942071825265884, 0.052965108305215836]",0.5539970397949219,0.4317965507507324,0.12220048904418945,54.291954040527344,0.6991249918937683,0.13690218329429626,3.75,0.023477695882320404,0.28125,3.75,0.021329153329133987,0.28125,1.25,20.0,0.0024764984846115112,0.7125,23.75,-0.016959019005298615,0.85,7.117203624919057,apiaviz/output/frontend-factorial/20260929T033509.965093Z-65439
10,2,59,oriented_form,ant-10-seed-59-oriented_form.json,6591fccae4ab4124a4157c829e6afbac6f8152679e22f5ff3295530f21af5ae4,True,0.1899944574062303,0.041209030801087315,0.1022369100471184,8.200000000000001,0,82,0,0.03622163912831947,0.01719857504303382,0.034689507382361026,0.05025576055049896,"[0.04754640907049179, 0.052965108305215836]",0.5403307676315308,0.4173363447189331,0.12299442291259766,56.23064041137695,0.7286249995231628,0.1357301026582718,3.75,0.027076710015535355,0.4375,3.75,0.022369101643562317,0.375,1.25,20.0,0.008700370788574219,0.45000000000000007,23.75,-0.016959019005298615,0.85,6.705726332962513,apiaviz/output/frontend-factorial/20260929T033509.965093Z-65439
10,2,59,linear_colour,ant-10-seed-59-linear_colour.json,2df288ebedd7dc31590799a8763d60f2b2c445e3b672f708161b7dc6f86c6e06,True,0.1065960682925189,0.024204471233028112,0.05967615280429841,8.1,0,81,0,0.019033781491003356,0.017329618103454358,0.024015037527099953,0.049295730888843536,"[0.045942071825265884, 0.05264938995242119]",0.5504252910614014,0.42715421319007874,0.12327107787132263,54.152366638183594,0.7036250233650208,0.1358230859041214,3.75,0.020179767161607742,0.375,3.75,0.018982794135808945,0.375,1.25,20.0,0.0024764984846115112,0.7125,18.75,-0.02288820594549179,0.8125,4.582089708885178,apiaviz/output/frontend-factorial/20260929T033509.965093Z-65439
10,2,59,oriented_linear,ant-10-seed-59-oriented_linear.json,9facdb468b24385115d3345b3a9a5e0f11a6816b3989ddbc6f3931ec70b5e85b,True,0.15990639920053226,0.038068645445174076,0.11517011803895012,8.200000000000001,0,82,0,0.031970161659975224,0.01719857504303382,0.031145548130764006,0.05009790137410164,"[0.04754640907049179, 0.05264938995242119]",0.5368616580963135,0.4127657413482666,0.12409591674804688,56.089569091796875,0.7331249713897705,0.1346425563097,3.75,0.023424316197633743,0.40625,3.75,0.023155223578214645,0.40625,0.0,20.0,0.008700370788574219,0.45000000000000007,18.75,-0.02288820594549179,0.8125,5.895423749927431,apiaviz/output/frontend-factorial/20260929T033509.965093Z-65439
10,2,59,sobel_colour,ant-10-seed-59-sobel_colour.json,6df15a65b63758a8a675f80273c8805c1a9e7f2feceb5597829dcbd340fd8b35,True,0.13569401023976152,0.029262918954082135,0.06315102959581219,8.1,0,81,0,0.025211187007734708,0.017329618103454358,0.032936678900372246,0.0500497967004776,"[0.0473712719976902, 0.052728321403265]",0.5257799625396729,0.40422314405441284,0.12155681848526001,57.68953323364258,0.6911249756813049,0.13319778442382812,5.0,0.00915064662694931,0.25,5.0,0.00915064662694931,0.25,0.0,15.0,0.009444810450077057,0.7125,21.25,-0.037475503981113434,1.5125,7.299154542153701,apiaviz/output/frontend-factorial/20260929T033509.965093Z-65439
10,2,59,ardin_input,ant-10-seed-59-ardin_input.json,7424f2f18139b6d08530ea6ed938349d4f51ec09bc6cd10890f3837cdcafbf3f,False,1.6838314382435904,0.7147959327277384,1.8712380205317116,20.0,0,200,0,0.7131165605891684,0.1860844995862568,0.5527063625894405,0.055198002606630325,"[0.054576218128204346, 0.055819783359766006]",0.6782592535018921,0.5734601020812988,0.10479915142059326,44.6318473815918,0.4884999990463257,0.16872067749500275,20.0,-0.01593232899904251,0.4375,20.0,-0.015573710203170776,0.40625,1.0,13.75,-0.009817011654376984,0.7125,32.5,-0.03185422718524933,1.5625,21.148276415886357,apiaviz/output/frontend-factorial/20260929T033509.965093Z-65439
10,2,71,apiaviz,ant-10-seed-71-apiaviz.json,05515a45ce62da8c655406d63c6e5e08b43118bfe9bd12a9158c52b867788f75,True,0.17503160794768297,0.16408040557639206,0.5468526479279223,12.700000000000001,0,127,0,0.1618669865789675,0.1210047180663492,0.13980630612561737,0.0485801137983799,"[0.04720596224069595, 0.04995426908135414]",0.5428710579872131,0.4241003692150116,0.11877068877220154,54.46986389160156,0.6967499852180481,0.1348588615655899,3.75,0.018024031072854996,0.46875,3.75,0.01923876628279686,0.375,3.75,7.5,0.005148492753505707,0.05,36.25,-0.02140224725008011,1.8125,9.116174165857956,apiaviz/output/frontend-factorial/20260929T033509.965093Z-65439
10,2,71,oriented_form,ant-10-seed-71-oriented_form.json,9e7739cf6c4f57fd9029eb6cf0034b2fad0267b761c11ed42edf4f3b11542c9b,True,0.14104764751329646,0.025530866975096943,0.07191072320210119,8.1,0,81,0,0.022638527706758588,0.009888630297425165,0.017222768356385653,0.05066243186593056,"[0.05137059465050697, 0.04995426908135414]",0.5223587155342102,0.4088161587715149,0.11354255676269531,56.98064422607422,0.7300000190734863,0.13425253331661224,7.5,0.01780851185321808,0.3125,3.75,0.021342884749174118,0.3125,2.0,21.25,-0.010784082114696503,0.4625,36.25,-0.02140224725008011,1.8125,7.1565110420342535,apiaviz/output/frontend-factorial/20260929T033509.965093Z-65439
10,2,71,linear_colour,ant-10-seed-71-linear_colour.json,c6c18509bc18b43b73a35585d2740df8c9bc24230b0a8d86242989e6cacf7849,False,7.0603519871192795,0.5010433502876722,1.6703985558025887,20.0,0,200,0,0.4992640559258578,0.04120396787396784,0.2768486061732305,0.04808688908815384,"[0.04720596224069595, 0.04896781966090202]",0.5405694246292114,0.41938579082489014,0.12118363380432129,54.127506256103516,0.7018749713897705,0.13353875279426575,3.75,0.013109754770994186,0.4375,3.75,0.01089535653591156,0.40625,3.75,7.5,0.005148492753505707,0.05,20.0,-0.018049657344818115,1.3875000000000002,13.04114762507379,apiaviz/output/frontend-factorial/20260929T033509.965093Z-65439
10,2,71,oriented_linear,ant-10-seed-71-oriented_linear.json,456c32987825591d64622c7a7d7b6036d5aac354425cc15f91253ddc2fbbc8f5,True,0.10308278910822896,0.04764558094674212,0.3074992570540441,8.5,0,85,0,0.04439822838617307,0.02367046562865357,0.011128538442820989,0.0501692071557045,"[0.05137059465050697, 0.04896781966090202]",0.5201554894447327,0.4042023718357086,0.11595311760902405,56.605255126953125,0.7351250052452087,0.13293412327766418,3.75,0.018095973879098892,0.3125,3.75,0.017587583512067795,0.375,0.5,21.25,-0.010784082114696503,0.4625,20.0,-0.018049657344818115,1.3875000000000002,8.020547542022541,apiaviz/output/frontend-factorial/20260929T033509.965093Z-65439
10,2,71,sobel_colour,ant-10-seed-71-sobel_colour.json,2e1eec470253231c2d529c7749ebf83255acd3b09ea4e912d5c7df32fc0acaac,True,0.15381738980959989,0.035284713128709864,0.11820857242917658,8.1,0,81,0,0.031116555167370653,0.009888630297425165,0.017222768356385653,0.05074508860707283,"[0.05121341347694397, 0.05027676001191139]",0.5323386788368225,0.4162186086177826,0.11612007021903992,56.79338073730469,0.6917499899864197,0.13510161638259888,6.25,0.01617461070418358,0.21875,6.25,0.01617461070418358,0.21875,0.0,20.0,0.0068729594349861145,0.9125000000000001,27.5,-0.03186783194541931,1.3375,5.595891249831766,apiaviz/output/frontend-factorial/20260929T033509.965093Z-65439
10,2,71,ardin_input,ant-10-seed-71-ardin_input.json,a2c17a5ea212357c79754a3a72f04ade4541e9cd51abc691f617c370796cfca6,True,0.14574545874395056,0.11004791681838086,0.4095185113689719,10.100000000000001,0,101,0,0.1064527182425031,0.08709750399283818,0.09815801122790849,0.05589956045150757,"[0.05721002817153931, 0.05458909273147583]",0.6657962799072266,0.5579078197479248,0.10788846015930176,44.49742889404297,0.49674999713897705,0.16729947924613953,20.0,-0.018090829253196716,0.40625,20.0,-0.018102161586284637,0.40625,0.0,21.25,-0.02037569135427475,0.7,20.0,-0.021707765758037567,1.3625000000000003,14.148693917086348,apiaviz/output/frontend-factorial/20260929T033509.965093Z-65439
12,2,19,apiaviz,ant-12-seed-19-apiaviz.json,22c04039d50c1326596ca73dcc43ee7f286b4e72c148e36361bb4345790dfb7a,True,0.170839902102042,0.031169781657714113,0.12714530893691128,7.800000000000001,0,78,0,0.030022853204324525,0.008536087687245264,0.011669178375778867,0.04978111758828163,"[0.046528831124305725, 0.05303340405225754]",0.5518040060997009,0.4127040207386017,0.13909998536109924,51.70261764526367,0.7124999761581421,0.13419289886951447,11.25,0.026184700429439545,0.34375,11.25,0.02601442113518715,0.3125,1.5,12.5,0.01624387502670288,0.38750000000000007,20.0,-0.0075751543045043945,2.275,7.013156333006918,apiaviz/output/frontend-factorial/20260929T033509.965093Z-65439
12,2,19,oriented_form,ant-12-seed-19-oriented_form.json,c979fe2711be2ffc728570275a38287453f62b495dbcb0ebde4c1c6ec3b448be,True,0.16281300485700934,0.03455834923013497,0.2109716343131371,7.800000000000001,0,78,0,0.03169023744420775,0.00923280275659396,0.015067200073530167,0.05051318556070328,"[0.04799296706914902, 0.05303340405225754]",0.5274229049682617,0.39707884192466736,0.13034406304359436,53.6985969543457,0.7319999933242798,0.13184526562690735,11.25,0.022040195763111115,0.34375,11.25,0.01938718929886818,0.40625,6.0,12.5,0.002188161015510559,0.22500000000000003,20.0,-0.0075751543045043945,2.275,6.696797041920945,apiaviz/output/frontend-factorial/20260929T033509.965093Z-65439
12,2,19,linear_colour,ant-12-seed-19-linear_colour.json,d668433ffd393020d9bf6dfd92a88c4de81467726f3e806672f48278e4aad94a,True,0.14795117957384268,0.027023276912482627,0.11068217539335212,7.800000000000001,0,78,0,0.025812137173709483,0.008536087687245264,0.011669178375778867,0.049696728587150574,"[0.046528831124305725, 0.05286462604999542]",0.5474636554718018,0.40782076120376587,0.1396428942680359,51.57633972167969,0.7203750014305115,0.13342027366161346,11.25,0.02531442418694496,0.3125,11.25,0.025660168379545212,0.34375,2.5,12.5,0.01624387502670288,0.38750000000000007,26.25,-0.010592430830001831,3.125,5.154037666041404,apiaviz/output/frontend-factorial/20260929T033509.965093Z-65439
12,2,19,oriented_linear,ant-12-seed-19-oriented_linear.json,68a141c74d017bd1d81d219e28add5cf295eb5c66df79db6f10cc81263ef4c52,True,0.16281300485700934,0.03455834923013497,0.2109716343131371,7.800000000000001,0,78,0,0.03169023744420775,0.00923280275659396,0.015067200073530167,0.05042879655957222,"[0.04799296706914902, 0.05286462604999542]",0.5230757594108582,0.39218589663505554,0.1308898627758026,53.53432846069336,0.7398750185966492,0.13105927407741547,15.0,0.019126970320940018,0.375,11.25,0.01804535463452339,0.375,0.75,12.5,0.002188161015510559,0.22500000000000003,26.25,-0.010592430830001831,3.125,5.6446307501755655,apiaviz/output/frontend-factorial/20260929T033509.965093Z-65439
12,2,19,sobel_colour,ant-12-seed-19-sobel_colour.json,f670b140ab2edf4ace48d1ef78a0650c00c5b881c47a0cb0ae0535457b6af0b5,True,0.17451883071241808,0.06030087050727802,0.23808052881666236,8.0,0,80,0,0.05808680792272021,0.010045085502563642,0.01735596322637944,0.0499136783182621,"[0.04685618728399277, 0.052971165627241135]",0.5302086472511292,0.3999541401863098,0.13025450706481934,53.67060852050781,0.6959999799728394,0.1321823000907898,11.25,0.02379900962114334,0.40625,11.25,0.02379900962114334,0.40625,0.0,13.75,0.019686833024024963,1.5624999999999998,16.25,-0.006607353687286377,2.3375000000000004,6.69028070801869,apiaviz/output/frontend-factorial/20260929T033509.965093Z-65439
12,2,19,ardin_input,ant-12-seed-19-ardin_input.json,05807f065212db0c78e3759ae9ab6d8ec9c525b6746766299cd5e9576c80ac0f,False,2.665249186342783,0.6675298045066329,2.665249186342783,20.0,0,200,0,0.6664785569444756,0.029356327834132154,0.5069113287494643,0.05357208102941513,"[0.05046061798930168, 0.05668354406952858]",0.691319465637207,0.5776593089103699,0.11366015672683716,36.269168853759766,0.4906249940395355,0.16620531678199768,13.75,0.0010853931307792664,0.3125,13.75,0.000825241208076477,0.3125,0.0,21.25,-0.006846047937870026,1.775,17.5,-0.0006845146417617798,0.8624999999999999,22.141557832947,apiaviz/output/frontend-factorial/20260929T033509.965093Z-65439
12,2,31,apiaviz,ant-12-seed-31-apiaviz.json,48b8be156096f57127c588b241f4e27d5ec1ccf6d659dec37f2010e75c8952b8,True,0.10805352712949463,0.02035616597439351,0.053054588512059186,7.800000000000001,0,78,0,0.018408110833114097,0.012482953813633933,0.01678572020221033,0.049601443111896515,"[0.04513748362660408, 0.05406540259718895]",0.5577349662780762,0.41930538415908813,0.13842958211898804,50.12800979614258,0.7071250081062317,0.13548243045806885,15.0,0.016274292021989822,0.40625,21.25,0.013919655233621597,0.40625,5.25,13.75,0.01801762729883194,0.425,30.0,-0.008628182113170624,1.6875,6.888861000072211,apiaviz/output/frontend-factorial/20260929T033509.965093Z-65439
12,2,31,oriented_form,ant-12-seed-31-oriented_form.json,90b230254cac8012a8b59fff54a0aa6233d8095904fc88226ba357c86e0d821b,True,0.1576934557045402,0.05543911092313746,0.13290466240433146,7.9,0,79,0,0.051814084679728825,0.045444657959831734,0.04026436019926104,0.05188765749335289,"[0.04970991611480713, 0.05406540259718895]",0.5310547947883606,0.3928137719631195,0.1382410228252411,53.46723175048828,0.7451249957084656,0.13390861451625824,12.5,0.017986133694648743,0.375,15.0,0.019994359463453293,0.375,2.75,12.5,0.013908840715885162,0.375,30.0,-0.008628182113170624,1.6875,7.052124124951661,apiaviz/output/frontend-factorial/20260929T033509.965093Z-65439
12,2,31,linear_colour,ant-12-seed-31-linear_colour.json,49be3b73ff42a5b824b0a4ddb199c7927e0dfd42acb04134bc6848755fc969c8,True,0.10805352712949463,0.020374776577014482,0.053054588512059186,7.800000000000001,0,78,0,0.018401110237058264,0.012472032883786828,0.016706309124611428,0.049283578991889954,"[0.04513748362660408, 0.053429678082466125]",0.5521959066390991,0.4138099253177643,0.13838598132133484,50.044795989990234,0.7113749980926514,0.13405978679656982,12.5,0.02015851065516472,0.34375,11.25,0.019830849021673203,0.34375,4.25,13.75,0.01801762729883194,0.425,27.5,-0.012699663639068604,1.85,6.924585625063628,apiaviz/output/frontend-factorial/20260929T033509.965093Z-65439
12,2,31,oriented_linear,ant-12-seed-31-oriented_linear.json,d5e6ab07a4e34e98baa9d4e152049edf71c91cbb6765861461873cc449956538,True,0.17544888263040884,0.38501515290508775,1.2741355231609262,15.9,0,159,0,0.38341158728678615,0.008434294224557238,0.27083921964087,0.05156979709863663,"[0.04970991611480713, 0.053429678082466125]",0.5253404378890991,0.3870200216770172,0.1383204162120819,53.39763641357422,0.7493749856948853,0.13247457146644592,15.0,0.017919305711984634,0.375,15.0,0.018657773733139038,0.375,1.0,12.5,0.013908840715885162,0.375,27.5,-0.012699663639068604,1.85,10.530516082886606,apiaviz/output/frontend-factorial/20260929T033509.965093Z-65439
12,2,31,sobel_colour,ant-12-seed-31-sobel_colour.json,a90c40dbc05de8cdad1dd8a35f5ccb51aeeb049041fc291283748eb9553e0c31,True,0.15065051328092802,0.5821738372404124,1.4795447247389477,20.0,0,200,0,0.5814971405120067,0.011787978618957173,0.4251053356194553,0.05138343945145607,"[0.04999788850545883, 0.05276898667216301]",0.5345013737678528,0.3937545418739319,0.1407468318939209,51.61424255371094,0.7066249847412109,0.13269004225730896,12.5,0.032542310655117035,0.375,12.5,0.032542310655117035,0.375,0.0,7.5,0.032385796308517456,0.0625,23.75,-0.01261749118566513,1.9375,11.981756167020649,apiaviz/output/frontend-factorial/20260929T033509.965093Z-65439
12,2,31,ardin_input,ant-12-seed-31-ardin_input.json,ccc63deba5e507c2cae513750d22e476887ee1d8b8367c6796c9fa5a9c6979f4,False,0.9558898898117433,0.23283154234893047,0.7459810597866755,20.0,0,200,0,0.2271821893860204,0.13576022290112047,0.1870089820253285,0.0571351982653141,"[0.056181084364652634, 0.05808931216597557]",0.6804355382919312,0.5557073950767517,0.12472814321517944,37.00668716430664,0.4897499978542328,0.1693718433380127,13.75,0.005366265773773193,0.3125,13.75,0.005366265773773193,0.3125,0.0,17.5,0.002098381519317627,1.1375,17.5,0.0006885677576065063,0.8374999999999999,20.36897337483242,apiaviz/output/frontend-factorial/20260929T033509.965093Z-65439
12,2,43,apiaviz,ant-12-seed-43-apiaviz.json,e9b0fecd1f9560dae46e46a08fe302f296fd42e0b40a9f212d0b6796e14e2765,True,0.12097455370333052,0.015798987979801917,0.04931081044335669,7.800000000000001,0,78,0,0.01017166137143701,0.007381313539121613,0.013382764715144529,0.04828815162181854,"[0.04473910108208656, 0.05183720216155052]",0.5592248439788818,0.42225438356399536,0.13697046041488647,50.06427764892578,0.7043750286102295,0.13347916305065155,12.5,0.02608020231127739,0.375,11.25,0.025478333234786987,0.4375,4.25,13.75,0.01014852523803711,0.85,15.0,0.002001546323299408,1.8875,6.5269834590144455,apiaviz/output/frontend-factorial/20260929T033509.965093Z-65439
12,2,43,oriented_form,ant-12-seed-43-oriented_form.json,ce2cc99a65b1cb3d56ced8afb8f557cb53436a0460d8b381becb40b40a937cfe,True,0.12256867384734478,0.017607124497581225,0.040629930139318204,7.800000000000001,0,78,0,0.01231523412140876,0.011792395690131387,0.017289125801050957,0.05132085084915161,"[0.0508044995367527, 0.05183720216155052]",0.5241951942443848,0.3934556841850281,0.1307395100593567,53.67873001098633,0.7388749718666077,0.13198430836200714,11.25,0.019948672503232956,0.375,12.5,0.022293642163276672,0.34375,2.0,16.25,-0.003413662314414978,1.0125,15.0,0.002001546323299408,1.8875,6.189349584048614,apiaviz/output/frontend-factorial/20260929T033509.965093Z-65439
12,2,43,linear_colour,ant-12-seed-43-linear_colour.json,f35be317bee1bbd0222b8bb98eab33ddfa9dcac74e2a35a57f0539651e226271,False,2.5302931072222483,0.4767887797153067,1.5173354681304239,20.0,0,200,0,0.47580955840743167,0.017678001435760652,0.404180412085422,0.047976791858673096,"[0.04473910108208656, 0.05121448636054993]",0.5568379163742065,0.41849589347839355,0.138342022895813,49.426570892333984,0.7116249799728394,0.13231880962848663,12.5,0.024083450436592102,0.375,12.5,0.02390793338418007,0.40625,1.75,13.75,0.01014852523803711,0.85,15.0,5.129724740982056e-05,2.3625,11.960321249905974,apiaviz/output/frontend-factorial/20260929T033509.965093Z-65439
12,2,43,oriented_linear,ant-12-seed-43-oriented_linear.json,8ce36fd9e9f0184c40f4bf17ae7d38872db90fd233875c0a7f6f2cec63a1451a,True,0.1566755099315967,0.2230103950845715,1.0117741312766753,9.0,0,90,0,0.21833041141290643,0.01805539167998562,0.039216345239790645,0.05100949481129646,"[0.0508044995367527, 0.05121448636054993]",0.5216102600097656,0.3895476460456848,0.1320626139640808,53.117374420166016,0.7461249828338623,0.13081790506839752,12.5,0.02139417827129364,0.375,12.5,0.02122253179550171,0.375,1.5,16.25,-0.003413662314414978,1.0125,15.0,5.129724740982056e-05,2.3625,7.903143874835223,apiaviz/output/frontend-factorial/20260929T033509.965093Z-65439
12,2,43,sobel_colour,ant-12-seed-43-sobel_colour.json,f289ef8cb8e8cde62438444072b65929bd133edf139a6f2566fc7e9b631c99d8,True,0.10741786888517799,0.014554605813257635,0.05148210547001523,7.800000000000001,0,78,0,0.013680154387204636,0.010626514469820316,0.01166634738054827,0.051773734390735626,"[0.05075492337346077, 0.05279254540801048]",0.5301171541213989,0.39216333627700806,0.13795381784439087,52.341495513916016,0.703000009059906,0.13326700031757355,8.75,0.028543293476104736,0.34375,8.75,0.028362877666950226,0.34375,0.0,10.0,0.04080934077501297,0.45000000000000007,22.5,-0.015848666429519653,2.9000000000000004,5.894262624904513,apiaviz/output/frontend-factorial/20260929T033509.965093Z-65439
12,2,43,ardin_input,ant-12-seed-43-ardin_input.json,a58d9c4e78f5742cb531da71a4e3122c867391cdf489e07d3c31337e3dfbe879,False,1.9107015003457186,0.4845245385112348,1.3413518017062427,20.0,0,200,0,0.48345318878886245,0.32616378586115075,0.40077667999067784,0.05655467510223389,"[0.056336499750614166, 0.056772854179143906]",0.6791173219680786,0.5577523708343506,0.12136495113372803,37.793209075927734,0.49674999713897705,0.16800226271152496,21.25,0.005389600992202759,0.34375,21.25,0.005473896861076355,0.34375,0.0,20.0,0.0014530494809150696,0.48750000000000004,21.25,-0.01251760870218277,0.8625,20.667845542076975,apiaviz/output/frontend-factorial/20260929T033509.965093Z-65439
12,2,59,apiaviz,ant-12-seed-59-apiaviz.json,3e4e6735a23ada1dbf13befa74a134e5f530484fc36141e9f17af20bb774b42a,True,0.1450485746401664,0.0845993491326164,0.17726613339789826,7.9,0,79,0,0.07899747275028969,0.08078694992167755,0.08976421146967607,0.049640823155641556,"[0.04643319174647331, 0.0528484545648098]",0.5490414500236511,0.4125223159790039,0.13651913404464722,51.130680084228516,0.7046250104904175,0.13352268934249878,11.25,0.02288791909813881,0.46875,11.25,0.025513742119073868,0.46875,2.5,12.5,0.01943037658929825,0.38750000000000007,15.0,-0.0040159523487091064,1.9749999999999999,7.10777850006707,apiaviz/output/frontend-factorial/20260929T033509.965093Z-65439
12,2,59,oriented_form,ant-12-seed-59-oriented_form.json,b7cf5ed458757aca5bfec8a9c13a2c963d39c978622dac528ce9ba648e56e3cb,True,0.15138266157506353,0.07784422909036492,0.14192343528808662,7.800000000000001,0,78,0,0.07476155333264196,0.061591619936556166,0.0734880698480388,0.05032981559634209,"[0.04781118035316467, 0.0528484545648098]",0.5310059785842896,0.3989596366882324,0.13204634189605713,54.14829635620117,0.7390000224113464,0.13180415332317352,12.5,0.01803039386868477,0.375,12.5,0.020313724875450134,0.375,0.75,13.75,0.007383786141872406,0.22500000000000003,15.0,-0.0040159523487091064,1.9749999999999999,6.949787124991417,apiaviz/output/frontend-factorial/20260929T033509.965093Z-65439
12,2,59,linear_colour,ant-12-seed-59-linear_colour.json,404e2e61d8cd0adc3a9b3a4a65a48f90f08545da4c0b7341f407eabffea3aa4e,True,0.1978386791964678,0.2602524341837813,0.8469624709412441,14.9,0,149,0,0.2568424707674885,0.33088563393877324,0.2138273681108609,0.049463607370853424,"[0.04643319174647331, 0.052494022995233536]",0.5446577072143555,0.40695613622665405,0.13770157098770142,51.06351852416992,0.7112500071525574,0.13239841163158417,12.5,0.027185145765542984,0.5,12.5,0.027902726083993912,0.5,1.75,12.5,0.01943037658929825,0.38750000000000007,15.0,-0.004561282694339752,1.9625,11.185043958947062,apiaviz/output/frontend-factorial/20260929T033509.965093Z-65439
12,2,59,oriented_linear,ant-12-seed-59-oriented_linear.json,51cff840574a2bd85c846b62351279ee04e0c13c1bc7c8b94003b85db906395e,False,0.7042457160212671,0.648157088278754,1.998210582476163,20.0,0,200,0,0.6467231139716242,0.15554221148603664,0.39585014829756415,0.050152603536844254,"[0.04781118035316467, 0.052494022995233536]",0.5268104076385498,0.3933884799480438,0.13342192769050598,54.08919906616211,0.7456250190734863,0.13066603243350983,13.75,0.019847799092531204,0.375,11.25,0.02148909494280815,0.4375,5.0,13.75,0.007383786141872406,0.22500000000000003,15.0,-0.004561282694339752,1.9625,15.08175737503916,apiaviz/output/frontend-factorial/20260929T033509.965093Z-65439
12,2,59,sobel_colour,ant-12-seed-59-sobel_colour.json,68e1df6068b5b32309ceeb070c3133eb34dfe656df719cdfed4cba0ab2490418,True,0.14750712124228527,0.05096437385226815,0.13509852589687205,7.800000000000001,0,78,0,0.049162352812632794,0.02812276235736606,0.03842011379981168,0.049785513430833817,"[0.046882208436727524, 0.05268881842494011]",0.5278356671333313,0.3896128237247467,0.1382228434085846,52.90605926513672,0.7020000219345093,0.12961414456367493,16.25,0.009135585278272629,0.375,16.25,0.009135585278272629,0.375,0.0,7.5,0.004647441208362579,0.8374999999999999,25.0,-0.013643138110637665,2.8875,6.588944541988894,apiaviz/output/frontend-factorial/20260929T033509.965093Z-65439
12,2,59,ardin_input,ant-12-seed-59-ardin_input.json,7c5ba4dc695b35bb74b2e788c40a3683d23682fb946ce73ba6a9bfdcc59fd4de,False,0.3827720807495867,0.323844701603917,1.5027868834136964,20.0,0,200,0,0.321667572308003,0.18768607932949607,0.1874436216833269,0.055386777967214584,"[0.05457489565014839, 0.056198664009571075]",0.6926131844520569,0.5784744024276733,0.11413878202438354,36.836097717285156,0.4911249876022339,0.16895681619644165,30.0,-0.00871187448501587,0.40625,30.0,-0.00871187448501587,0.40625,0.0,28.75,-0.012525953352451324,1.5875000000000001,22.5,-0.007602408528327942,1.0750000000000002,21.020270666107535,apiaviz/output/frontend-factorial/20260929T033509.965093Z-65439
12,2,71,apiaviz,ant-12-seed-71-apiaviz.json,f9b89bc4329c46b78278ac6457be1b28480593346784133af1f0114b7ebae2a1,True,0.13538798105436495,0.028275088583742385,0.08768214052668404,7.800000000000001,0,78,0,0.024746137883405805,0.010529472480255857,0.020049298629830813,0.04813484475016594,"[0.04661427438259125, 0.04965541511774063]",0.5480230450630188,0.4087948203086853,0.1392282247543335,50.863792419433594,0.706375002861023,0.1311887502670288,10.0,0.03157944977283478,0.34375,10.0,0.02728736400604248,0.375,7.0,13.75,0.030577056109905243,0.22500000000000003,28.75,0.00376177579164505,1.875,6.625415874877945,apiaviz/output/frontend-factorial/20260929T033509.965093Z-65439
12,2,71,oriented_form,ant-12-seed-71-oriented_form.json,07c888bb4ccdc73c42161837ff40939b0df8584452d0ca24f794d7238695d037,True,0.17043296097343777,0.01936709741731072,0.0908035621759242,7.800000000000001,0,78,0,0.011949069908892936,0.00909859411721639,0.017907572989386035,0.05039557069540024,"[0.051135722547769547, 0.04965541511774063]",0.5258021950721741,0.38791584968566895,0.13788634538650513,54.0777702331543,0.7331249713897705,0.13051153719425201,10.0,0.011941671371459961,0.40625,10.0,0.010180160403251648,0.3125,3.75,12.5,-0.005246005952358246,0.22500000000000003,28.75,0.00376177579164505,1.875,6.068564957939088,apiaviz/output/frontend-factorial/20260929T033509.965093Z-65439
12,2,71,linear_colour,ant-12-seed-71-linear_colour.json,13afc62a450c076efd0d05275fd1da143187b09dee4e6fabaae1f4e0aef398bb,True,0.14516002140818926,0.04308706627934823,0.1869381346997612,7.9,0,79,0,0.03693462597782079,0.04610914636856708,0.03277575927177768,0.04794778302311897,"[0.04661427438259125, 0.049281295388936996]",0.5436947345733643,0.40421977639198303,0.13947495818138123,50.7933349609375,0.7123749852180481,0.13031770288944244,11.25,0.026622861623764038,0.40625,10.0,0.02604689449071884,0.40625,0.25,13.75,0.030577056109905243,0.22500000000000003,20.0,-0.003159947693347931,2.3125,7.163119416916743,apiaviz/output/frontend-factorial/20260929T033509.965093Z-65439
12,2,71,oriented_linear,ant-12-seed-71-oriented_linear.json,e639df5284dc14479e904aa06057b02c428f38484b1c0f3acd4f9a78024dc040,True,0.11363923479906253,0.05404212555117792,0.11724497826810064,7.9,0,79,0,0.05103719671689163,0.03896311164685772,0.053527640333096815,0.05020850896835327,"[0.051135722547769547, 0.049281295388936996]",0.5217405557632446,0.3836151957511902,0.13812536001205444,54.07036590576172,0.7391250133514404,0.12963920831680298,10.0,0.006421610713005066,0.34375,10.0,0.006784498691558838,0.3125,2.0,12.5,-0.005246005952358246,0.22500000000000003,20.0,-0.003159947693347931,2.3125,7.335420957999304,apiaviz/output/frontend-factorial/20260929T033509.965093Z-65439
12,2,71,sobel_colour,ant-12-seed-71-sobel_colour.json,1e7c05b4c59ba3b0ae360acdd7582a84e592673874d63dcc8fed1893edf66980,True,0.14101875109902365,0.03318696128669949,0.09810377816398676,7.800000000000001,0,78,0,0.03180000900573801,0.016935796341636236,0.02625314531403674,0.05063888803124428,"[0.05090154707431793, 0.050376228988170624]",0.5333398580551147,0.3961339294910431,0.13720592856407166,51.91774368286133,0.6974999904632568,0.13240332901477814,17.5,0.02141490951180458,0.375,17.5,0.02141490951180458,0.375,0.0,11.25,0.03146932274103165,0.7999999999999999,26.25,-0.002291642129421234,1.9125,6.407814915990457,apiaviz/output/frontend-factorial/20260929T033509.965093Z-65439
12,2,71,ardin_input,ant-12-seed-71-ardin_input.json,5de6c8f61660c692c23cf90d9d04fd82fb72986a188be1952aaebd1f8fd1a1f3,False,0.7743555497194173,0.5936120902895371,1.7097843263112666,20.0,0,200,0,0.591614739546438,0.08351112545618626,0.5305679538228867,0.05497521162033081,"[0.05589345842599869, 0.054056961089372635]",0.6761661171913147,0.5540198087692261,0.12214630842208862,36.66439437866211,0.4959999918937683,0.16539514064788818,20.0,0.01042235642671585,0.21875,20.0,0.01042235642671585,0.21875,0.0,22.5,-0.0031511932611465454,1.3625,16.25,0.01206938922405243,0.8375,19.92737116687931,apiaviz/output/frontend-factorial/20260929T033509.965093Z-65439
13,2,19,apiaviz,ant-13-seed-19-apiaviz.json,dcd675a17a99fbdac022c0f4fa89fc1b0060a03a450e27419cad46ed2cc83be7,True,0.19294094326624497,0.11316371006068059,0.3818793164433637,9.5,0,95,0,0.11020557824093584,0.0505514371637777,0.08362059437454247,0.04965166002511978,"[0.046537354588508606, 0.05276596546173096]",0.5351381301879883,0.41045019030570984,0.12468793988227844,58.62898254394531,0.718625009059906,0.130928635597229,16.25,0.006120167672634125,0.34375,17.5,0.00902486965060234,0.28125,5.0,25.0,0.008393742144107819,0.5625,37.5,-0.04081802815198898,2.35,8.283320124959573,apiaviz/output/frontend-factorial/20260929T033509.985503Z-65440
13,2,19,oriented_form,ant-13-seed-19-oriented_form.json,e11a4f241b8251f991001d40f295a635b6c3c0db4f5bf18760f2b87bf85dac67,True,0.10804738057602124,0.04580094689264271,0.09559652416922866,8.6,0,86,0,0.036458397794883184,0.03169065160524103,0.044878711231897184,0.050391122698783875,"[0.04801628366112709, 0.05276596546173096]",0.5143903493881226,0.3925550580024719,0.12183529138565063,61.927154541015625,0.7321249842643738,0.12887932360172272,16.25,0.019459132105112076,0.34375,16.25,0.019098110496997833,0.375,1.25,10.0,0.017818287014961243,1.0,37.5,-0.04081802815198898,2.35,7.934764415957034,apiaviz/output/frontend-factorial/20260929T033509.985503Z-65440
13,2,19,linear_colour,ant-13-seed-19-linear_colour.json,0d1344977e4da0def8f7a7fcef0f4d9d3a4e1fc2fb6bb59c1320c7988c2126e9,False,1.238114867262839,0.6538473457870749,1.723800082484399,20.0,0,200,0,0.6524599204720704,0.05074628254830391,0.6686025072363904,0.04953432455658913,"[0.046537354588508606, 0.05253129079937935]",0.5320906639099121,0.4065536856651306,0.1255369782447815,58.54863739013672,0.7221249938011169,0.13014256954193115,16.25,0.007754914462566376,0.28125,16.25,0.00820007175207138,0.28125,0.25,25.0,0.008393742144107819,0.5625,35.0,-0.04355788975954056,2.325,14.156101666856557,apiaviz/output/frontend-factorial/20260929T033509.985503Z-65440
13,2,19,oriented_linear,ant-13-seed-19-oriented_linear.json,35c676c46a9d76080e0cfdc269c904593840db33389d51cc955ec51130fbdfe4,True,0.1335703969802196,0.0422950217705728,0.09273280988838643,8.6,0,86,0,0.03511190252425074,0.032039221479264586,0.040139747098295424,0.05027378723025322,"[0.04801628366112709, 0.05253129079937935]",0.5114079713821411,0.38867947459220886,0.12272849678993225,61.85029602050781,0.7356250286102295,0.12808136641979218,16.25,0.01786191388964653,0.375,16.25,0.0190240778028965,0.375,0.0,10.0,0.017818287014961243,1.0,35.0,-0.04355788975954056,2.325,8.006758625153452,apiaviz/output/frontend-factorial/20260929T033509.985503Z-65440
13,2,19,sobel_colour,ant-13-seed-19-sobel_colour.json,9cac37d604d172356145b5c0b71b38a9bd9969b04529be11e625d2b99a06f2ef,True,0.10601937586703794,0.06395545105231588,0.11292734879672311,8.8,0,88,0,0.060830485601540134,0.05497571412583725,0.07439064203675419,0.049943964928388596,"[0.04709131643176079, 0.0527966171503067]",0.5198689699172974,0.3953668475151062,0.12450212240219116,61.50399398803711,0.6927499771118164,0.1292979121208191,11.25,0.014634829014539719,0.375,11.25,0.014634829014539719,0.375,0.0,18.75,0.002522110939025879,0.2625,15.0,-0.017763003706932068,1.5875,6.676204749848694,apiaviz/output/frontend-factorial/20260929T033509.985503Z-65440
13,2,19,ardin_input,ant-13-seed-19-ardin_input.json,631acca75994880fa1e14a6cea826769989a5f516ba5241051442e3aff6a0a11,False,3.74110824551438,0.4685934767306347,1.686660851388795,20.0,0,200,0,0.46639500860397987,0.09248732782409308,0.2330123060820173,0.0536990724503994,"[0.05065900459885597, 0.056739144027233124]",0.6856569051742554,0.5757331848144531,0.10992372035980225,42.64560317993164,0.4896250069141388,0.16477429866790771,18.75,0.003010980784893036,0.40625,18.75,0.003010980784893036,0.40625,0.0,25.0,-0.005589380860328674,0.5499999999999999,23.75,-0.0035997703671455383,1.2875,20.949032249860466,apiaviz/output/frontend-factorial/20260929T033509.985503Z-65440
13,2,31,apiaviz,ant-13-seed-31-apiaviz.json,20817390d2d6b7284e2f1031d76058776eeeda22da981405e25f664401a9bd03,True,0.12897927586230568,0.06694287871148166,0.11571151474474892,8.700000000000001,0,87,0,0.0641429292100763,0.04996029625392053,0.07084969522616062,0.049456097185611725,"[0.045136336237192154, 0.053775861859321594]",0.5445476174354553,0.41848745942115784,0.12606015801429749,57.8572998046875,0.7067499756813049,0.13294588029384613,7.5,0.003743007779121399,0.28125,10.0,0.005531437695026398,0.25,2.5,20.0,0.0005199462175369263,1.8624999999999998,18.75,-0.03502931445837021,1.7125,7.53203283296898,apiaviz/output/frontend-factorial/20260929T033509.985503Z-65440
13,2,31,oriented_form,ant-13-seed-31-oriented_form.json,067b0364e56acc7f04fd3dfaf25f4718eee89ffe0be325441dde3cfd177ce7b0,True,0.12382497816039192,0.06418831307219293,0.2533425748796223,9.700000000000001,0,97,0,0.05818065012986851,0.05062405422321024,0.0570066775223325,0.052006226032972336,"[0.05023659020662308, 0.053775861859321594]",0.513728141784668,0.39276137948036194,0.12096676230430603,61.72153091430664,0.7448750138282776,0.1310112476348877,2.5,0.02090853452682495,0.3125,2.5,0.022385861724615097,0.28125,1.25,6.25,0.024132639169692993,0.05,18.75,-0.03502931445837021,1.7125,7.8678018329665065,apiaviz/output/frontend-factorial/20260929T033509.985503Z-65440
13,2,31,linear_colour,ant-13-seed-31-linear_colour.json,105b2388c2b631e97a6554ae07bd753f623c9f8d58cee232a6fd974a5f75d3e0,True,0.11518750003065822,0.05723215873175478,0.11671295832693675,8.700000000000001,0,87,0,0.05294439755819947,0.04591703486215451,0.05602656854060799,0.0493515320122242,"[0.045136336237192154, 0.05356673151254654]",0.5389840602874756,0.41225889325141907,0.12672516703605652,57.729469299316406,0.7101250290870667,0.13189534842967987,13.75,0.0012498274445533752,0.3125,13.75,0.0019655488431453705,0.34375,1.0,20.0,0.0005199462175369263,1.8624999999999998,20.0,-0.04412807524204254,1.5875,7.819944416871294,apiaviz/output/frontend-factorial/20260929T033509.985503Z-65440
13,2,31,oriented_linear,ant-13-seed-31-oriented_linear.json,d6b7468d56f2ae89e076a4b35f29953269a65d9243a7d6ba834e47fe9ef851d2,False,4.293281909176221,1.0551463172082793,2.8802711676480603,20.0,0,200,0,1.0539005970657025,0.045760587138892216,1.0053938801202928,0.05190166085958481,"[0.05023659020662308, 0.05356673151254654]",0.5083212852478027,0.38668158650398254,0.12163969874382019,61.57389450073242,0.7482500076293945,0.12994712591171265,5.0,0.01841401308774948,0.375,5.0,0.018325582146644592,0.34375,0.5,6.25,0.024132639169692993,0.05,20.0,-0.04412807524204254,1.5875,13.423957375111058,apiaviz/output/frontend-factorial/20260929T033509.985503Z-65440
13,2,31,sobel_colour,ant-13-seed-31-sobel_colour.json,aa65e9f6108be00d8d14badfd49a23a22fa5c4de6c5c52a5dfeb2a01c3b20633,True,0.18612817801118994,0.06289366785504082,0.11721674356001406,8.6,0,86,0,0.05960744036974935,0.049799360839974535,0.06850277416039434,0.05217017978429794,"[0.05122573301196098, 0.053114622831344604]",0.5150818228721619,0.38813212513923645,0.12694969773292542,61.025577545166016,0.7103750109672546,0.13064293563365936,5.0,0.032183196395635605,0.34375,5.0,0.03228946402668953,0.34375,0.0,20.0,0.013363257050514221,1.1375,20.0,-0.009859077632427216,1.2625,7.201879458036274,apiaviz/output/frontend-factorial/20260929T033509.985503Z-65440
13,2,31,ardin_input,ant-13-seed-31-ardin_input.json,2efc5d42f54444875d6ce6e0a169a5c4594d03c0f8cf1dabfab3d55ab9f5c324,True,0.16359725763047323,0.07264360218699928,0.17073963739443326,9.9,0,99,0,0.0662629398141172,0.03193609211153652,0.06649029161101332,0.05706369876861572,"[0.05633365362882614, 0.057793740183115005]",0.6759209036827087,0.5619869828224182,0.11393392086029053,42.98869323730469,0.4958750009536743,0.16779355704784393,16.25,-0.0026104673743247986,0.46875,16.25,-0.002570599317550659,0.46875,0.25,25.0,-0.009820066392421722,1.025,23.75,-0.0074372440576553345,0.5625,12.676224249880761,apiaviz/output/frontend-factorial/20260929T033509.985503Z-65440
13,2,43,apiaviz,ant-13-seed-43-apiaviz.json,d21369e45b403396211c52bfd95ee2fd75413ed886c6a7bc9a73f333965d8ffe,True,0.19885487292723325,0.40859250074604464,1.481063896926454,14.0,0,140,0,0.4054504538432098,0.018484005417673706,0.08020044996559951,0.048642080277204514,"[0.045124202966690063, 0.05215996131300926]",0.5442268252372742,0.417215496301651,0.12701132893562317,57.300140380859375,0.7105000019073486,0.13064812123775482,12.5,0.014303173869848251,0.4375,15.0,0.017775647342205048,0.4375,3.0,16.25,0.011699259281158447,1.8,16.25,-0.026035882532596588,2.2375000000000003,10.520560249919072,apiaviz/output/frontend-factorial/20260929T033509.985503Z-65440
13,2,43,oriented_form,ant-13-seed-43-oriented_form.json,b629d2051413c87a046521cde6231aa18e0eaf904ed6c27809aa2e0a84846d00,True,0.14042150062036096,0.07325164259878238,0.1346286046058963,8.6,0,86,0,0.07049217002756486,0.04317254336585466,0.07862795246217288,0.05124249681830406,"[0.05032503232359886, 0.05215996131300926]",0.516198456287384,0.3930867910385132,0.12311166524887085,60.94776153564453,0.750374972820282,0.12935638427734375,16.25,0.017507050186395645,0.3125,16.25,0.022258903831243515,0.34375,0.75,12.5,0.030981943011283875,0.225,16.25,-0.026035882532596588,2.2375000000000003,8.913936417084187,apiaviz/output/frontend-factorial/20260929T033509.985503Z-65440
13,2,43,linear_colour,ant-13-seed-43-linear_colour.json,fc8232bc3c486bc7c33a70be989468d570ad54b6bb4a98b3dbda45d9ec9d475c,False,2.3405536124333377,0.8522056922873942,2.7768019882688897,20.0,0,200,0,0.850763304753803,0.05128768520366126,0.4287722244315332,0.048209771513938904,"[0.045124202966690063, 0.051295340061187744]",0.5409282445907593,0.4146396517753601,0.12628859281539917,57.483482360839844,0.7139999866485596,0.12925930321216583,15.0,0.014388196170330048,0.46875,15.0,0.014657951891422272,0.40625,1.5,16.25,0.011699259281158447,1.8,17.5,-0.023429371416568756,1.0875,13.73571537504904,apiaviz/output/frontend-factorial/20260929T033509.985503Z-65440
13,2,43,oriented_linear,ant-13-seed-43-oriented_linear.json,a70991616e4e354164c92d6381e25e2a17c1b2c122193eb6b45f301376579fd8,True,0.18658572229346312,0.051372983734786354,0.12978947085668302,8.6,0,86,0,0.04786201418014888,0.045760587138892216,0.05412641624064938,0.050810184329748154,"[0.05032503232359886, 0.051295340061187744]",0.5129589438438416,0.39035898447036743,0.12259995937347412,61.257362365722656,0.7538750171661377,0.12796232104301453,8.75,0.018813442438840866,0.3125,16.25,0.019944384694099426,0.28125,2.5,12.5,0.030981943011283875,0.225,17.5,-0.023429371416568756,1.0875,8.505168457981199,apiaviz/output/frontend-factorial/20260929T033509.985503Z-65440
13,2,43,sobel_colour,ant-13-seed-43-sobel_colour.json,4fab2010b7fc67f1c28e23697001f290c28eaaab0dc2d50a1d2192abe53b9ca1,False,2.9757372114245126,0.882252084011029,3.1536010450221768,20.0,0,200,0,0.8797478579604409,0.04085667427078044,0.5694821506471749,0.05167001858353615,"[0.05044827610254288, 0.05289176106452942]",0.5222118496894836,0.39270222187042236,0.12950962781906128,60.38054656982422,0.7178750038146973,0.13010933995246887,17.5,0.013991311192512512,0.3125,17.5,0.013991311192512512,0.3125,0.0,20.0,0.01584404706954956,0.31250000000000006,13.75,-0.006737731397151947,0.8750000000000001,11.731331333052367,apiaviz/output/frontend-factorial/20260929T033509.985503Z-65440
13,2,43,ardin_input,ant-13-seed-43-ardin_input.json,b0ef342398da906df0a2cde0a6e16bf76f9149511f7c4ac0264d8975c4cb129b,False,6.709738857570572,1.6109768040499082,3.854603063521501,20.0,0,200,0,1.609947451567376,0.09601754356582604,1.588620592325481,0.056552521884441376,"[0.05646328255534172, 0.05664176121354103]",0.6694868803024292,0.5570600032806396,0.11242687702178955,44.5125617980957,0.5052499771118164,0.16632801294326782,18.75,0.0026590898633003235,0.40625,18.75,0.0026590898633003235,0.40625,0.0,35.0,-0.006694577634334564,2.0375,22.5,-0.006500028073787689,0.5874999999999999,22.22930866619572,apiaviz/output/frontend-factorial/20260929T033509.985503Z-65440
13,2,59,apiaviz,ant-13-seed-59-apiaviz.json,83b1945f008651b0a4455bfc26347e1f79f70bcf1082039f01e4195a8fd7b512,True,0.1483272836144158,0.05568306608590251,0.11520860537472663,8.6,0,86,0,0.046831122580180747,0.036970664141784154,0.04964900233380337,0.04965070262551308,"[0.046456579118967056, 0.0528448261320591]",0.5353049635887146,0.4120294153690338,0.12327554821968079,59.47756576538086,0.7146250009536743,0.13107559084892273,16.25,0.011357836425304413,0.28125,17.5,0.007234446704387665,0.3125,3.5,28.75,0.00020638853311538696,1.05,41.25,-0.05550743639469147,3.6500000000000004,8.527810083003715,apiaviz/output/frontend-factorial/20260929T033509.985503Z-65440
13,2,59,oriented_form,ant-13-seed-59-oriented_form.json,16b84b7eeb140b293be831e4fef0f37ab25b045476887c8231f1403540663283,False,4.847274780730224,0.49312121285745536,1.366569434789711,20.0,0,200,0,0.4904698523795323,0.042013117378377825,0.41110451148881777,0.05018598213791847,"[0.04752713814377785, 0.0528448261320591]",0.5173021554946899,0.40071171522140503,0.11659044027328491,62.07267761230469,0.7406250238418579,0.12929818034172058,10.0,0.012776132673025131,0.21875,10.0,0.011044934391975403,0.25,1.5,6.25,0.018456950783729553,0.0625,41.25,-0.05550743639469147,3.6500000000000004,13.295718125067651,apiaviz/output/frontend-factorial/20260929T033509.985503Z-65440
13,2,59,linear_colour,ant-13-seed-59-linear_colour.json,a14b6a0d105c0a47e7c60f14368765228fd0af9ed07bfcc169d0cd3341d2429e,True,0.1856832224085868,0.0327263815930732,0.07927015920050398,8.6,0,86,0,0.026926415708749356,0.03262059423366671,0.025885975868292544,0.04940596967935562,"[0.046456579118967056, 0.052355363965034485]",0.5299453735351562,0.4055787920951843,0.12436658143997192,59.279815673828125,0.718500018119812,0.12980566918849945,11.25,0.005693592131137848,0.28125,16.25,0.004464823752641678,0.28125,1.5,28.75,0.00020638853311538696,1.05,31.25,-0.05470842868089676,2.3000000000000003,7.683832624927163,apiaviz/output/frontend-factorial/20260929T033509.985503Z-65440
13,2,59,oriented_linear,ant-13-seed-59-oriented_linear.json,407b7c6ecad90426b4d0570ba56dffc0a71073c63d010a3c3542b78bb539c5f5,True,0.19866958885320096,0.03664039386105812,0.06164110479592502,8.5,0,85,0,0.026694483612853096,0.027502091880603697,0.040102395873067305,0.049941252917051315,"[0.04752713814377785, 0.052355363965034485]",0.5118807554244995,0.39429548382759094,0.11758527159690857,61.92079544067383,0.7444999814033508,0.12801164388656616,11.25,0.0102088563144207,0.25,11.25,0.010929644107818604,0.25,0.5,6.25,0.018456950783729553,0.0625,31.25,-0.05470842868089676,2.3000000000000003,6.839197125053033,apiaviz/output/frontend-factorial/20260929T033509.985503Z-65440
13,2,59,sobel_colour,ant-13-seed-59-sobel_colour.json,7eccba82080def35647b81d3f65b1f20ebe343f528dc056cfb2c02ee9da704fa,True,0.18071175027663214,0.04869271380503201,0.11489387454934585,8.6,0,86,0,0.04393616771336867,0.04645772688693934,0.05411610142656051,0.04989767074584961,"[0.046838123351335526, 0.052957214415073395]",0.510114312171936,0.38657158613204956,0.12354272603988647,61.2418098449707,0.7055000066757202,0.12748120725154877,10.0,0.023287102580070496,0.34375,10.0,0.023287102580070496,0.34375,0.0,10.0,0.01463393121957779,1.1,28.75,-0.03324514627456665,1.6375000000000002,7.2672963750083,apiaviz/output/frontend-factorial/20260929T033509.985503Z-65440
13,2,59,ardin_input,ant-13-seed-59-ardin_input.json,08c1caa55f003159ab540db9d36f5893a8a23e763950856c34478205cd5dcb3b,False,10.801415409657174,1.5458737847846333,4.137974551206698,20.0,0,200,0,1.54545564905363,0.3233823273274995,1.6401082147963055,0.055295180529356,"[0.054221585392951965, 0.05636877566576004]",0.6821762919425964,0.5799722075462341,0.1022040843963623,43.12578582763672,0.5,0.16720734536647797,25.0,-0.0039421916007995605,0.375,25.0,-0.0039421916007995605,0.375,0.0,30.0,-0.014659076929092407,0.5125000000000001,20.0,-0.0067341625690460205,0.9,21.09227112494409,apiaviz/output/frontend-factorial/20260929T033509.985503Z-65440
13,2,71,apiaviz,ant-13-seed-71-apiaviz.json,84e5695d0e024cc47bf6cf81fb8f9e9aff6f7debc4a8de37a9a1198d137330ca,True,0.10611221490189554,0.04329193912042312,0.08061109729032351,8.6,0,86,0,0.035566389207980435,0.034384949401853715,0.04353102136297659,0.04825463145971298,"[0.04678161069750786, 0.04972764849662781]",0.530207097530365,0.410457968711853,0.11974912881851196,58.482948303222656,0.7117499709129333,0.12873411178588867,13.75,0.005960345268249512,0.3125,13.75,0.007477648556232452,0.28125,2.5,18.75,0.013451918959617615,1.1625,31.25,-0.043271563947200775,1.625,8.211183958919719,apiaviz/output/frontend-factorial/20260929T033509.985503Z-65440
13,2,71,oriented_form,ant-13-seed-71-oriented_form.json,e64a5aa6a3f82a1020213f97698b0899b328671b93caeb52541c5e5415f45c36,True,0.1242489444061548,0.04829025561531496,0.11571151474474892,8.700000000000001,0,87,0,0.04396499767326412,0.04710375219533846,0.0490523017553063,0.05024968087673187,"[0.05077170953154564, 0.04972764849662781]",0.503246545791626,0.39173609018325806,0.11151045560836792,61.66851806640625,0.7403749823570251,0.12761010229587555,6.25,0.014904756098985672,0.34375,7.5,0.013534266501665115,0.34375,0.75,11.25,0.004463903605937958,1.05,31.25,-0.043271563947200775,1.625,7.690388834103942,apiaviz/output/frontend-factorial/20260929T033509.985503Z-65440
13,2,71,linear_colour,ant-13-seed-71-linear_colour.json,2067015bd059f157fb20ca25b3d265ba2f7d4bd01a2af9042e0497f41421b77c,False,2.1273294890915566,0.6982878945834,1.52309091046907,20.0,0,200,0,0.6966175801319834,0.034384949401853715,0.8193020914332536,0.047969985753297806,"[0.04678161069750786, 0.04915836453437805]",0.5236151218414307,0.4032477140426636,0.12036740779876709,58.73932647705078,0.719124972820282,0.12764208018779755,13.75,0.012284912168979645,0.34375,13.75,0.011741168797016144,0.34375,0.25,18.75,0.013451918959617615,1.1625,30.0,-0.037790656089782715,1.6250000000000002,14.81173074990511,apiaviz/output/frontend-factorial/20260929T033509.985503Z-65440
13,2,71,oriented_linear,ant-13-seed-71-oriented_linear.json,1cde551869c9106da09741ca1fa9bace77441392b653f6c1b3bce4723154f389,True,0.1242489444061548,0.04829025561531496,0.11571151474474892,8.700000000000001,0,87,0,0.04396499767326412,0.04710375219533846,0.0490523017553063,0.049965038895606995,"[0.05077170953154564, 0.04915836453437805]",0.4967862367630005,0.38433605432510376,0.11245018243789673,61.977516174316406,0.7477499842643738,0.12651285529136658,20.0,0.020703304558992386,0.3125,16.25,0.020002223551273346,0.3125,1.5,11.25,0.004463903605937958,1.05,30.0,-0.037790656089782715,1.6250000000000002,8.584646415896714,apiaviz/output/frontend-factorial/20260929T033509.985503Z-65440
13,2,71,sobel_colour,ant-13-seed-71-sobel_colour.json,ecbf17536b1f83e6f0cf7480fcb02c0ce6a29b795b45e59ca1d80b1da001d007,False,2.190517494363187,0.4880911912652131,1.28637696302869,20.0,0,200,0,0.4868233555154092,0.05128768520366126,0.48974817391876185,0.05048579350113869,"[0.05083939805626869, 0.050132185220718384]",0.5147994160652161,0.39251431822776794,0.12228509783744812,60.15803909301758,0.6991249918937683,0.12902715802192688,12.5,0.010577648878097534,0.40625,12.5,0.010577648878097534,0.40625,0.25,20.0,0.0024493560194969177,0.2625,26.25,-0.017213061451911926,1.6375,13.450289542088285,apiaviz/output/frontend-factorial/20260929T033509.985503Z-65440
13,2,71,ardin_input,ant-13-seed-71-ardin_input.json,2537f78044ca91f6d305142251b976dbef5bdd627e1c231f06fafcc0cb96f7a3,False,4.214132414780288,0.24946260822141567,1.0019650664964388,20.0,0,200,0,0.2454912412872701,0.14954652105296956,0.15999028069020266,0.05524313449859619,"[0.05624425411224365, 0.05424201861023903]",0.6705760359764099,0.556309163570404,0.11426687240600586,42.88285827636719,0.5021250247955322,0.16436800360679626,15.0,-0.00010719895362854004,0.5,15.0,-5.841255187988281e-06,0.5,0.0,31.25,-0.008680224418640137,1.65,18.75,-0.001995868980884552,0.8500000000000001,22.620575041975826,apiaviz/output/frontend-factorial/20260929T033509.985503Z-65440
15,2,19,apiaviz,ant-15-seed-19-apiaviz.json,fdb739ab70d12f306e0b89ebfbc13c54898c0ed573521c8385fa0f03966d0ad0,False,9.097454165181455,2.8115524071714737,8.841911479475982,20.0,0,200,0,2.8105787603142476,0.0982946766486984,1.216063259867662,0.04952418431639671,"[0.04645130783319473, 0.052597057074308395]",0.5278400778770447,0.42746925354003906,0.10037082433700562,53.696624755859375,0.7066249847412109,0.13661614060401917,17.5,-0.010086610913276672,0.375,18.75,-0.013385418802499771,0.375,0.5,15.0,0.014129146933555603,1.1,28.75,-0.03910016268491745,1.725,12.99781100009568,apiaviz/output/frontend-factorial/20260929T033509.985503Z-65440
15,2,19,oriented_form,ant-15-seed-19-oriented_form.json,9c6845053a9f0edb287a3978700444b8a4315774468d8e967ab08dfb27ca70e6,True,0.1913194865246032,0.43137931692900766,1.5165869183080762,18.400000000000002,0,184,0,0.42937125131703247,0.07824347197741927,0.24981441075354105,0.05020048841834068,"[0.04780391976237297, 0.052597057074308395]",0.5068044066429138,0.40771201252937317,0.09909239411354065,56.18629837036133,0.7254999876022339,0.13463670015335083,7.5,0.004533935338258743,0.375,7.5,0.0023489706218242645,0.375,0.0,6.25,0.03025173395872116,0.525,28.75,-0.03910016268491745,1.725,13.265494749881327,apiaviz/output/frontend-factorial/20260929T033509.985503Z-65440
15,2,19,linear_colour,ant-15-seed-19-linear_colour.json,bcf538f82181c2e6dd15716563b28debaefc5d267814d5376c09cd5d995934d1,False,0.3798490932136936,0.36069116247429606,1.3701953176187507,20.0,0,200,0,0.3573736613788835,0.059519507792958046,0.19715612866007864,0.04937140643596649,"[0.04645130783319473, 0.05229150503873825]",0.5258498191833496,0.42400768399238586,0.10184213519096375,53.62898635864258,0.7092499732971191,0.13580641150474548,17.5,-0.006970804184675217,0.375,17.5,-0.007606156170368195,0.375,0.0,15.0,0.014129146933555603,1.1,27.5,-0.03998999297618866,1.725,13.379095999989659,apiaviz/output/frontend-factorial/20260929T033509.985503Z-65440
15,2,19,oriented_linear,ant-15-seed-19-oriented_linear.json,dfbb77b88975e88e6988fa88cd74f4b67afc295296be94da092ce1cf57258028,True,0.16273124645366646,0.39349954115171876,1.4128064620418757,19.200000000000003,0,192,0,0.3913257385717366,0.2094838505902699,0.3490263702211792,0.05004771426320076,"[0.04780391976237297, 0.05229150503873825]",0.5049268007278442,0.4043372869491577,0.10058951377868652,56.09269714355469,0.7281249761581421,0.13381576538085938,8.75,0.004362229257822037,0.375,8.75,0.004468653351068497,0.375,0.0,6.25,0.03025173395872116,0.525,27.5,-0.03998999297618866,1.725,13.870450250105932,apiaviz/output/frontend-factorial/20260929T033509.985503Z-65440
15,2,19,sobel_colour,ant-15-seed-19-sobel_colour.json,76abe9e90062637dd716bebbe6fc1ca9995fa1b812c35f53461a156c867ead58,True,0.15381287801448076,0.15808397649372147,0.5648958706451748,11.9,0,119,0,0.1554496868344111,0.1453424399330858,0.1409367549909424,0.04965963959693909,"[0.04649803787469864, 0.052821241319179535]",0.5087796449661255,0.4125710725784302,0.09620857238769531,58.138694763183594,0.6882500052452087,0.13357844948768616,13.75,0.016695108264684677,0.34375,13.75,0.016695108264684677,0.34375,0.0,8.75,0.01417464017868042,0.8,31.25,-0.017550088465213776,1.35,8.498729041777551,apiaviz/output/frontend-factorial/20260929T033509.985503Z-65440
15,2,19,ardin_input,ant-15-seed-19-ardin_input.json,00a9b5f0896b9dfae32084d556c111b98f3c205b257a16bcec22d2e5e900bb65,False,7.474961466648714,0.6545186698142035,2.1761704785554943,20.0,0,200,0,0.6527537278173695,0.19483643834436645,0.5216509101868264,0.05386732146143913,"[0.05063006654381752, 0.057104576379060745]",0.6683273315429688,0.5832999348640442,0.08502739667892456,44.694583892822266,0.4867500066757202,0.166917622089386,23.75,-0.015889354050159454,0.5,23.75,-0.015889354050159454,0.5,0.0,17.5,-0.006919018924236298,0.375,20.0,-0.023730754852294922,0.5875,20.405104500008747,apiaviz/output/frontend-factorial/20260929T033509.985503Z-65440
15,2,31,apiaviz,ant-15-seed-31-apiaviz.json,c3c804fc78951655163d49739746945025d5a2d126130c58d10f141554ef289d,True,0.16673259095929624,0.25277720791542263,0.7799929726530339,14.200000000000001,0,142,0,0.251192212695052,0.14341343977553453,0.20329113739945717,0.04955817013978958,"[0.04504084959626198, 0.054075490683317184]",0.5354323983192444,0.4342925250530243,0.10113987326622009,53.313236236572266,0.687250018119812,0.13864660263061523,21.25,-0.00632573664188385,0.28125,18.75,-0.00849650427699089,0.34375,1.75,13.75,0.009500093758106232,0.35000000000000003,30.0,-0.03718318045139313,1.6375,10.159485958050936,apiaviz/output/frontend-factorial/20260929T033509.985503Z-65440
15,2,31,oriented_form,ant-15-seed-31-oriented_form.json,f6519e81f5b4ca12540a4265db5ddba0cf779888a64e9cbca0c28275451eb248,False,6.477552389856884,1.4720655456373952,4.8675737826495284,20.0,0,200,0,1.4712672042046497,0.10634067634014073,0.8795137985782353,0.051973856985569,"[0.049872223287820816, 0.054075490683317184]",0.5120329260826111,0.41326671838760376,0.09876620769500732,56.748779296875,0.7333750128746033,0.13731828331947327,16.25,-0.0019519403576850891,0.34375,16.25,-0.004011739045381546,0.3125,3.75,16.25,0.008576907217502594,1.1,30.0,-0.03718318045139313,1.6375,14.184208957944065,apiaviz/output/frontend-factorial/20260929T033509.985503Z-65440
15,2,31,linear_colour,ant-15-seed-31-linear_colour.json,2c75a7d9ccde5e9ade4195e93284d3379cbbae801bd2395cae0c33845aefc039,True,0.12612128774528567,0.15534533890790853,0.5106335256208555,15.0,0,150,0,0.151829342730638,0.10257201922347459,0.11925814958873202,0.049445588141679764,"[0.04504084959626198, 0.05385032668709755]",0.5314963459968567,0.4273151755332947,0.10418117046356201,52.34574890136719,0.6934999823570251,0.13762728869915009,18.75,-0.007464714348316193,0.3125,13.75,-0.006867058575153351,0.3125,1.25,13.75,0.009500093758106232,0.35000000000000003,38.75,-0.03903992474079132,1.8249999999999997,10.649456333136186,apiaviz/output/frontend-factorial/20260929T033509.985503Z-65440
15,2,31,oriented_linear,ant-15-seed-31-oriented_linear.json,226d9bc3ce97b4a303e93d4befc5db2d8f7f5185f1d0c0bfb1579309b5962136,False,4.810259654429704,1.0332913464598439,2.3146134146928787,20.0,0,200,0,1.0324452310677004,0.12828547688486866,0.9617675882294954,0.05186127498745918,"[0.049872223287820816, 0.05385032668709755]",0.5079946517944336,0.40643608570098877,0.10155856609344482,55.78999328613281,0.7396249771118164,0.1362910270690918,16.25,-0.002972673624753952,0.375,16.25,-0.00169338658452034,0.375,0.0,16.25,0.008576907217502594,1.1,38.75,-0.03903992474079132,1.8249999999999997,14.69419483304955,apiaviz/output/frontend-factorial/20260929T033509.985503Z-65440
15,2,31,sobel_colour,ant-15-seed-31-sobel_colour.json,cce0f7be288ddf160d49d8a82df64172d8b0ae0ddf409bd97301b46ea6403d7c,True,0.16117279186611472,0.12272046121862586,0.44040554204289256,10.200000000000001,0,102,0,0.11978012508890724,0.12030798296156237,0.10980889066167439,0.05161241814494133,"[0.049917321652173996, 0.053307514637708664]",0.5071109533309937,0.4098527133464813,0.09725823998451233,58.66494369506836,0.699999988079071,0.1352207064628601,16.25,0.00935540720820427,0.34375,16.25,0.00935540720820427,0.34375,0.0,7.5,0.028090551495552063,0.8,27.5,-0.032094284892082214,1.875,8.093080957885832,apiaviz/output/frontend-factorial/20260929T033509.985503Z-65440
15,2,31,ardin_input,ant-15-seed-31-ardin_input.json,21d2f890395c9007f6fae9b938245b9377d2350fc393c338fd016f43e423737e,False,3.2161484371274005,0.6263959311331149,1.7683719501888864,20.0,0,200,0,0.6253361032352303,0.18216261842888368,0.6111599627298587,0.057107679545879364,"[0.056004248559474945, 0.05821111053228378]",0.6607598066329956,0.5700373649597168,0.09072244167327881,43.76182174682617,0.4883750081062317,0.16972716152668,20.0,-0.005980856716632843,0.34375,20.0,-0.005980856716632843,0.34375,0.0,22.5,-0.020668290555477142,1.6375000000000002,27.5,-0.00779888778924942,1.9375,22.291985125048086,apiaviz/output/frontend-factorial/20260929T033509.985503Z-65440
15,2,43,apiaviz,ant-15-seed-43-apiaviz.json,695f72280ca78b21d0f688392f66b621e430f15254446a0afd9544377be94448,True,0.17993213687738632,0.13852762986354844,0.7187094042090635,11.5,0,115,0,0.1342322574600554,0.1911514768726106,0.08340552759107202,0.04855457693338394,"[0.04465130716562271, 0.052457842975854874]",0.5405163764953613,0.43904852867126465,0.10146784782409668,53.409690856933594,0.6915000081062317,0.13717955350875854,18.75,0.002187434583902359,0.28125,15.0,0.0049855150282382965,0.28125,1.5,15.0,0.0192129984498024,0.9875,25.0,-0.0395430251955986,1.1625,9.258511208929121,apiaviz/output/frontend-factorial/20260929T033509.985503Z-65440
15,2,43,oriented_form,ant-15-seed-43-oriented_form.json,eee745771b4ce702e2c1b75a9baa4d2a25d5f7794e43667cc2b7f22f67a329be,True,0.11634467283872782,0.13981649514056563,0.3451976043824577,8.5,0,85,0,0.13712578233561692,0.15337698291639001,0.11438068907039813,0.05167418345808983,"[0.05089052394032478, 0.052457842975854874]",0.5077148079872131,0.40314099192619324,0.1045738160610199,56.98617172241211,0.7368749976158142,0.13568979501724243,20.0,0.010043833404779434,0.28125,20.0,0.008594248443841934,0.3125,1.0,20.0,0.018430672585964203,1.1375,25.0,-0.0395430251955986,1.1625,8.292789875064045,apiaviz/output/frontend-factorial/20260929T033509.985503Z-65440
15,2,43,linear_colour,ant-15-seed-43-linear_colour.json,c00dd2e3ae74475e709f2c859a9124eadba23ac150062ebadb41da10ed59941a,False,1.2366773999304348,0.4811693666361758,1.3676543516930586,20.0,0,200,0,0.4797639554576953,0.19341148274063896,0.3469564406749931,0.04836421459913254,"[0.04465130716562271, 0.05207712575793266]",0.5375089049339294,0.436407208442688,0.10110169649124146,53.06507110595703,0.6986250281333923,0.13618145883083344,15.0,0.0035402812063694,0.28125,16.25,0.00418439507484436,0.28125,0.25,15.0,0.0192129984498024,0.9875,27.5,-0.04202985018491745,1.6,13.591195124899969,apiaviz/output/frontend-factorial/20260929T033509.985503Z-65440
15,2,43,oriented_linear,ant-15-seed-43-oriented_linear.json,999d2621ff86318a3a59ef97f5d0854fed321dddd349549bd1dc9252ef970410,False,4.745539171690986,0.4710262733761635,1.294846447570364,20.0,0,200,0,0.46849648040498165,0.11223330426538514,0.3863387519280516,0.05148382484912872,"[0.05089052394032478, 0.05207712575793266]",0.5049143433570862,0.40076741576194763,0.10414692759513855,56.693199157714844,0.7440000176429749,0.13468506932258606,15.0,0.007927436381578445,0.28125,16.25,0.006524551659822464,0.28125,0.75,20.0,0.018430672585964203,1.1375,27.5,-0.04202985018491745,1.6,14.707360249944031,apiaviz/output/frontend-factorial/20260929T033509.985503Z-65440
15,2,43,sobel_colour,ant-15-seed-43-sobel_colour.json,b4969888d2bc2e78f322f1bf1c88883bd5e1724bcf4b2c6cc38e6d02ca10fff5,False,3.645302240528839,0.5766330081229382,1.143944452759552,20.0,0,200,0,0.5756349056881896,0.11188081937086165,0.6370201153527734,0.05224068462848663,"[0.05107058957219124, 0.05341078341007233]",0.4995907247066498,0.40134552121162415,0.09824520349502563,57.8707275390625,0.7007499933242798,0.13528841733932495,12.5,0.022473912686109543,0.3125,12.5,0.022473912686109543,0.3125,0.0,8.75,0.0193999782204628,0.8,27.5,-0.028302304446697235,2.4375,13.283502041827887,apiaviz/output/frontend-factorial/20260929T033509.985503Z-65440
15,2,43,ardin_input,ant-15-seed-43-ardin_input.json,73fe2ad7b9ebdf27836c2c50511a152a80dc442b5bf9daeb28cc911b4da958cb,False,0.46667052046197477,0.32170633373004776,0.9950374248292015,20.0,0,200,0,0.3198052750265051,0.15151418007248574,0.2171328644686336,0.05643463879823685,"[0.05616241693496704, 0.05670686438679695]",0.6559315919876099,0.5613777041435242,0.0945538878440857,43.23736572265625,0.4936249852180481,0.16783185303211212,18.75,-0.007362723350524902,0.375,18.75,-0.007362723350524902,0.375,0.0,16.25,-0.008154615759849548,1.575,17.5,-0.00766243040561676,1.1125,20.677534749964252,apiaviz/output/frontend-factorial/20260929T033509.985503Z-65440
15,2,59,apiaviz,ant-15-seed-59-apiaviz.json,546700cb414530c9ae72ebfb15a2aa00f741af4d8bae12cf786ae761096ffe97,False,2.982490201307383,0.4181068261326357,1.0032298850981873,20.0,0,200,0,0.41608576575988343,0.1809859463581591,0.3874549663351138,0.04968496784567833,"[0.04637254774570465, 0.05299738422036171]",0.5219596028327942,0.4180472195148468,0.10391238331794739,54.26832962036133,0.6980000138282776,0.13630959391593933,13.75,0.004841405898332596,0.34375,15.0,-0.0002925693988800049,0.3125,2.0,18.75,0.023375220596790314,1.125,26.25,-0.037096910178661346,1.7125,12.942630499834195,apiaviz/output/frontend-factorial/20260929T033509.985503Z-65440
15,2,59,oriented_form,ant-15-seed-59-oriented_form.json,6a4d18e58589f0b976e050f12ba21deca2ec424ef2ac29786ff3cf9b4d27d1f0,False,5.785353413532064,1.691219393445829,3.2214112376589528,20.0,0,200,0,1.6899920091230058,0.12698468507535654,1.9855537051486258,0.05042728781700134,"[0.04785718768835068, 0.05299738422036171]",0.5132543444633484,0.408709853887558,0.1045444905757904,57.649227142333984,0.7331249713897705,0.1351751983165741,12.5,0.005922328680753708,0.3125,20.0,0.003157656639814377,0.3125,2.0,16.25,0.03023349493741989,1.1,26.25,-0.037096910178661346,1.7125,13.921115292003378,apiaviz/output/frontend-factorial/20260929T033509.985503Z-65440
15,2,59,linear_colour,ant-15-seed-59-linear_colour.json,221a4e9ae1d62b9aa485953a79003f91766e2f9511be591ce6dce3dfe9e1f3e0,True,0.162441637104861,0.3903774511849447,1.277561557449575,16.0,0,160,0,0.38909058558365894,0.1963130816582781,0.22142705084303252,0.04958267882466316,"[0.04637254774570465, 0.052792809903621674]",0.5182491540908813,0.41424039006233215,0.1040087640285492,54.1953010559082,0.703374981880188,0.1353069543838501,7.5,0.0011480487883090973,0.3125,7.5,0.00039265304803848267,0.3125,0.0,18.75,0.023375220596790314,1.125,26.25,-0.040014028549194336,1.675,11.117862875107676,apiaviz/output/frontend-factorial/20260929T033509.985503Z-65440
15,2,59,oriented_linear,ant-15-seed-59-oriented_linear.json,7172e1e654d39a8d428930eb3f18f5983bc7422d1866d5565de7812678478dc6,False,3.3963479275785975,0.982208356100318,1.849048644981479,20.0,0,200,0,0.98096064938325,0.15221637362886645,1.1098592117780721,0.050324998795986176,"[0.04785718768835068, 0.052792809903621674]",0.5096901059150696,0.40503862500190735,0.10465148091316223,57.581329345703125,0.7384999990463257,0.13416463136672974,11.25,-0.0006348378956317902,0.3125,11.25,0.00013121962547302246,0.3125,3.25,16.25,0.03023349493741989,1.1,26.25,-0.040014028549194336,1.675,13.944375625113025,apiaviz/output/frontend-factorial/20260929T033509.985503Z-65440
15,2,59,sobel_colour,ant-15-seed-59-sobel_colour.json,65e58fbfb2284d8b2e30f6de9b11c728b7ac327f901df80e7f6f2ebc4033c4c2,True,0.1097771436835317,0.07375123018623753,0.22903501512668864,8.1,0,81,0,0.07057078957850468,0.055377499550558866,0.06735490726603172,0.05045343190431595,"[0.04762614518404007, 0.05328071862459183]",0.49942460656166077,0.3996944725513458,0.09973013401031494,59.304527282714844,0.6976249814033508,0.13230544328689575,6.25,0.024109825491905212,0.34375,6.25,0.024109825491905212,0.34375,0.0,10.0,0.029808707535266876,0.8,16.25,-0.025815501809120178,0.9500000000000001,6.677260125055909,apiaviz/output/frontend-factorial/20260929T033509.985503Z-65440
15,2,59,ardin_input,ant-15-seed-59-ardin_input.json,26ca40de3ee3532403974b5f58a7d5ad7e0fc9ff3b2e55b6eabf3b57775a06db,False,11.96418734361967,2.9582456915414492,8.07915330194368,20.0,0,200,0,2.957733794486299,0.1623244086510757,2.230959629179721,0.05548807233572006,"[0.0543316975235939, 0.05664444342255592]",0.6714314818382263,0.585647702217102,0.08578377962112427,43.8417854309082,0.49687498807907104,0.16952964663505554,26.25,-0.019325274974107742,0.375,26.25,-0.019436176866292953,0.375,0.0,28.75,-0.015766054391860962,1.3375000000000001,26.25,-0.01621587574481964,1.5250000000000001,20.96442445903085,apiaviz/output/frontend-factorial/20260929T033509.985503Z-65440
15,2,71,apiaviz,ant-15-seed-71-apiaviz.json,bc4a045beeae1c60367f6faa9e77ec78d183cc552b85b506b54a565233f58d7e,False,6.072378220545206,0.891154516454799,2.4262210494879723,20.0,0,200,0,0.8904042448336383,0.16649516057347039,0.6769296568030351,0.04836813732981682,"[0.046926796436309814, 0.04980947822332382]",0.5161808133125305,0.4175850749015808,0.09859573841094971,56.219120025634766,0.6972500085830688,0.1334656924009323,17.5,0.009913783520460129,0.25,17.5,0.009460587054491043,0.34375,4.75,13.75,0.013926863670349121,0.85,27.5,-0.03536281734704971,1.7125,13.830989165930077,apiaviz/output/frontend-factorial/20260929T033509.985503Z-65440
15,2,71,oriented_form,ant-15-seed-71-oriented_form.json,351078ebef6f70732808bec61c05bd3caeebcdff24da1b1e99208eb71301b6e1,True,0.1641133313003644,0.10630702974857853,0.46477276695884756,10.3,0,103,0,0.10049430629195467,0.09321007999118006,0.08685766019571298,0.050153594464063644,"[0.05049771070480347, 0.04980947822332382]",0.5017157196998596,0.40465256571769714,0.09706315398216248,59.2203254699707,0.7271249890327454,0.1330847293138504,8.75,0.008595127612352371,0.28125,8.75,0.011479824781417847,0.28125,0.75,5.0,0.020612366497516632,0.525,27.5,-0.03536281734704971,1.7125,9.003434458049014,apiaviz/output/frontend-factorial/20260929T033509.985503Z-65440
15,2,71,linear_colour,ant-15-seed-71-linear_colour.json,823336b4cad6c4a50399e194cc91ca92a4967ad1a58a7a53a3ae06dc561a209f,True,0.18668532483519043,0.42043645617574316,1.4245301585831915,16.8,0,168,0,0.41856773013842197,0.4577539709852194,0.15728076473929306,0.0481058806180954,"[0.046926796436309814, 0.04928496852517128]",0.5134058594703674,0.41349685192108154,0.09990900754928589,56.123435974121094,0.7046250104904175,0.1324763298034668,23.75,0.011176709085702896,0.34375,23.75,0.011508431285619736,0.3125,2.0,13.75,0.013926863670349121,0.85,23.75,-0.030586570501327515,1.6500000000000001,11.063508249819279,apiaviz/output/frontend-factorial/20260929T033509.985503Z-65440
15,2,71,oriented_linear,ant-15-seed-71-oriented_linear.json,c30a1436c90d2a24adea095d8ee7ab49f21544a0b32f8e7a7e0726b0638f6082,True,0.19409736014957524,0.10118416939332095,0.3056801702248019,8.3,0,83,0,0.09867280547212189,0.09462597184942617,0.1031017656232615,0.04989134147763252,"[0.05049771070480347, 0.04928496852517128]",0.49945685267448425,0.40069839358329773,0.09875845909118652,59.19083023071289,0.734499990940094,0.132096067070961,8.75,0.010258302092552185,0.28125,8.75,0.010533716529607773,0.28125,2.0,5.0,0.020612366497516632,0.525,23.75,-0.030586570501327515,1.6500000000000001,7.533538042102009,apiaviz/output/frontend-factorial/20260929T033509.985503Z-65440
15,2,71,sobel_colour,ant-15-seed-71-sobel_colour.json,0bb42cc70c8a607967c9d8130b7840f58a26ea8f09f9823f401af8934f2ab511,True,0.15994142056191418,0.11933652358545235,0.47124301259739304,9.5,0,95,0,0.11671501768222571,0.08932346763778343,0.09118571141003277,0.050277289003133774,"[0.05023300647735596, 0.05032156780362129]",0.5078803300857544,0.41046810150146484,0.09741222858428955,58.94963455200195,0.6980000138282776,0.13339267671108246,12.5,0.017794225364923477,0.25,12.5,0.017794225364923477,0.25,0.0,7.5,0.029679588973522186,0.525,31.25,-0.03972496837377548,2.4875,6.89347687503323,apiaviz/output/frontend-factorial/20260929T033509.985503Z-65440
15,2,71,ardin_input,ant-15-seed-71-ardin_input.json,b010018f11e62aaada874377571f940851ef6cdaef41b2954c71842c0eaabc13,False,11.482875083123957,1.9152683168648337,4.728251907854326,20.0,0,200,0,1.9143150672324325,0.17522961976565518,1.9056790593813535,0.05517173185944557,"[0.05615196004509926, 0.054191503673791885]",0.6546717882156372,0.5652170777320862,0.08945471048355103,43.81206130981445,0.49549999833106995,0.16602475941181183,30.0,-0.018063336610794067,0.40625,30.0,-0.018063336610794067,0.40625,0.0,18.75,-0.026244349777698517,0.6625,27.5,-0.01507209986448288,1.9375,20.646807624958456,apiaviz/output/frontend-factorial/20260929T033509.985503Z-65440
