ant,seed,preprocessing,memory_active_fraction,stream_activity,neighbour_overlap,distant_overlap,local_distinctiveness,effective_rank,lifetime_recruited_fraction,lifetime_frequency_sd,clean_heading_error_deg,clean_tangent_margin,clean_restoring_fraction,brightness_heading_error_deg,brightness_tangent_margin,brightness_restoring_fraction,brightness_heading_change_deg
4,19,apiaviz,0.05000000074505806,"[0.05000000074505806, 0.05000000074505806]",0.553475558757782,0.4392746388912201,0.11420091986656189,54.33006286621094,0.702750027179718,0.13327035307884216,13.75,-0.0018750019371509552,0.40625,13.75,-0.0025000087916851044,0.4375,2.75
4,19,gray,0.05000000074505806,"[0.05000000074505806, 0.05000000074505806]",0.6874693632125854,0.5560215711593628,0.13144779205322266,38.33310317993164,0.4673750102519989,0.15684019029140472,7.5,0.020937480032444,0.25,7.5,0.020937480032444,0.25,0.0
4,19,raw_colour,0.05000000074505806,"[0.05000000074505806, 0.05000000074505806]",0.6561279296875,0.542502760887146,0.113625168800354,47.390323638916016,0.5404999852180481,0.15317752957344055,15.0,0.014687485992908478,0.375,15.0,0.014687485992908478,0.375,0.0
4,19,opponent,0.05000000074505806,"[0.05000000074505806, 0.05000000074505806]",0.5899695158004761,0.502372682094574,0.0875968337059021,56.287147521972656,0.6148750185966492,0.1450607031583786,13.75,-0.0003124997019767761,0.40625,13.75,-0.0003124997019767761,0.40625,0.0
4,19,sobel_colour,0.05000000074505806,"[0.05000000074505806, 0.05000000074505806]",0.5399084687232971,0.4279208481311798,0.11198762059211731,57.02251052856445,0.6833750009536743,0.1322985738515854,13.75,0.012499980628490448,0.40625,13.75,0.012499980628490448,0.40625,0.0
4,19,ardin_input,0.05000000074505806,"[0.05000000074505806, 0.05000000074505806]",0.7060059905052185,0.5970680713653564,0.10893791913986206,38.600494384765625,0.4402500092983246,0.16204378008842468,16.25,0.00406249612569809,0.4375,16.25,0.00406249612569809,0.4375,0.0
4,19,no_hex,0.05000000074505806,"[0.05000000074505806, 0.05000000074505806]",0.4963414669036865,0.39187437295913696,0.10446709394454956,59.82235336303711,0.7400000095367432,0.12513718008995056,13.75,0.015624981373548508,0.40625,13.75,0.015312481671571732,0.40625,2.0
4,19,no_adapt,0.05000000074505806,"[0.05000000074505806, 0.05000000074505806]",0.711310863494873,0.6290779709815979,0.08223289251327515,45.55099105834961,0.4963749945163727,0.1643509417772293,12.5,-0.002812504768371582,0.4375,28.75,-0.02624998241662979,0.625,26.25
4,19,no_dog,0.05000000074505806,"[0.05000000074505806, 0.05000000074505806]",0.5237194895744324,0.41765785217285156,0.10606163740158081,56.93659591674805,0.7433750033378601,0.1289505660533905,13.75,0.005624983459711075,0.40625,13.75,0.005312491208314896,0.375,1.75
4,19,apia_simple_colour,0.05000000074505806,"[0.05000000074505806, 0.05000000074505806]",0.4989328980445862,0.38762184977531433,0.11131104826927185,59.064666748046875,0.7254999876022339,0.12503650784492493,10.0,0.010624982416629791,0.375,10.0,0.009687483310699463,0.40625,1.75
4,19,sobel_apia_colour,0.05000000074505806,"[0.05000000074505806, 0.05000000074505806]",0.5944511890411377,0.47957366704940796,0.11487752199172974,51.607791900634766,0.6606249809265137,0.14010629057884216,13.75,0.010312478989362717,0.3125,13.75,0.011874977499246597,0.34375,1.0
4,31,apiaviz,0.05000000074505806,"[0.05000000074505806, 0.05000000074505806]",0.5632926225662231,0.4469435513019562,0.11634907126426697,53.51370620727539,0.6947500109672546,0.13474218547344208,11.25,0.02062496915459633,0.375,11.25,0.020937468856573105,0.34375,4.75
4,31,gray,0.05000000074505806,"[0.05000000074505806, 0.05000000074505806]",0.6924388408660889,0.5613482594490051,0.13109058141708374,39.578582763671875,0.4547500014305115,0.1575676053762436,10.0,0.014999985694885254,0.34375,10.0,0.014999985694885254,0.34375,0.0
4,31,raw_colour,0.05000000074505806,"[0.05000000074505806, 0.05000000074505806]",0.6667681336402893,0.5576522350311279,0.10911589860916138,46.42374038696289,0.5302500128746033,0.155045285820961,10.0,0.014374986290931702,0.3125,10.0,0.014374986290931702,0.3125,0.0
4,31,opponent,0.05000000074505806,"[0.05000000074505806, 0.05000000074505806]",0.5899999737739563,0.4934607148170471,0.09653925895690918,55.09923553466797,0.6103749871253967,0.14372065663337708,10.0,0.005937490612268448,0.40625,10.0,0.005937490612268448,0.40625,0.0
4,31,sobel_colour,0.05000000074505806,"[0.05000000074505806, 0.05000000074505806]",0.5326829552650452,0.4182364344596863,0.11444652080535889,56.21019744873047,0.687749981880188,0.13058023154735565,10.0,0.016562476754188538,0.40625,10.0,0.016562476754188538,0.40625,0.0
4,31,ardin_input,0.05000000074505806,"[0.05000000074505806, 0.05000000074505806]",0.6849389672279358,0.5681146383285522,0.11682432889938354,39.71916198730469,0.44187501072883606,0.1588873565196991,8.75,0.019062481820583344,0.375,8.75,0.019062481820583344,0.375,0.0
4,31,no_hex,0.05000000074505806,"[0.05000000074505806, 0.05000000074505806]",0.5025304555892944,0.39732006192207336,0.10521039366722107,59.55424880981445,0.7248749732971191,0.12654244899749756,11.25,0.010624974966049194,0.28125,16.25,0.009374968707561493,0.375,5.5
4,31,no_adapt,0.05000000074505806,"[0.05000000074505806, 0.05000000074505806]",0.7189937829971313,0.6392884254455566,0.07970535755157471,44.655540466308594,0.4951249957084656,0.1653846800327301,13.75,0.014374986290931702,0.34375,26.25,-0.017187505960464478,0.5,24.25
4,31,no_dog,0.05000000074505806,"[0.05000000074505806, 0.05000000074505806]",0.529329240322113,0.418864905834198,0.11046433448791504,56.256893157958984,0.7350000143051147,0.1299310028553009,16.25,0.017812468111515045,0.40625,15.0,0.019999966025352478,0.40625,3.5
4,31,apia_simple_colour,0.05000000074505806,"[0.05000000074505806, 0.05000000074505806]",0.5085365772247314,0.3951191008090973,0.11341747641563416,57.973487854003906,0.718500018119812,0.12641486525535583,13.75,0.018437467515468597,0.375,13.75,0.01812496781349182,0.375,0.25
4,31,sobel_apia_colour,0.05000000074505806,"[0.05000000074505806, 0.05000000074505806]",0.5874390006065369,0.47006094455718994,0.11737805604934692,51.47871398925781,0.6639999747276306,0.1386576145887375,5.0,0.019062470644712448,0.34375,8.75,0.017812471836805344,0.40625,3.75
4,43,apiaviz,0.05000000074505806,"[0.05000000074505806, 0.05000000074505806]",0.5686280131340027,0.45305371284484863,0.11557430028915405,52.768829345703125,0.6890000104904175,0.13532745838165283,8.75,0.03874995931982994,0.34375,7.5,0.03718745708465576,0.34375,2.0
4,43,gray,0.05000000074505806,"[0.05000000074505806, 0.05000000074505806]",0.693323016166687,0.560011088848114,0.133311927318573,38.27857208251953,0.46162500977516174,0.15824468433856964,16.25,0.008749991655349731,0.375,16.25,0.008749991655349731,0.375,0.0
4,43,raw_colour,0.05000000074505806,"[0.05000000074505806, 0.05000000074505806]",0.6593596339225769,0.5528876185417175,0.10647201538085938,46.80305099487305,0.5385000109672546,0.15427394211292267,3.75,0.008749991655349731,0.3125,3.75,0.008749991655349731,0.3125,0.0
4,43,opponent,0.05000000074505806,"[0.05000000074505806, 0.05000000074505806]",0.5932621359825134,0.5013095736503601,0.09195256233215332,55.22126388549805,0.6036249995231628,0.14565834403038025,5.0,0.0031249970197677612,0.40625,5.0,0.0031249970197677612,0.40625,0.0
4,43,sobel_colour,0.05000000074505806,"[0.05000000074505806, 0.05000000074505806]",0.5339634418487549,0.4176633954048157,0.11630004644393921,55.7321662902832,0.6848750114440918,0.1308760792016983,7.5,0.024687472730875015,0.34375,7.5,0.024687472730875015,0.34375,0.0
4,43,ardin_input,0.05000000074505806,"[0.05000000074505806, 0.05000000074505806]",0.684359610080719,0.5685214996337891,0.11583811044692993,40.74173355102539,0.44337499141693115,0.1582399308681488,8.75,0.017499983310699463,0.375,8.75,0.017499983310699463,0.375,0.0
4,43,no_hex,0.05000000074505806,"[0.05000000074505806, 0.05000000074505806]",0.5103963613510132,0.4022176265716553,0.10817873477935791,58.41802215576172,0.7253749966621399,0.1271357238292694,10.0,0.01874997466802597,0.3125,15.0,0.011874988675117493,0.375,3.0
4,43,no_adapt,0.05000000074505806,"[0.05000000074505806, 0.05000000074505806]",0.7231096029281616,0.6454207301139832,0.07768887281417847,44.342742919921875,0.4873749911785126,0.1659689098596573,18.75,0.0034374967217445374,0.46875,18.75,-0.009062495082616806,0.5625,22.0
4,43,no_dog,0.05000000074505806,"[0.05000000074505806, 0.05000000074505806]",0.5338413715362549,0.4229263961315155,0.11091497540473938,56.07441711425781,0.7357500195503235,0.13007961213588715,12.5,0.020937468856573105,0.40625,12.5,0.019687470048666,0.40625,1.5
4,43,apia_simple_colour,0.05000000074505806,"[0.05000000074505806, 0.05000000074505806]",0.5111585259437561,0.3969324827194214,0.11422604322433472,57.39274597167969,0.7136250138282776,0.1269545704126358,12.5,0.026562470942735672,0.375,11.25,0.026874970644712448,0.375,0.25
4,43,sobel_apia_colour,0.05000000074505806,"[0.05000000074505806, 0.05000000074505806]",0.5914328694343567,0.4737846255302429,0.11764824390411377,50.80995559692383,0.6602500081062317,0.13901296257972717,6.25,0.02999996766448021,0.3125,6.25,0.028749965131282806,0.3125,4.0
4,59,apiaviz,0.05000000074505806,"[0.05000000074505806, 0.05000000074505806]",0.5522865653038025,0.4387873709201813,0.11349919438362122,54.49143600463867,0.6959999799728394,0.13303397595882416,8.75,0.020624980330467224,0.3125,10.0,0.024687476456165314,0.3125,1.5
4,59,gray,0.05000000074505806,"[0.05000000074505806, 0.05000000074505806]",0.6857010722160339,0.5532225370407104,0.1324785351753235,37.940284729003906,0.4728749990463257,0.15603381395339966,7.5,0.017187483608722687,0.34375,7.5,0.017187483608722687,0.34375,0.0
4,59,raw_colour,0.05000000074505806,"[0.05000000074505806, 0.05000000074505806]",0.6671035289764404,0.5574030876159668,0.10970044136047363,46.079280853271484,0.5441250205039978,0.15484564006328583,15.0,0.020937480032444,0.3125,15.0,0.020937480032444,0.3125,0.0
4,59,opponent,0.05000000074505806,"[0.05000000074505806, 0.05000000074505806]",0.5793902277946472,0.49115172028541565,0.08823850750923157,56.047306060791016,0.6205000281333923,0.14326690137386322,11.25,0.016562484204769135,0.40625,11.25,0.016562484204769135,0.40625,0.0
4,59,sobel_colour,0.05000000074505806,"[0.05000000074505806, 0.05000000074505806]",0.5260670185089111,0.4154956042766571,0.11057141423225403,56.700504302978516,0.6896250247955322,0.13029852509498596,15.0,0.026562459766864777,0.375,15.0,0.026562459766864777,0.375,0.0
4,59,ardin_input,0.05000000074505806,"[0.05000000074505806, 0.05000000074505806]",0.7012803554534912,0.5858167409896851,0.11546361446380615,38.96230697631836,0.44462499022483826,0.1606743484735489,23.75,0.010937489569187164,0.375,23.75,0.010937489569187164,0.375,0.0
4,59,no_hex,0.05000000074505806,"[0.05000000074505806, 0.05000000074505806]",0.4928658604621887,0.3877962827682495,0.10506957769393921,60.09443283081055,0.7348750233650208,0.12464644014835358,12.5,0.020937476307153702,0.34375,12.5,0.02187497913837433,0.375,2.25
4,59,no_adapt,0.05000000074505806,"[0.05000000074505806, 0.05000000074505806]",0.7046034932136536,0.6102712750434875,0.09433221817016602,43.33208084106445,0.500374972820282,0.16166391968727112,10.0,0.01624998450279236,0.40625,27.5,-0.015312489122152328,0.34375,20.5
4,59,no_dog,0.05000000074505806,"[0.05000000074505806, 0.05000000074505806]",0.526310920715332,0.41851332783699036,0.10779759287834167,57.30332565307617,0.7391250133514404,0.1293828934431076,11.25,0.024374965578317642,0.3125,10.0,0.025624960660934448,0.375,2.0
4,59,apia_simple_colour,0.05000000074505806,"[0.05000000074505806, 0.05000000074505806]",0.49170735478401184,0.3825637102127075,0.10914364457130432,59.155052185058594,0.7213749885559082,0.12422604113817215,8.75,0.02843746915459633,0.3125,7.5,0.02906246855854988,0.34375,2.25
4,59,sobel_apia_colour,0.05000000074505806,"[0.05000000074505806, 0.05000000074505806]",0.586646318435669,0.47171929478645325,0.1149270236492157,51.72793197631836,0.6642500162124634,0.13872143626213074,13.75,0.030624963343143463,0.4375,13.75,0.03249996155500412,0.4375,1.0
4,71,apiaviz,0.05000000074505806,"[0.05000000074505806, 0.05000000074505806]",0.5606096982955933,0.447264701128006,0.11334499716758728,54.221961975097656,0.6959999799728394,0.13455913960933685,13.75,0.013749979436397552,0.40625,13.75,0.010937482118606567,0.375,2.75
4,71,gray,0.05000000074505806,"[0.05000000074505806, 0.05000000074505806]",0.6751523017883301,0.5332281589508057,0.14192414283752441,38.823787689208984,0.4751250147819519,0.1541193574666977,7.5,0.023749977350234985,0.3125,7.5,0.023749977350234985,0.3125,0.0
4,71,raw_colour,0.05000000074505806,"[0.05000000074505806, 0.05000000074505806]",0.6588718891143799,0.5474141836166382,0.1114577054977417,45.891319274902344,0.5393750071525574,0.1528209000825882,3.75,0.022812478244304657,0.375,3.75,0.022812478244304657,0.375,0.0
4,71,opponent,0.05000000074505806,"[0.05000000074505806, 0.05000000074505806]",0.5875914692878723,0.49009138345718384,0.09750008583068848,56.41143798828125,0.6115000247955322,0.143415167927742,12.5,0.015624992549419403,0.3125,12.5,0.015624992549419403,0.3125,0.0
4,71,sobel_colour,0.05000000074505806,"[0.05000000074505806, 0.05000000074505806]",0.5434755682945251,0.42497512698173523,0.11850044131278992,55.36268615722656,0.6773750185966492,0.13130329549312592,11.25,0.025937475264072418,0.34375,11.25,0.025937475264072418,0.34375,0.0
4,71,ardin_input,0.05000000074505806,"[0.05000000074505806, 0.05000000074505806]",0.683262050151825,0.5668023228645325,0.11645972728729248,39.25246810913086,0.4424999952316284,0.15832659602165222,25.0,0.0009374991059303284,0.34375,25.0,0.0009374991059303284,0.34375,0.0
4,71,no_hex,0.05000000074505806,"[0.05000000074505806, 0.05000000074505806]",0.5035061240196228,0.39785438776016235,0.10565173625946045,60.06501007080078,0.7288749814033508,0.12617987394332886,16.25,0.020624972879886627,0.34375,13.75,0.02187497168779373,0.3125,5.0
4,71,no_adapt,0.05000000074505806,"[0.05000000074505806, 0.05000000074505806]",0.7168595790863037,0.6403265595436096,0.07653301954269409,45.36538314819336,0.4972499907016754,0.1655910313129425,13.75,0.007187493145465851,0.4375,16.25,-0.016249988228082657,0.5,16.0
4,71,no_dog,0.05000000074505806,"[0.05000000074505806, 0.05000000074505806]",0.5305488109588623,0.4216666519641876,0.10888215899467468,56.62629318237305,0.734499990940094,0.12983892858028412,13.75,0.021562471985816956,0.40625,13.75,0.02031247317790985,0.375,2.0
4,71,apia_simple_colour,0.05000000074505806,"[0.05000000074505806, 0.05000000074505806]",0.5104268789291382,0.39770492911338806,0.11272194981575012,58.5508918762207,0.715749979019165,0.12660197913646698,12.5,0.021249976009130478,0.40625,12.5,0.01937497779726982,0.34375,2.25
4,71,sobel_apia_colour,0.05000000074505806,"[0.05000000074505806, 0.05000000074505806]",0.5936585664749146,0.47453489899635315,0.1191236674785614,50.81544494628906,0.6576250195503235,0.1389915645122528,13.75,0.022812478244304657,0.34375,12.5,0.023749977350234985,0.34375,0.25
6,19,apiaviz,0.05000000074505806,"[0.05000000074505806, 0.05000000074505806]",0.5406249761581421,0.4266550838947296,0.11396989226341248,52.31156539916992,0.7258750200271606,0.1348143219947815,11.25,0.03843746334314346,0.375,11.25,0.03781246393918991,0.28125,2.75
6,19,gray,0.05000000074505806,"[0.05000000074505806, 0.05000000074505806]",0.641749918460846,0.5334552526473999,0.10829466581344604,42.38258361816406,0.5180000066757202,0.15424694120883942,11.25,0.026874974370002747,0.375,11.25,0.026874974370002747,0.375,0.0
6,19,raw_colour,0.05000000074505806,"[0.05000000074505806, 0.05000000074505806]",0.618843674659729,0.5193641781806946,0.09947949647903442,48.26555252075195,0.5843750238418579,0.1516699343919754,8.75,0.028437472879886627,0.4375,8.75,0.028437472879886627,0.4375,0.0
6,19,opponent,0.05000000074505806,"[0.05000000074505806, 0.05000000074505806]",0.5716249346733093,0.4761411249637604,0.09548380970954895,52.949554443359375,0.6526250243186951,0.14457203447818756,11.25,0.012499988079071045,0.40625,11.25,0.012499988079071045,0.40625,0.0
6,19,sobel_colour,0.05000000074505806,"[0.05000000074505806, 0.05000000074505806]",0.5261562466621399,0.40937572717666626,0.11678051948547363,54.83332443237305,0.7127500176429749,0.13279898464679718,12.5,0.03156246989965439,0.25,12.5,0.03156246989965439,0.25,0.0
6,19,ardin_input,0.05000000074505806,"[0.05000000074505806, 0.05000000074505806]",0.6713123321533203,0.5765098333358765,0.09480249881744385,42.044342041015625,0.49912500381469727,0.15973953902721405,15.0,0.008749991655349731,0.40625,15.0,0.008749991655349731,0.40625,0.0
6,19,no_hex,0.05000000074505806,"[0.05000000074505806, 0.05000000074505806]",0.487968772649765,0.37787169218063354,0.11009708046913147,57.815494537353516,0.7593749761581421,0.12626929581165314,12.5,0.036562465131282806,0.3125,12.5,0.03312496840953827,0.34375,3.0
6,19,no_adapt,0.05000000074505806,"[0.05000000074505806, 0.05000000074505806]",0.6955623626708984,0.6065300703048706,0.08903229236602783,40.40738296508789,0.5331249833106995,0.16469524800777435,12.5,0.011562488973140717,0.1875,16.25,-0.00968749076128006,0.25,15.25
6,19,no_dog,0.05000000074505806,"[0.05000000074505806, 0.05000000074505806]",0.5105000138282776,0.39869922399520874,0.11180078983306885,54.4586296081543,0.768750011920929,0.1304822862148285,11.25,0.03374997526407242,0.28125,10.0,0.033749982714653015,0.25,3.25
6,19,apia_simple_colour,0.05000000074505806,"[0.05000000074505806, 0.05000000074505806]",0.4925312399864197,0.3785337209701538,0.11399751901626587,57.291648864746094,0.7486249804496765,0.12600664794445038,12.5,0.03937496244907379,0.34375,12.5,0.04093746095895767,0.34375,2.0
6,19,sobel_apia_colour,0.05000000074505806,"[0.05000000074505806, 0.05000000074505806]",0.5742499232292175,0.45749711990356445,0.11675280332565308,49.27330017089844,0.6899999976158142,0.14118355512619019,12.5,0.028437480330467224,0.28125,12.5,0.02624998241662979,0.28125,1.0
6,31,apiaviz,0.05000000074505806,"[0.05000000074505806, 0.05000000074505806]",0.5421562194824219,0.426100492477417,0.11605572700500488,51.63114929199219,0.721750020980835,0.1356174647808075,12.5,0.03437497466802597,0.3125,12.5,0.033437468111515045,0.34375,1.75
6,31,gray,0.05000000074505806,"[0.05000000074505806, 0.05000000074505806]",0.6519998908042908,0.5428019762039185,0.10919791460037231,42.446441650390625,0.5121250152587891,0.15533347427845,8.75,0.015937484800815582,0.28125,8.75,0.015937484800815582,0.28125,0.0
6,31,raw_colour,0.05000000074505806,"[0.05000000074505806, 0.05000000074505806]",0.634343683719635,0.5375087261199951,0.09683495759963989,48.23459243774414,0.5737500190734863,0.15396229922771454,17.5,0.02906247228384018,0.3125,17.5,0.02906247228384018,0.3125,0.0
6,31,opponent,0.05000000074505806,"[0.05000000074505806, 0.05000000074505806]",0.5697499513626099,0.471771240234375,0.09797871112823486,53.151981353759766,0.6495000123977661,0.14358659088611603,18.75,0.011562485247850418,0.34375,18.75,0.011562485247850418,0.34375,0.0
6,31,sobel_colour,0.05000000074505806,"[0.05000000074505806, 0.05000000074505806]",0.5224062204360962,0.4026772081851959,0.11972901225090027,53.953182220458984,0.7137500047683716,0.13124188780784607,13.75,0.0340624637901783,0.25,13.75,0.0340624637901783,0.25,0.0
6,31,ardin_input,0.05000000074505806,"[0.05000000074505806, 0.05000000074505806]",0.6455311179161072,0.549198567867279,0.09633255004882812,42.31907653808594,0.4936249852180481,0.1566220372915268,10.0,0.0031249970197677612,0.40625,10.0,0.0031249970197677612,0.40625,0.0
6,31,no_hex,0.05000000074505806,"[0.05000000074505806, 0.05000000074505806]",0.4912499785423279,0.38107728958129883,0.11017268896102905,57.18010330200195,0.753000020980835,0.12711454927921295,11.25,0.042187463492155075,0.28125,11.25,0.03999996557831764,0.3125,5.0
6,31,no_adapt,0.05000000074505806,"[0.05000000074505806, 0.05000000074505806]",0.7004685997962952,0.6123431324958801,0.08812546730041504,40.884422302246094,0.5387499928474426,0.1656467765569687,15.0,0.007187493145465851,0.3125,20.0,-0.012499988079071045,0.4375,12.25
6,31,no_dog,0.05000000074505806,"[0.05000000074505806, 0.05000000074505806]",0.5146874785423279,0.4016056954860687,0.11308178305625916,53.80352020263672,0.7643749713897705,0.130842924118042,15.0,0.02781248837709427,0.34375,20.0,0.026562489569187164,0.3125,2.25
6,31,apia_simple_colour,0.05000000074505806,"[0.05000000074505806, 0.05000000074505806]",0.4906249940395355,0.3785133957862854,0.11211159825325012,56.397979736328125,0.7411249876022339,0.1266988217830658,12.5,0.04499996080994606,0.3125,12.5,0.04343745484948158,0.3125,1.0
6,31,sobel_apia_colour,0.05000000074505806,"[0.05000000074505806, 0.05000000074505806]",0.5739374756813049,0.45026424527168274,0.12367323040962219,48.680728912353516,0.6943749785423279,0.13987116515636444,13.75,0.023437485098838806,0.1875,13.75,0.02312498539686203,0.28125,1.5
6,43,apiaviz,0.05000000074505806,"[0.05000000074505806, 0.05000000074505806]",0.554937481880188,0.43641409277915955,0.11852338910102844,51.396705627441406,0.7235000133514404,0.13678951561450958,16.25,0.027499981224536896,0.375,16.25,0.026874981820583344,0.375,1.5
6,43,gray,0.05000000074505806,"[0.05000000074505806, 0.05000000074505806]",0.6511561274528503,0.5457520484924316,0.1054040789604187,41.523231506347656,0.5184999704360962,0.1554972529411316,18.75,0.01624998450279236,0.375,18.75,0.01624998450279236,0.375,0.0
6,43,raw_colour,0.05000000074505806,"[0.05000000074505806, 0.05000000074505806]",0.6319373846054077,0.5343002080917358,0.09763717651367188,46.91331100463867,0.5888749957084656,0.1527908593416214,10.0,0.02968747168779373,0.34375,10.0,0.02968747168779373,0.34375,0.0
6,43,opponent,0.05000000074505806,"[0.05000000074505806, 0.05000000074505806]",0.5740936994552612,0.48082178831100464,0.09327191114425659,52.42915725708008,0.6497499942779541,0.14483460783958435,10.0,0.009062491357326508,0.40625,10.0,0.009062491357326508,0.40625,0.0
6,43,sobel_colour,0.05000000074505806,"[0.05000000074505806, 0.05000000074505806]",0.5154999494552612,0.39556044340133667,0.11993950605392456,54.80158615112305,0.7133749723434448,0.1302897185087204,8.75,0.0418749675154686,0.28125,8.75,0.0418749675154686,0.28125,0.0
6,43,ardin_input,0.05000000074505806,"[0.05000000074505806, 0.05000000074505806]",0.6448436379432678,0.5468060374259949,0.09803760051727295,42.46500778198242,0.5007500052452087,0.1556149572134018,10.0,0.027187474071979523,0.3125,10.0,0.027187474071979523,0.3125,0.0
6,43,no_hex,0.05000000074505806,"[0.05000000074505806, 0.05000000074505806]",0.49812498688697815,0.38657960295677185,0.1115453839302063,57.46116638183594,0.7570000290870667,0.12791678309440613,10.0,0.03874996304512024,0.3125,10.0,0.03843746334314346,0.34375,6.5
6,43,no_adapt,0.05000000074505806,"[0.05000000074505806, 0.05000000074505806]",0.7091248631477356,0.6207664608955383,0.08835840225219727,39.8033447265625,0.5339999794960022,0.16654172539710999,16.25,-0.002812497317790985,0.46875,20.0,-0.011874981224536896,0.5,17.0
6,43,no_dog,0.05000000074505806,"[0.05000000074505806, 0.05000000074505806]",0.5205312371253967,0.40683215856552124,0.11369907855987549,54.12686538696289,0.7597500085830688,0.1317550539970398,17.5,0.03468746691942215,0.34375,17.5,0.033437468111515045,0.34375,0.5
6,43,apia_simple_colour,0.05000000074505806,"[0.05000000074505806, 0.05000000074505806]",0.5010625123977661,0.3850348889827728,0.11602762341499329,56.55348587036133,0.7443749904632568,0.12758612632751465,10.0,0.035624973475933075,0.3125,10.0,0.035624973475933075,0.34375,0.75
6,43,sobel_apia_colour,0.05000000074505806,"[0.05000000074505806, 0.05000000074505806]",0.5693749189376831,0.4469396770000458,0.12243524193763733,49.31852340698242,0.6924999952316284,0.13931462168693542,12.5,0.03437497466802597,0.28125,12.5,0.03468747437000275,0.3125,1.25
6,59,apiaviz,0.05000000074505806,"[0.05000000074505806, 0.05000000074505806]",0.5351874232292175,0.41454702615737915,0.12064039707183838,52.02196502685547,0.7254999876022339,0.13412204384803772,12.5,0.034374967217445374,0.34375,13.75,0.03312496840953827,0.3125,4.0
6,59,gray,0.05000000074505806,"[0.05000000074505806, 0.05000000074505806]",0.6447811722755432,0.5335830450057983,0.11119812726974487,41.410396575927734,0.5288749933242798,0.1541803926229477,16.25,0.009374991059303284,0.34375,16.25,0.009374991059303284,0.34375,0.0
6,59,raw_colour,0.05000000074505806,"[0.05000000074505806, 0.05000000074505806]",0.6376248598098755,0.5335278511047363,0.10409700870513916,47.004058837890625,0.5868750214576721,0.15412576496601105,10.0,0.01531248539686203,0.34375,10.0,0.01531248539686203,0.34375,0.0
6,59,opponent,0.05000000074505806,"[0.05000000074505806, 0.05000000074505806]",0.5619061589241028,0.4682346284389496,0.0936715304851532,53.410499572753906,0.6572499871253967,0.14350634813308716,16.25,0.005624987185001373,0.40625,16.25,0.005624987185001373,0.40625,0.0
6,59,sobel_colour,0.05000000074505806,"[0.05000000074505806, 0.05000000074505806]",0.508062481880188,0.3887428045272827,0.11931967735290527,55.357086181640625,0.7083749771118164,0.12999695539474487,12.5,0.020312480628490448,0.34375,12.5,0.020312480628490448,0.34375,0.0
6,59,ardin_input,0.05000000074505806,"[0.05000000074505806, 0.05000000074505806]",0.6607810854911804,0.5676712393760681,0.0931098461151123,41.763309478759766,0.5044999718666077,0.1585395634174347,10.0,0.010312490165233612,0.3125,10.0,0.010312490165233612,0.3125,0.0
6,59,no_hex,0.05000000074505806,"[0.05000000074505806, 0.05000000074505806]",0.4775312542915344,0.3661730885505676,0.1113581657409668,57.64210510253906,0.7568749785423279,0.12520404160022736,11.25,0.027812466025352478,0.375,12.5,0.031249962747097015,0.375,2.0
6,59,no_adapt,0.05000000074505806,"[0.05000000074505806, 0.05000000074505806]",0.6860623359680176,0.5842682123184204,0.10179412364959717,41.38062286376953,0.5371249914169312,0.16183172166347504,11.25,0.008437491953372955,0.375,20.0,-0.010937489569187164,0.375,19.5
6,59,no_dog,0.05000000074505806,"[0.05000000074505806, 0.05000000074505806]",0.5102499723434448,0.3941202461719513,0.11612972617149353,54.048606872558594,0.7598749995231628,0.13044896721839905,13.75,0.032812461256980896,0.375,13.75,0.032187461853027344,0.375,2.5
6,59,apia_simple_colour,0.05000000074505806,"[0.05000000074505806, 0.05000000074505806]",0.4767187535762787,0.3632985055446625,0.11342024803161621,56.959503173828125,0.7444999814033508,0.12467040121555328,12.5,0.02718745917081833,0.375,12.5,0.02781245857477188,0.375,0.0
6,59,sobel_apia_colour,0.05000000074505806,"[0.05000000074505806, 0.05000000074505806]",0.5665311813354492,0.4399913251399994,0.12653985619544983,50.112117767333984,0.6893749833106995,0.13908709585666656,11.25,0.02718747779726982,0.375,13.75,0.026249978691339493,0.40625,4.25
6,71,apiaviz,0.05000000074505806,"[0.05000000074505806, 0.05000000074505806]",0.539437472820282,0.41977939009666443,0.11965808272361755,52.47665023803711,0.7229999899864197,0.134990856051445,8.75,0.039687469601631165,0.34375,8.75,0.038749970495700836,0.34375,0.25
6,71,gray,0.05000000074505806,"[0.05000000074505806, 0.05000000074505806]",0.633124828338623,0.5210917592048645,0.11203306913375854,42.132469177246094,0.5283750295639038,0.1516052633523941,2.5,0.03468746691942215,0.3125,2.5,0.03468746691942215,0.3125,0.0
6,71,raw_colour,0.05000000074505806,"[0.05000000074505806, 0.05000000074505806]",0.6257811784744263,0.5253600478172302,0.10042113065719604,46.75059509277344,0.5873749852180481,0.15220342576503754,13.75,0.014062486588954926,0.34375,13.75,0.014062486588954926,0.34375,0.0
6,71,opponent,0.05000000074505806,"[0.05000000074505806, 0.05000000074505806]",0.5676249265670776,0.469230592250824,0.09839433431625366,53.59911346435547,0.6533750295639038,0.14298957586288452,11.25,0.012812487781047821,0.34375,11.25,0.012812487781047821,0.34375,0.0
6,71,sobel_colour,0.05000000074505806,"[0.05000000074505806, 0.05000000074505806]",0.5287812948226929,0.4070964455604553,0.12168484926223755,55.25904083251953,0.7052500247955322,0.13168688118457794,11.25,0.022812485694885254,0.3125,11.25,0.022812485694885254,0.3125,0.0
6,71,ardin_input,0.05000000074505806,"[0.05000000074505806, 0.05000000074505806]",0.6473749279975891,0.5493960380554199,0.09797888994216919,42.40329360961914,0.5044999718666077,0.15599961578845978,12.5,0.02249997854232788,0.46875,12.5,0.02249997854232788,0.46875,0.0
6,71,no_hex,0.05000000074505806,"[0.05000000074505806, 0.05000000074505806]",0.48890623450279236,0.3734814524650574,0.11542478203773499,57.80751419067383,0.7538750171661377,0.12657514214515686,11.25,0.04093746095895767,0.3125,11.25,0.039062462747097015,0.34375,4.25
6,71,no_adapt,0.05000000074505806,"[0.05000000074505806, 0.05000000074505806]",0.7000936269760132,0.6090707182884216,0.09102290868759155,41.09904479980469,0.5348749756813049,0.16556625068187714,10.0,0.00406249612569809,0.375,10.0,-0.00718751922249794,0.4375,12.5
6,71,no_dog,0.05000000074505806,"[0.05000000074505806, 0.05000000074505806]",0.5112811923027039,0.3966057300567627,0.11467546224594116,55.02854919433594,0.7596250176429749,0.13066871464252472,10.0,0.030312471091747284,0.34375,10.0,0.03218747675418854,0.34375,0.25
6,71,apia_simple_colour,0.05000000074505806,"[0.05000000074505806, 0.05000000074505806]",0.49159377813339233,0.37662312388420105,0.11497065424919128,57.244564056396484,0.7423750162124634,0.1266309767961502,10.0,0.042187467217445374,0.3125,10.0,0.04156246781349182,0.28125,2.75
6,71,sobel_apia_colour,0.05000000074505806,"[0.05000000074505806, 0.05000000074505806]",0.5766249895095825,0.4502526521682739,0.1263723373413086,49.94004821777344,0.6858749985694885,0.1397446244955063,12.5,0.024999983608722687,0.34375,12.5,0.02406248450279236,0.375,3.25
7,19,apiaviz,0.05000000074505806,"[0.05000000074505806, 0.05000000074505806]",0.5753703117370605,0.4342508912086487,0.14111942052841187,51.14882278442383,0.6866250038146973,0.1389617770910263,3.75,0.03593745827674866,0.40625,3.75,0.03812495619058609,0.34375,1.75
7,19,gray,0.05000000074505806,"[0.05000000074505806, 0.05000000074505806]",0.6840739846229553,0.5507636070251465,0.13331037759780884,40.00263214111328,0.4533750116825104,0.15888303518295288,10.0,0.021249979734420776,0.3125,10.0,0.021249979734420776,0.3125,0.0
7,19,raw_colour,0.05000000074505806,"[0.05000000074505806, 0.05000000074505806]",0.6555555462837219,0.5320731401443481,0.12348240613937378,47.08230209350586,0.5246250033378601,0.15614648163318634,8.75,0.020624980330467224,0.34375,8.75,0.020624980330467224,0.34375,0.0
7,19,opponent,0.05000000074505806,"[0.05000000074505806, 0.05000000074505806]",0.6014813780784607,0.49221259355545044,0.10926878452301025,54.16075897216797,0.5993750095367432,0.14889182150363922,6.25,0.028437472879886627,0.3125,6.25,0.028437472879886627,0.3125,0.0
7,19,sobel_colour,0.05000000074505806,"[0.05000000074505806, 0.05000000074505806]",0.5552160143852234,0.42202386260032654,0.13319215178489685,53.86244201660156,0.671500027179718,0.13633467257022858,10.0,0.037499964237213135,0.25,10.0,0.037499964237213135,0.25,0.0
7,19,ardin_input,0.05000000074505806,"[0.05000000074505806, 0.05000000074505806]",0.7108949422836304,0.5983971953392029,0.11249774694442749,40.87215042114258,0.4351249933242798,0.16437046229839325,5.0,0.017187483608722687,0.4375,5.0,0.017187483608722687,0.4375,0.0
7,19,no_hex,0.05000000074505806,"[0.05000000074505806, 0.05000000074505806]",0.5140432119369507,0.3834814727306366,0.1305617392063141,57.34915542602539,0.7153750061988831,0.13018366694450378,7.5,0.040937453508377075,0.25,5.0,0.04374995082616806,0.25,1.5
7,19,no_adapt,0.05000000074505806,"[0.05000000074505806, 0.05000000074505806]",0.7223763465881348,0.6189227104187012,0.1034536361694336,43.01023483276367,0.4947499930858612,0.16824954748153687,13.75,0.00812499225139618,0.25,20.0,-0.0078124962747097015,0.5,13.25
7,19,no_dog,0.05000000074505806,"[0.05000000074505806, 0.05000000074505806]",0.5445986986160278,0.4087340533733368,0.13586464524269104,54.50728988647461,0.7267500162124634,0.1346025913953781,7.5,0.031249970197677612,0.25,7.5,0.03249996900558472,0.25,2.75
7,19,apia_simple_colour,0.05000000074505806,"[0.05000000074505806, 0.05000000074505806]",0.5219752788543701,0.38605985045433044,0.13591542840003967,56.00293731689453,0.7078750133514404,0.1300644427537918,2.5,0.05656243860721588,0.3125,2.5,0.05593743920326233,0.28125,1.5
7,19,sobel_apia_colour,0.05000000074505806,"[0.05000000074505806, 0.05000000074505806]",0.6086110472679138,0.4702148735523224,0.13839617371559143,48.574764251708984,0.6502500176429749,0.14484736323356628,7.5,0.027187474071979523,0.25,7.5,0.02656247466802597,0.3125,2.0
7,31,apiaviz,0.05000000074505806,"[0.05000000074505806, 0.05000000074505806]",0.5766666531562805,0.4395325481891632,0.1371341049671173,51.815547943115234,0.6746249794960022,0.14011654257774353,1.25,0.03374996781349182,0.34375,1.25,0.030312471091747284,0.34375,0.25
7,31,gray,0.05000000074505806,"[0.05000000074505806, 0.05000000074505806]",0.689289927482605,0.5617102384567261,0.1275796890258789,41.19826126098633,0.4501250088214874,0.15990501642227173,15.0,0.014062486588954926,0.40625,15.0,0.014062486588954926,0.40625,0.0
7,31,raw_colour,0.05000000074505806,"[0.05000000074505806, 0.05000000074505806]",0.6663579940795898,0.553638219833374,0.11271977424621582,47.73114013671875,0.5163750052452087,0.15822742879390717,8.75,0.010312490165233612,0.40625,8.75,0.010312490165233612,0.40625,0.0
7,31,opponent,0.05000000074505806,"[0.05000000074505806, 0.05000000074505806]",0.5963271260261536,0.48871660232543945,0.10761052370071411,55.248390197753906,0.5975000262260437,0.14809218049049377,12.5,0.0274999737739563,0.3125,12.5,0.0274999737739563,0.3125,0.0
7,31,sobel_colour,0.05000000074505806,"[0.05000000074505806, 0.05000000074505806]",0.5473765134811401,0.4112079441547394,0.13616856932640076,54.50782775878906,0.6673750281333923,0.13542869687080383,5.0,0.04281245917081833,0.375,5.0,0.04281245917081833,0.375,0.0
7,31,ardin_input,0.05000000074505806,"[0.05000000074505806, 0.05000000074505806]",0.6937035918235779,0.571814775466919,0.12188881635665894,39.81395721435547,0.42899999022483826,0.16073913872241974,5.0,0.018124982714653015,0.34375,5.0,0.018124982714653015,0.34375,0.0
7,31,no_hex,0.05000000074505806,"[0.05000000074505806, 0.05000000074505806]",0.5149691104888916,0.3892334997653961,0.12573561072349548,58.28139877319336,0.7039999961853027,0.13136205077171326,3.75,0.04218745976686478,0.34375,5.0,0.041874960064888,0.375,0.75
7,31,no_adapt,0.05000000074505806,"[0.05000000074505806, 0.05000000074505806]",0.7291973233222961,0.626878559589386,0.10231876373291016,42.639034271240234,0.492125004529953,0.16948795318603516,5.0,0.01124998927116394,0.375,22.5,-0.0015624985098838806,0.5,19.0
7,31,no_dog,0.05000000074505806,"[0.05000000074505806, 0.05000000074505806]",0.5450616478919983,0.41108015179634094,0.13398149609565735,54.29741668701172,0.7173749804496765,0.13527387380599976,5.0,0.025312475860118866,0.3125,5.0,0.02499997615814209,0.34375,1.0
7,31,apia_simple_colour,0.05000000074505806,"[0.05000000074505806, 0.05000000074505806]",0.5213271379470825,0.3899448812007904,0.13138225674629211,56.676536560058594,0.6966249942779541,0.13119947910308838,5.0,0.04249995946884155,0.21875,5.0,0.0431249663233757,0.21875,0.25
7,31,sobel_apia_colour,0.05000000074505806,"[0.05000000074505806, 0.05000000074505806]",0.6027159690856934,0.4607955813407898,0.14192038774490356,49.25892639160156,0.6453750133514404,0.14408425986766815,12.5,0.027812473475933075,0.4375,12.5,0.026249974966049194,0.4375,0.5
7,43,apiaviz,0.05000000074505806,"[0.05000000074505806, 0.05000000074505806]",0.5880245566368103,0.4521922469139099,0.1358323097229004,50.796470642089844,0.6826249957084656,0.14121487736701965,10.0,0.03937496244907379,0.375,10.0,0.037499964237213135,0.34375,2.75
7,43,gray,0.05000000074505806,"[0.05000000074505806, 0.05000000074505806]",0.6932713985443115,0.5624099969863892,0.13086140155792236,39.48424530029297,0.45512500405311584,0.16004139184951782,20.0,0.0012499988079071045,0.375,20.0,0.0012499988079071045,0.375,0.0
7,43,raw_colour,0.05000000074505806,"[0.05000000074505806, 0.05000000074505806]",0.6614505052566528,0.5442015528678894,0.11724895238876343,45.50013732910156,0.5206249952316284,0.1570524424314499,5.0,0.027187474071979523,0.28125,5.0,0.027187474071979523,0.28125,0.0
7,43,opponent,0.05000000074505806,"[0.05000000074505806, 0.05000000074505806]",0.6051233410835266,0.49617016315460205,0.10895317792892456,53.98495101928711,0.5971249938011169,0.14947599172592163,17.5,0.011562488973140717,0.4375,17.5,0.011562488973140717,0.4375,0.0
7,43,sobel_colour,0.05000000074505806,"[0.05000000074505806, 0.05000000074505806]",0.5495061874389648,0.40896639227867126,0.14053979516029358,53.46774673461914,0.671625018119812,0.13522590696811676,6.25,0.02968747168779373,0.4375,6.25,0.02968747168779373,0.4375,0.0
7,43,ardin_input,0.05000000074505806,"[0.05000000074505806, 0.05000000074505806]",0.6906480193138123,0.5661265850067139,0.12452143430709839,40.921451568603516,0.4387499988079071,0.16032779216766357,11.25,0.027187474071979523,0.21875,11.25,0.027187474071979523,0.21875,0.0
7,43,no_hex,0.05000000074505806,"[0.05000000074505806, 0.05000000074505806]",0.5246913433074951,0.39852792024612427,0.12616342306137085,57.54966735839844,0.7177500128746033,0.13234640657901764,10.0,0.039062462747097015,0.4375,10.0,0.03937496244907379,0.4375,4.25
7,43,no_adapt,0.05000000074505806,"[0.05000000074505806, 0.05000000074505806]",0.7378084659576416,0.6444772481918335,0.0933312177658081,42.88433837890625,0.4911249876022339,0.17044028639793396,10.0,0.014687485992908478,0.4375,17.5,-0.00812499225139618,0.53125,19.0
7,43,no_dog,0.05000000074505806,"[0.05000000074505806, 0.05000000074505806]",0.5526233911514282,0.42132696509361267,0.13129642605781555,54.00432586669922,0.721750020980835,0.1359364092350006,10.0,0.027812473475933075,0.4375,10.0,0.025937482714653015,0.4375,0.0
7,43,apia_simple_colour,0.05000000074505806,"[0.05000000074505806, 0.05000000074505806]",0.5310185551643372,0.3981184959411621,0.13290005922317505,55.96308135986328,0.7058749794960022,0.1323091983795166,5.0,0.03968746215105057,0.375,5.0,0.03874996304512024,0.375,1.25
7,43,sobel_apia_colour,0.05000000074505806,"[0.05000000074505806, 0.05000000074505806]",0.6065123081207275,0.4630400836467743,0.14347222447395325,48.282283782958984,0.6483749747276306,0.14395125210285187,5.0,0.026249974966049194,0.40625,5.0,0.025624975562095642,0.375,0.25
7,59,apiaviz,0.05000000074505806,"[0.05000000074505806, 0.05000000074505806]",0.5675308704376221,0.42432349920272827,0.1432073712348938,52.228355407714844,0.6768749952316284,0.13816633820533752,5.0,0.03156246989965439,0.34375,5.0,0.033437468111515045,0.3125,1.5
7,59,gray,0.05000000074505806,"[0.05000000074505806, 0.05000000074505806]",0.6807714104652405,0.5504209995269775,0.13035041093826294,38.54880905151367,0.4652499854564667,0.1582811027765274,3.75,0.02249997854232788,0.3125,3.75,0.02249997854232788,0.3125,0.0
7,59,raw_colour,0.05000000074505806,"[0.05000000074505806, 0.05000000074505806]",0.6626850366592407,0.5469628572463989,0.1157221794128418,45.714813232421875,0.5217499732971191,0.15798595547676086,10.0,0.025937475264072418,0.4375,10.0,0.025937475264072418,0.4375,0.0
7,59,opponent,0.05000000074505806,"[0.05000000074505806, 0.05000000074505806]",0.5888888239860535,0.47811269760131836,0.11077612638473511,54.39564895629883,0.6028749942779541,0.1470889151096344,15.0,0.022187478840351105,0.34375,15.0,0.022187478840351105,0.34375,0.0
7,59,sobel_colour,0.05000000074505806,"[0.05000000074505806, 0.05000000074505806]",0.5406481623649597,0.39970093965530396,0.14094722270965576,54.580665588378906,0.6676250100135803,0.13394911587238312,6.25,0.04093746095895767,0.40625,6.25,0.04093746095895767,0.40625,0.0
7,59,ardin_input,0.05000000074505806,"[0.05000000074505806, 0.05000000074505806]",0.7024998664855957,0.5884639620780945,0.11403590440750122,41.32740020751953,0.43424999713897705,0.16293862462043762,16.25,0.010937489569187164,0.40625,16.25,0.010937489569187164,0.40625,0.0
7,59,no_hex,0.05000000074505806,"[0.05000000074505806, 0.05000000074505806]",0.5048456788063049,0.3725610077381134,0.13228467106819153,57.9352912902832,0.7074999809265137,0.12914249300956726,3.75,0.039374951273202896,0.375,6.25,0.04343746602535248,0.34375,0.75
7,59,no_adapt,0.05000000074505806,"[0.05000000074505806, 0.05000000074505806]",0.7137652635574341,0.5967594981193542,0.11700576543807983,43.22045135498047,0.49000000953674316,0.16542230546474457,5.0,0.017499983310699463,0.34375,12.5,-0.00031249597668647766,0.5,13.5
7,59,no_dog,0.05000000074505806,"[0.05000000074505806, 0.05000000074505806]",0.5388579368591309,0.40264812111854553,0.13620981574058533,54.8336067199707,0.7145000100135803,0.134357288479805,6.25,0.035937465727329254,0.34375,6.25,0.03687496483325958,0.34375,1.5
7,59,apia_simple_colour,0.05000000074505806,"[0.05000000074505806, 0.05000000074505806]",0.5096914172172546,0.3711469769477844,0.13854444026947021,56.63402557373047,0.7014999985694885,0.128631129860878,6.25,0.04499995708465576,0.34375,6.25,0.04437495768070221,0.34375,0.25
7,59,sobel_apia_colour,0.05000000074505806,"[0.05000000074505806, 0.05000000074505806]",0.5984875559806824,0.4528774917125702,0.14561006426811218,49.92487335205078,0.6430000066757202,0.14313048124313354,6.25,0.025624975562095642,0.34375,5.0,0.0274999737739563,0.375,1.25
7,71,apiaviz,0.05000000074505806,"[0.05000000074505806, 0.05000000074505806]",0.5791357755661011,0.44105109572410583,0.13808467984199524,52.104347229003906,0.6792500019073486,0.13955004513263702,6.25,0.03218746930360794,0.34375,7.5,0.03062497079372406,0.34375,1.5
7,71,gray,0.05000000074505806,"[0.05000000074505806, 0.05000000074505806]",0.6766974329948425,0.5370557904243469,0.1396416425704956,38.84967041015625,0.4657500088214874,0.1559067666530609,7.5,0.03281246870756149,0.375,7.5,0.03281246870756149,0.375,0.0
7,71,raw_colour,0.05000000074505806,"[0.05000000074505806, 0.05000000074505806]",0.6615431308746338,0.5437310934066772,0.11781203746795654,45.82721710205078,0.5306249856948853,0.15617284178733826,5.0,0.023124977946281433,0.34375,5.0,0.023124977946281433,0.34375,0.0
7,71,opponent,0.05000000074505806,"[0.05000000074505806, 0.05000000074505806]",0.5973455905914307,0.483620822429657,0.11372476816177368,54.344425201416016,0.5989999771118164,0.14706484973430634,2.5,0.035937465727329254,0.4375,2.5,0.035937465727329254,0.4375,0.0
7,71,sobel_colour,0.05000000074505806,"[0.05000000074505806, 0.05000000074505806]",0.5559875965118408,0.41417834162712097,0.14180925488471985,53.80693817138672,0.6647499799728394,0.13582660257816315,8.75,0.040937453508377075,0.4375,8.75,0.040937453508377075,0.4375,0.0
7,71,ardin_input,0.05000000074505806,"[0.05000000074505806, 0.05000000074505806]",0.6907714605331421,0.5698431730270386,0.12092828750610352,39.59245300292969,0.43650001287460327,0.16028551757335663,3.75,0.019062481820583344,0.34375,3.75,0.019062481820583344,0.34375,0.0
7,71,no_hex,0.05000000074505806,"[0.05000000074505806, 0.05000000074505806]",0.5177469253540039,0.3889808654785156,0.12876605987548828,58.28542709350586,0.7127500176429749,0.13074469566345215,3.75,0.04937494546175003,0.4375,5.0,0.04874994605779648,0.4375,4.0
7,71,no_adapt,0.05000000074505806,"[0.05000000074505806, 0.05000000074505806]",0.7281787991523743,0.629970908164978,0.09820789098739624,43.403770446777344,0.4894999861717224,0.1693020910024643,5.0,0.016562484204769135,0.34375,31.25,-0.0018750056624412537,0.46875,20.25
7,71,no_dog,0.05000000074505806,"[0.05000000074505806, 0.05000000074505806]",0.5466666221618652,0.41311848163604736,0.13354814052581787,54.77128219604492,0.715749979019165,0.13486835360527039,5.0,0.025937475264072418,0.3125,2.5,0.024999968707561493,0.34375,1.25
7,71,apia_simple_colour,0.05000000074505806,"[0.05000000074505806, 0.05000000074505806]",0.5300617218017578,0.3941318690776825,0.13592985272407532,56.50489807128906,0.7057499885559082,0.13121771812438965,7.5,0.04968744516372681,0.375,7.5,0.049062445759773254,0.34375,1.0
7,71,sobel_apia_colour,0.05000000074505806,"[0.05000000074505806, 0.05000000074505806]",0.6050616502761841,0.4610975682735443,0.14396408200263977,49.17241668701172,0.6382499933242798,0.1438922882080078,10.0,0.031249970197677612,0.375,10.0,0.030312471091747284,0.375,2.5
9,19,apiaviz,0.05000000074505806,"[0.05000000074505806, 0.05000000074505806]",0.5649374723434448,0.44262194633483887,0.12231552600860596,53.67038345336914,0.6982499957084656,0.1363002061843872,21.25,-0.012812487781047821,0.34375,21.25,-0.010624989867210388,0.34375,6.25
9,19,gray,0.05000000074505806,"[0.05000000074505806, 0.05000000074505806]",0.679999828338623,0.550702691078186,0.129297137260437,38.962684631347656,0.46787500381469727,0.15684635937213898,16.25,0.0012499988079071045,0.375,16.25,0.0012499988079071045,0.375,0.0
9,19,raw_colour,0.05000000074505806,"[0.05000000074505806, 0.05000000074505806]",0.6558123826980591,0.539091169834137,0.11672121286392212,46.238155364990234,0.543749988079071,0.15383552014827728,20.0,-0.005937494337558746,0.34375,20.0,-0.005937494337558746,0.34375,0.0
9,19,opponent,0.05000000074505806,"[0.05000000074505806, 0.05000000074505806]",0.5989686846733093,0.4968873858451843,0.102081298828125,54.793609619140625,0.6085000038146973,0.14694201946258545,25.0,-0.01781248301267624,0.4375,25.0,-0.01781248301267624,0.4375,0.0
9,19,sobel_colour,0.05000000074505806,"[0.05000000074505806, 0.05000000074505806]",0.5504687428474426,0.42481422424316406,0.12565451860427856,55.7340202331543,0.6769999861717224,0.13449548184871674,8.75,0.006874993443489075,0.375,8.75,0.006874993443489075,0.375,0.0
9,19,ardin_input,0.05000000074505806,"[0.05000000074505806, 0.05000000074505806]",0.7015623450279236,0.5965563654899597,0.10500597953796387,39.8691520690918,0.4440000057220459,0.162058025598526,17.5,0.002812497317790985,0.4375,17.5,0.0018749982118606567,0.4375,0.0
9,19,no_hex,0.05000000074505806,"[0.05000000074505806, 0.05000000074505806]",0.5078437328338623,0.387482613325119,0.12036111950874329,58.624778747558594,0.7288749814033508,0.12811201810836792,16.25,-0.004687495529651642,0.3125,13.75,-0.008437491953372955,0.3125,1.75
9,19,no_adapt,0.05000000074505806,"[0.05000000074505806, 0.05000000074505806]",0.722812294960022,0.630304753780365,0.09250754117965698,44.19525909423828,0.5038750171661377,0.1661376655101776,16.25,-0.014374986290931702,0.34375,30.0,-0.027812473475933075,0.625,19.75
9,19,no_dog,0.05000000074505806,"[0.05000000074505806, 0.05000000074505806]",0.5343124270439148,0.4179210662841797,0.11639136075973511,56.23249053955078,0.7406250238418579,0.1319493055343628,21.25,-0.008749999105930328,0.3125,21.25,-0.005312502384185791,0.25,3.75
9,19,apia_simple_colour,0.05000000074505806,"[0.05000000074505806, 0.05000000074505806]",0.5103437900543213,0.3874274492263794,0.1229163408279419,57.89847946166992,0.7158750295639038,0.1278589963912964,13.75,-0.008437499403953552,0.4375,13.75,-0.008437491953372955,0.4375,0.0
9,19,sobel_apia_colour,0.05000000074505806,"[0.05000000074505806, 0.05000000074505806]",0.6050623655319214,0.4800087511539459,0.12505361437797546,50.9478874206543,0.659375011920929,0.142544224858284,21.25,0.0006249994039535522,0.25,20.0,0.0015624985098838806,0.25,0.5
9,31,apiaviz,0.05000000074505806,"[0.05000000074505806, 0.05000000074505806]",0.5687187314033508,0.44855985045433044,0.12015888094902039,53.87856674194336,0.6813750267028809,0.13757194578647614,26.25,-0.016562484204769135,0.34375,26.25,-0.017499983310699463,0.375,1.0
9,31,gray,0.05000000074505806,"[0.05000000074505806, 0.05000000074505806]",0.6838436126708984,0.5578774809837341,0.1259661316871643,39.74674987792969,0.4621250033378601,0.15740114450454712,26.25,-0.009999990463256836,0.3125,26.25,-0.009999990463256836,0.3125,0.0
9,31,raw_colour,0.05000000074505806,"[0.05000000074505806, 0.05000000074505806]",0.6655310988426208,0.5560452938079834,0.10948580503463745,46.557945251464844,0.531125009059906,0.15614905953407288,18.75,-0.009374991059303284,0.34375,18.75,-0.009374991059303284,0.34375,0.0
9,31,opponent,0.05000000074505806,"[0.05000000074505806, 0.05000000074505806]",0.5972186923027039,0.4920092821121216,0.10520941019058228,54.31352233886719,0.6047499775886536,0.14565587043762207,25.0,-0.02531246840953827,0.3125,25.0,-0.02531246840953827,0.3125,0.0
9,31,sobel_colour,0.05000000074505806,"[0.05000000074505806, 0.05000000074505806]",0.5457812547683716,0.4154587984085083,0.13032245635986328,54.805233001708984,0.6794999837875366,0.13316664099693298,15.0,-0.013437487185001373,0.28125,15.0,-0.013437487185001373,0.28125,0.0
9,31,ardin_input,0.05000000074505806,"[0.05000000074505806, 0.05000000074505806]",0.6850623488426208,0.5676829218864441,0.11737942695617676,39.13236999511719,0.44075000286102295,0.15852032601833344,25.0,0.0015624985098838806,0.3125,25.0,0.0015624985098838806,0.3125,0.0
9,31,no_hex,0.05000000074505806,"[0.05000000074505806, 0.05000000074505806]",0.5101562142372131,0.3944686949253082,0.11568751931190491,58.91938400268555,0.7174999713897705,0.1291838139295578,20.0,-0.014999985694885254,0.375,20.0,-0.013124994933605194,0.3125,0.5
9,31,no_adapt,0.05000000074505806,"[0.05000000074505806, 0.05000000074505806]",0.7294685244560242,0.6362193822860718,0.09324914216995239,43.416893005371094,0.500249981880188,0.16711747646331787,21.25,-0.019062481820583344,0.34375,21.25,-0.022187478840351105,0.5,19.75
9,31,no_dog,0.05000000074505806,"[0.05000000074505806, 0.05000000074505806]",0.5357499718666077,0.4201974868774414,0.11555248498916626,56.48945999145508,0.7289999723434448,0.1327347755432129,17.5,-0.002812504768371582,0.40625,17.5,0.0006249919533729553,0.375,3.5
9,31,apia_simple_colour,0.05000000074505806,"[0.05000000074505806, 0.05000000074505806]",0.5147812366485596,0.39419281482696533,0.12058842182159424,57.8468132019043,0.702750027179718,0.1291169673204422,25.0,-0.02499997615814209,0.28125,25.0,-0.025937475264072418,0.3125,0.25
9,31,sobel_apia_colour,0.05000000074505806,"[0.05000000074505806, 0.05000000074505806]",0.5997186899185181,0.469825804233551,0.12989288568496704,50.54431915283203,0.6581249833106995,0.14137962460517883,17.5,-0.00812499225139618,0.3125,27.5,-0.007812492549419403,0.3125,4.25
9,43,apiaviz,0.05000000074505806,"[0.05000000074505806, 0.05000000074505806]",0.5807811617851257,0.46162599325180054,0.1191551685333252,53.10207748413086,0.6919999718666077,0.13857504725456238,15.0,0.0034374967217445374,0.375,15.0,0.002812497317790985,0.40625,0.5
9,43,gray,0.05000000074505806,"[0.05000000074505806, 0.05000000074505806]",0.6849061250686646,0.5602293610572815,0.12467676401138306,38.826210021972656,0.4646250009536743,0.15795956552028656,22.5,-0.009062491357326508,0.40625,22.5,-0.009062491357326508,0.40625,0.0
9,43,raw_colour,0.05000000074505806,"[0.05000000074505806, 0.05000000074505806]",0.6559061408042908,0.5483536720275879,0.10755246877670288,46.195613861083984,0.5398749709129333,0.15477409958839417,18.75,-0.012499988079071045,0.34375,18.75,-0.012499988079071045,0.34375,0.0
9,43,opponent,0.05000000074505806,"[0.05000000074505806, 0.05000000074505806]",0.6040624380111694,0.5028368234634399,0.10122561454772949,53.796531677246094,0.6033750176429749,0.14719896018505096,23.75,-0.020312480628490448,0.40625,23.75,-0.020312480628490448,0.40625,0.0
9,43,sobel_colour,0.05000000074505806,"[0.05000000074505806, 0.05000000074505806]",0.5441561937332153,0.41959065198898315,0.12456554174423218,55.27402114868164,0.6773750185966492,0.13308803737163544,11.25,-0.00812499225139618,0.3125,11.25,-0.00812499225139618,0.3125,0.0
9,43,ardin_input,0.05000000074505806,"[0.05000000074505806, 0.05000000074505806]",0.6802811026573181,0.5655226111412048,0.11475849151611328,40.54872512817383,0.4478749930858612,0.1580367088317871,20.0,0.009062491357326508,0.4375,20.0,0.008437491953372955,0.4375,0.0
9,43,no_hex,0.05000000074505806,"[0.05000000074505806, 0.05000000074505806]",0.5185312032699585,0.40561556816101074,0.11291563510894775,58.57664489746094,0.7211250066757202,0.13001562654972076,16.25,-0.00562499463558197,0.34375,16.25,-0.002812504768371582,0.28125,2.25
9,43,no_adapt,0.05000000074505806,"[0.05000000074505806, 0.05000000074505806]",0.7374060750007629,0.6490561962127686,0.08834987878799438,42.66957092285156,0.49775001406669617,0.16787372529506683,15.0,-0.009062491357326508,0.5625,26.25,-0.019687481224536896,0.71875,17.75
9,43,no_dog,0.05000000074505806,"[0.05000000074505806, 0.05000000074505806]",0.5418750047683716,0.4283187687397003,0.11355623602867126,55.77495574951172,0.7317500114440918,0.13319644331932068,16.25,-0.011562496423721313,0.375,16.25,-0.013124994933605194,0.375,2.5
9,43,apia_simple_colour,0.05000000074505806,"[0.05000000074505806, 0.05000000074505806]",0.5258437395095825,0.4063211679458618,0.1195225715637207,57.022315979003906,0.7107499837875366,0.1300051510334015,8.75,0.004999995231628418,0.375,8.75,0.005312494933605194,0.375,1.5
9,43,sobel_apia_colour,0.05000000074505806,"[0.05000000074505806, 0.05000000074505806]",0.5990937352180481,0.4748954772949219,0.12419825792312622,50.98077392578125,0.6586250066757202,0.14147129654884338,16.25,0.0018749982118606567,0.40625,16.25,0.0003124997019767761,0.4375,1.5
9,59,apiaviz,0.05000000074505806,"[0.05000000074505806, 0.05000000074505806]",0.5639374852180481,0.4398258328437805,0.12411165237426758,54.56062316894531,0.6869999766349792,0.13608236610889435,20.0,-0.005625002086162567,0.34375,20.0,-0.005625002086162567,0.34375,3.0
9,59,gray,0.05000000074505806,"[0.05000000074505806, 0.05000000074505806]",0.6770936846733093,0.544175386428833,0.13291829824447632,37.294063568115234,0.47475001215934753,0.15604226291179657,18.75,-0.010624989867210388,0.25,18.75,-0.010624989867210388,0.25,0.0
9,59,raw_colour,0.05000000074505806,"[0.05000000074505806, 0.05000000074505806]",0.6653436422348022,0.5537601709365845,0.11158347129821777,45.26952362060547,0.5443750023841858,0.15571138262748718,21.25,-0.0006249994039535522,0.375,21.25,-0.0006249994039535522,0.375,0.0
9,59,opponent,0.05000000074505806,"[0.05000000074505806, 0.05000000074505806]",0.591999888420105,0.48520034551620483,0.10679954290390015,53.71687698364258,0.6134999990463257,0.14506211876869202,16.25,-0.014999985694885254,0.40625,16.25,-0.014999985694885254,0.40625,0.0
9,59,sobel_colour,0.05000000074505806,"[0.05000000074505806, 0.05000000074505806]",0.5375937223434448,0.4090070128440857,0.12858670949935913,55.27595520019531,0.6793749928474426,0.13217487931251526,17.5,-0.0037499964237213135,0.34375,17.5,-0.0037499964237213135,0.34375,0.0
9,59,ardin_input,0.05000000074505806,"[0.05000000074505806, 0.05000000074505806]",0.6951873898506165,0.5847792625427246,0.11040812730789185,39.4963493347168,0.44862499833106995,0.16071341931819916,28.75,-0.005312494933605194,0.5,28.75,-0.005937494337558746,0.5,0.0
9,59,no_hex,0.05000000074505806,"[0.05000000074505806, 0.05000000074505806]",0.500781238079071,0.38385021686553955,0.1169310212135315,59.50825500488281,0.7248749732971191,0.12733708322048187,20.0,-0.011562496423721313,0.34375,21.25,-0.013124987483024597,0.34375,1.5
9,59,no_adapt,0.05000000074505806,"[0.05000000074505806, 0.05000000074505806]",0.7145936489105225,0.6056532859802246,0.10894036293029785,43.50425720214844,0.5012500286102295,0.1633327305316925,21.25,-0.0034374967217445374,0.375,16.25,-0.01531248539686203,0.4375,11.0
9,59,no_dog,0.05000000074505806,"[0.05000000074505806, 0.05000000074505806]",0.5358437299728394,0.4179559051990509,0.11788782477378845,56.8470573425293,0.7289999723434448,0.1323123276233673,21.25,-0.012187495827674866,0.34375,21.25,-0.011249996721744537,0.3125,1.75
9,59,apia_simple_colour,0.05000000074505806,"[0.05000000074505806, 0.05000000074505806]",0.5053125023841858,0.3832549750804901,0.12205752730369568,58.25242614746094,0.7096250057220459,0.12690281867980957,21.25,-0.005000002682209015,0.34375,21.25,-0.005312502384185791,0.3125,0.25
9,59,sobel_apia_colour,0.05000000074505806,"[0.05000000074505806, 0.05000000074505806]",0.5962187051773071,0.4655778110027313,0.1306408941745758,51.253990173339844,0.6567500233650208,0.14101164042949677,20.0,-0.0018749982118606567,0.40625,17.5,-0.0003124997019767761,0.375,3.5
9,71,apiaviz,0.05000000074505806,"[0.05000000074505806, 0.05000000074505806]",0.5693436861038208,0.45128342509269714,0.11806026101112366,54.53163528442383,0.6894999742507935,0.1368856579065323,25.0,-0.011874988675117493,0.28125,23.75,-0.012812487781047821,0.28125,0.75
9,71,gray,0.05000000074505806,"[0.05000000074505806, 0.05000000074505806]",0.6722499132156372,0.5366346836090088,0.13561522960662842,37.91940689086914,0.4802500009536743,0.15403105318546295,17.5,0.013437487185001373,0.3125,17.5,0.013437487185001373,0.3125,0.0
9,71,raw_colour,0.05000000074505806,"[0.05000000074505806, 0.05000000074505806]",0.6564061045646667,0.5445963740348816,0.11180973052978516,44.97335433959961,0.5513749718666077,0.15367858111858368,17.5,-0.008437491953372955,0.375,17.5,-0.008437491953372955,0.375,0.0
9,71,opponent,0.05000000074505806,"[0.05000000074505806, 0.05000000074505806]",0.5961874723434448,0.4915737807750702,0.10461369156837463,54.525630950927734,0.6106250286102295,0.14521294832229614,10.0,0.006562493741512299,0.375,10.0,0.006562493741512299,0.375,0.0
9,71,sobel_colour,0.05000000074505806,"[0.05000000074505806, 0.05000000074505806]",0.5503123998641968,0.4222241938114166,0.12808820605278015,54.411067962646484,0.6725000143051147,0.13372424244880676,8.75,0.009062491357326508,0.46875,8.75,0.009062491357326508,0.46875,0.0
9,71,ardin_input,0.05000000074505806,"[0.05000000074505806, 0.05000000074505806]",0.6841248869895935,0.5707955956459045,0.11332929134368896,39.3252067565918,0.44574999809265137,0.1582409292459488,18.75,-0.0018749982118606567,0.46875,18.75,-0.0018749982118606567,0.46875,0.0
9,71,no_hex,0.05000000074505806,"[0.05000000074505806, 0.05000000074505806]",0.5094062685966492,0.3966405689716339,0.11276569962501526,59.43352127075195,0.719124972820282,0.12872645258903503,16.25,-0.010937497019767761,0.28125,8.75,-0.007500000298023224,0.3125,3.5
9,71,no_adapt,0.05000000074505806,"[0.05000000074505806, 0.05000000074505806]",0.7262810468673706,0.6370469927787781,0.08923405408859253,44.138362884521484,0.5015000104904175,0.16688717901706696,13.75,-0.013124987483024597,0.34375,22.5,-0.02124999463558197,0.46875,17.0
9,71,no_dog,0.05000000074505806,"[0.05000000074505806, 0.05000000074505806]",0.5363750457763672,0.42178574204444885,0.11458930373191833,56.487342834472656,0.7271249890327454,0.13213635981082916,22.5,0.0015624836087226868,0.34375,18.75,0.0034374818205833435,0.375,2.0
9,71,apia_simple_colour,0.05000000074505806,"[0.05000000074505806, 0.05000000074505806]",0.5218437910079956,0.4025842845439911,0.11925950646400452,58.076480865478516,0.7091249823570251,0.12910498678684235,15.0,-0.005937494337558746,0.34375,15.0,-0.005937494337558746,0.34375,0.0
9,71,sobel_apia_colour,0.05000000074505806,"[0.05000000074505806, 0.05000000074505806]",0.5978124737739563,0.47092336416244507,0.12688910961151123,50.77096939086914,0.6528750061988831,0.14125068485736847,17.5,-0.005937494337558746,0.34375,16.25,-0.005937494337558746,0.34375,0.75
10,19,apiaviz,0.05000000074505806,"[0.05000000074505806, 0.05000000074505806]",0.5516974925994873,0.42920446395874023,0.12249302864074707,54.600135803222656,0.7043750286102295,0.13747502863407135,5.0,0.021874964237213135,0.4375,6.25,0.017812468111515045,0.4375,3.5
10,19,gray,0.05000000074505806,"[0.05000000074505806, 0.05000000074505806]",0.6527467966079712,0.5295615792274475,0.12318521738052368,44.15990447998047,0.4762499928474426,0.1561109870672226,11.25,-0.01374998688697815,0.4375,11.25,-0.01374998688697815,0.4375,0.0
10,19,raw_colour,0.05000000074505806,"[0.05000000074505806, 0.05000000074505806]",0.634506106376648,0.5238879323005676,0.11061817407608032,49.92536926269531,0.5572500228881836,0.15372982621192932,13.75,-0.007812492549419403,0.46875,13.75,-0.007812492549419403,0.46875,0.0
10,19,opponent,0.05000000074505806,"[0.05000000074505806, 0.05000000074505806]",0.5853394865989685,0.4842102527618408,0.10112923383712769,56.216556549072266,0.6162499785423279,0.14694061875343323,5.0,0.0009374991059303284,0.40625,5.0,0.0009374991059303284,0.40625,0.0
10,19,sobel_colour,0.05000000074505806,"[0.05000000074505806, 0.05000000074505806]",0.5321913361549377,0.4131736755371094,0.11901766061782837,57.65114974975586,0.6840000152587891,0.13538189232349396,5.0,0.020312484353780746,0.3125,5.0,0.020312484353780746,0.3125,0.0
10,19,ardin_input,0.05000000074505806,"[0.05000000074505806, 0.05000000074505806]",0.6800307035446167,0.5707635879516602,0.10926711559295654,43.42323684692383,0.4533750116825104,0.16130462288856506,18.75,-0.020312480628490448,0.4375,18.75,-0.019999980926513672,0.4375,0.0
10,19,no_hex,0.05000000074505806,"[0.05000000074505806, 0.05000000074505806]",0.4946296215057373,0.38212257623672485,0.11250704526901245,60.33247756958008,0.7372499704360962,0.12942634522914886,5.0,0.0049999915063381195,0.28125,5.0,0.0028124935925006866,0.3125,2.0
10,19,no_adapt,0.05000000074505806,"[0.05000000074505806, 0.05000000074505806]",0.7192899584770203,0.6112629771232605,0.10802698135375977,44.16580581665039,0.5087500214576721,0.1664515882730484,7.5,0.0006249994039535522,0.34375,20.0,-0.014374990016222,0.375,18.5
10,19,no_dog,0.05000000074505806,"[0.05000000074505806, 0.05000000074505806]",0.5212962031364441,0.40471547842025757,0.11658072471618652,57.19222640991211,0.7465000152587891,0.13329941034317017,6.25,0.005937486886978149,0.40625,6.25,0.002499990165233612,0.375,2.75
10,19,apia_simple_colour,0.05000000074505806,"[0.05000000074505806, 0.05000000074505806]",0.49358028173446655,0.3796690106391907,0.11391127109527588,59.322322845458984,0.7236250042915344,0.12879762053489685,6.25,0.015624970197677612,0.375,6.25,0.013437476009130478,0.40625,1.25
10,19,sobel_apia_colour,0.05000000074505806,"[0.05000000074505806, 0.05000000074505806]",0.5903086066246033,0.46270912885665894,0.12759947776794434,52.29999542236328,0.6647499799728394,0.14366213977336884,3.75,0.028124965727329254,0.21875,5.0,0.025937475264072418,0.21875,3.0
10,31,apiaviz,0.05000000074505806,"[0.05000000074505806, 0.05000000074505806]",0.5553085803985596,0.4353368282318115,0.11997175216674805,54.52739334106445,0.6957499980926514,0.13856689631938934,2.5,0.02062496542930603,0.5,2.5,0.02281247079372406,0.46875,2.5
10,31,gray,0.05000000074505806,"[0.05000000074505806, 0.05000000074505806]",0.6522529721260071,0.5311469435691833,0.12110602855682373,44.36003875732422,0.476500004529953,0.15664730966091156,15.0,-0.010624989867210388,0.3125,15.0,-0.010624989867210388,0.3125,0.0
10,31,raw_colour,0.05000000074505806,"[0.05000000074505806, 0.05000000074505806]",0.6459876298904419,0.5333797931671143,0.11260783672332764,49.083499908447266,0.550000011920929,0.15576373040676117,7.5,0.004687495529651642,0.3125,7.5,0.004687495529651642,0.3125,0.0
10,31,opponent,0.05000000074505806,"[0.05000000074505806, 0.05000000074505806]",0.5856481194496155,0.4793495833873749,0.1062985360622406,55.732818603515625,0.6181250214576721,0.14573708176612854,5.0,0.006250001490116119,0.375,5.0,0.006250001490116119,0.375,0.0
10,31,sobel_colour,0.05000000074505806,"[0.05000000074505806, 0.05000000074505806]",0.5410802364349365,0.4162079393863678,0.12487229704856873,56.30252456665039,0.6898750066757202,0.13439543545246124,3.75,0.013749990612268448,0.28125,3.75,0.013749990612268448,0.28125,0.0
10,31,ardin_input,0.05000000074505806,"[0.05000000074505806, 0.05000000074505806]",0.6623455882072449,0.5518292784690857,0.11051630973815918,44.337947845458984,0.44850000739097595,0.1585007607936859,26.25,-0.01624998450279236,0.5625,26.25,-0.016562484204769135,0.5625,0.0
10,31,no_hex,0.05000000074505806,"[0.05000000074505806, 0.05000000074505806]",0.5004012584686279,0.3906562626361847,0.10974499583244324,60.16398620605469,0.7231249809265137,0.13042041659355164,3.75,0.0059374794363975525,0.46875,3.75,0.004999980330467224,0.4375,6.75
10,31,no_adapt,0.05000000074505806,"[0.05000000074505806, 0.05000000074505806]",0.7243825793266296,0.6163094639778137,0.10807311534881592,43.2446174621582,0.5109999775886536,0.1675197184085846,7.5,-0.0012499988079071045,0.3125,22.5,-0.011249985545873642,0.3125,18.0
10,31,no_dog,0.05000000074505806,"[0.05000000074505806, 0.05000000074505806]",0.5259876251220703,0.40865856409072876,0.11732906103134155,56.660980224609375,0.7354999780654907,0.13350696861743927,2.5,0.016874976456165314,0.375,2.5,0.018437474966049194,0.375,3.5
10,31,apia_simple_colour,0.05000000074505806,"[0.05000000074505806, 0.05000000074505806]",0.5023456811904907,0.39078980684280396,0.11155587434768677,59.10803985595703,0.7151250243186951,0.13014520704746246,5.0,0.013749983161687851,0.40625,5.0,0.01468748226761818,0.375,4.0
10,31,sobel_apia_colour,0.05000000074505806,"[0.05000000074505806, 0.05000000074505806]",0.5940431952476501,0.46075496077537537,0.13328823447227478,51.21137237548828,0.6704999804496765,0.1425662785768509,2.5,0.01874997466802597,0.28125,2.5,0.019374974071979523,0.25,1.5
10,43,apiaviz,0.05000000074505806,"[0.05000000074505806, 0.05000000074505806]",0.5667283535003662,0.44138211011886597,0.12534624338150024,53.79243087768555,0.703499972820282,0.13949470221996307,5.0,0.019999969750642776,0.34375,5.0,0.0184374637901783,0.34375,0.5
10,43,gray,0.05000000074505806,"[0.05000000074505806, 0.05000000074505806]",0.6583641171455383,0.540290355682373,0.11807376146316528,44.229942321777344,0.4749999940395355,0.15738914906978607,16.25,-0.00406249612569809,0.34375,16.25,-0.00406249612569809,0.34375,0.0
10,43,raw_colour,0.05000000074505806,"[0.05000000074505806, 0.05000000074505806]",0.6393826603889465,0.5290476083755493,0.11033505201339722,49.29991149902344,0.5600000023841858,0.15467461943626404,10.0,-0.0003124997019767761,0.40625,10.0,-0.0003124997019767761,0.40625,0.0
10,43,opponent,0.05000000074505806,"[0.05000000074505806, 0.05000000074505806]",0.5942900776863098,0.48745936155319214,0.10683071613311768,55.37038803100586,0.6147500276565552,0.14706146717071533,10.0,-0.007499992847442627,0.40625,10.0,-0.007499992847442627,0.40625,0.0
10,43,sobel_colour,0.05000000074505806,"[0.05000000074505806, 0.05000000074505806]",0.5319753289222717,0.40730544924736023,0.1246698796749115,57.25897216796875,0.6862499713897705,0.13356903195381165,15.0,-0.006562497466802597,0.28125,15.0,-0.006562497466802597,0.28125,0.0
10,43,ardin_input,0.05000000074505806,"[0.05000000074505806, 0.05000000074505806]",0.6567591428756714,0.5455749034881592,0.11118423938751221,45.065574645996094,0.4637500047683716,0.1572609841823578,18.75,-0.009062491357326508,0.4375,18.75,-0.009374991059303284,0.4375,0.0
10,43,no_hex,0.05000000074505806,"[0.05000000074505806, 0.05000000074505806]",0.5095678567886353,0.3939373195171356,0.11563053727149963,59.40958023071289,0.734499990940094,0.13100478053092957,2.5,0.005624983459711075,0.34375,6.25,0.0031249895691871643,0.3125,3.5
10,43,no_adapt,0.05000000074505806,"[0.05000000074505806, 0.05000000074505806]",0.7305245399475098,0.620940625667572,0.10958391427993774,42.17740249633789,0.5073750019073486,0.1679520159959793,11.25,0.002812497317790985,0.375,17.5,-0.012812487781047821,0.40625,16.0
10,43,no_dog,0.05000000074505806,"[0.05000000074505806, 0.05000000074505806]",0.5319443941116333,0.4094977080821991,0.1224466860294342,55.597068786621094,0.7394999861717224,0.13441528379917145,3.75,0.009374968707561493,0.40625,3.75,0.0056249648332595825,0.4375,1.75
10,43,apia_simple_colour,0.05000000074505806,"[0.05000000074505806, 0.05000000074505806]",0.5123456716537476,0.39278170466423035,0.11956396698951721,58.5049934387207,0.7231249809265137,0.1305980682373047,7.5,0.004374988377094269,0.34375,8.75,0.0062499865889549255,0.34375,0.75
10,43,sobel_apia_colour,0.05000000074505806,"[0.05000000074505806, 0.05000000074505806]",0.5863579511642456,0.4559059739112854,0.1304519772529602,52.14976501464844,0.6666250228881836,0.14228001236915588,7.5,0.01187499612569809,0.25,6.25,0.012499995529651642,0.25,1.25
10,59,apiaviz,0.05000000074505806,"[0.05000000074505806, 0.05000000074505806]",0.5512036681175232,0.42771488428115845,0.12348878383636475,54.491111755371094,0.703000009059906,0.136917382478714,3.75,0.026249967515468597,0.3125,3.75,0.025937464088201523,0.3125,3.0
10,59,gray,0.05000000074505806,"[0.05000000074505806, 0.05000000074505806]",0.6529629230499268,0.5272067785263062,0.1257561445236206,43.110816955566406,0.4957500100135803,0.1555434912443161,11.25,-0.007187493145465851,0.375,11.25,-0.007187493145465851,0.375,0.0
10,59,raw_colour,0.05000000074505806,"[0.05000000074505806, 0.05000000074505806]",0.6493517160415649,0.5386062860488892,0.11074542999267578,49.035526275634766,0.5598750114440918,0.15606440603733063,11.25,-0.006562493741512299,0.28125,11.25,-0.006562493741512299,0.28125,0.0
10,59,opponent,0.05000000074505806,"[0.05000000074505806, 0.05000000074505806]",0.5847530364990234,0.4828455150127411,0.10190752148628235,56.18974304199219,0.6330000162124634,0.14598175883293152,5.0,0.008437495678663254,0.3125,5.0,0.008437495678663254,0.3125,0.0
10,59,sobel_colour,0.05000000074505806,"[0.05000000074505806, 0.05000000074505806]",0.5312036871910095,0.40612664818763733,0.1250770390033722,57.20014572143555,0.6897500157356262,0.13333635032176971,6.25,0.006874997168779373,0.1875,6.25,0.006874997168779373,0.1875,0.0
10,59,ardin_input,0.05000000074505806,"[0.05000000074505806, 0.05000000074505806]",0.6753394603729248,0.5685424208641052,0.10679703950881958,44.02250671386719,0.4675000011920929,0.16065284609794617,13.75,-0.005312494933605194,0.34375,13.75,-0.004687495529651642,0.3125,0.25
10,59,no_hex,0.05000000074505806,"[0.05000000074505806, 0.05000000074505806]",0.4975616931915283,0.3838879466056824,0.11367374658584595,59.820343017578125,0.7328749895095825,0.12868793308734894,6.25,0.010937478393316269,0.34375,6.25,0.008749984204769135,0.3125,2.0
10,59,no_adapt,0.05000000074505806,"[0.05000000074505806, 0.05000000074505806]",0.7101849913597107,0.5929384231567383,0.11724656820297241,42.15937042236328,0.5167499780654907,0.16386795043945312,10.0,0.004374995827674866,0.25,11.25,-0.004999998956918716,0.28125,18.75
10,59,no_dog,0.05000000074505806,"[0.05000000074505806, 0.05000000074505806]",0.5253702998161316,0.40866148471832275,0.11670881509780884,56.57501983642578,0.7441250085830688,0.1332956850528717,6.25,0.009999968111515045,0.3125,6.25,0.009062469005584717,0.3125,3.25
10,59,apia_simple_colour,0.05000000074505806,"[0.05000000074505806, 0.05000000074505806]",0.49395063519477844,0.3793089687824249,0.11464166641235352,59.54033279418945,0.7221249938011169,0.1278800368309021,6.25,0.02031247690320015,0.3125,6.25,0.018437478691339493,0.3125,1.25
10,59,sobel_apia_colour,0.05000000074505806,"[0.05000000074505806, 0.05000000074505806]",0.5884567499160767,0.45453253388404846,0.1339242160320282,51.58513259887695,0.6706249713897705,0.14202693104743958,10.0,0.015312481671571732,0.28125,8.75,0.014999981969594955,0.25,1.5
10,71,apiaviz,0.05000000074505806,"[0.05000000074505806, 0.05000000074505806]",0.551944375038147,0.4308798015117645,0.12106457352638245,54.28703308105469,0.7059999704360962,0.13762328028678894,7.5,0.01749996840953827,0.4375,5.0,0.020312465727329254,0.4375,3.0
10,71,gray,0.05000000074505806,"[0.05000000074505806, 0.05000000074505806]",0.6403084993362427,0.5127555727958679,0.12755292654037476,44.07450866699219,0.4828749895095825,0.15357625484466553,12.5,0.0,0.375,12.5,0.0,0.375,0.0
10,71,raw_colour,0.05000000074505806,"[0.05000000074505806, 0.05000000074505806]",0.6366665959358215,0.5274941921234131,0.10917240381240845,48.844932556152344,0.562375009059906,0.15417997539043427,7.5,-0.005937494337558746,0.5,7.5,-0.005937494337558746,0.5,0.0
10,71,opponent,0.05000000074505806,"[0.05000000074505806, 0.05000000074505806]",0.5779011845588684,0.47896629571914673,0.09893488883972168,57.00400161743164,0.6216250061988831,0.14535415172576904,5.0,0.0031250007450580597,0.28125,5.0,0.0031250007450580597,0.28125,0.0
10,71,sobel_colour,0.05000000074505806,"[0.05000000074505806, 0.05000000074505806]",0.5345370173454285,0.41655346751213074,0.11798354983329773,56.65383529663086,0.6884999871253967,0.13471993803977966,6.25,0.015312489122152328,0.25,6.25,0.015312489122152328,0.25,0.0
10,71,ardin_input,0.05000000074505806,"[0.05000000074505806, 0.05000000074505806]",0.659814715385437,0.5501335263252258,0.10968118906021118,44.68320846557617,0.46537500619888306,0.15832069516181946,23.75,-0.024687476456165314,0.40625,23.75,-0.024687476456165314,0.40625,0.0
10,71,no_hex,0.05000000074505806,"[0.05000000074505806, 0.05000000074505806]",0.493395060300827,0.38552844524383545,0.10786661505699158,60.73810958862305,0.7303749918937683,0.1293562948703766,6.25,0.004062473773956299,0.34375,6.25,0.0028124749660491943,0.375,2.5
10,71,no_adapt,0.05000000074505806,"[0.05000000074505806, 0.05000000074505806]",0.7248455286026001,0.6218931078910828,0.10295242071151733,43.356502532958984,0.5174999833106995,0.1673743575811386,5.0,0.014062486588954926,0.375,17.5,-0.0009375065565109253,0.3125,17.5
10,71,no_dog,0.05000000074505806,"[0.05000000074505806, 0.05000000074505806]",0.5236419439315796,0.4064401686191559,0.1172017753124237,56.99135208129883,0.7433750033378601,0.13306979835033417,3.75,0.014999963343143463,0.40625,3.75,0.016249962151050568,0.375,3.75
10,71,apia_simple_colour,0.05000000074505806,"[0.05000000074505806, 0.05000000074505806]",0.49574077129364014,0.38634148240089417,0.10939928889274597,59.40516662597656,0.7239999771118164,0.12936653196811676,5.0,0.008437469601631165,0.375,5.0,0.007812470197677612,0.40625,0.25
10,71,sobel_apia_colour,0.05000000074505806,"[0.05000000074505806, 0.05000000074505806]",0.5907406210899353,0.4610917568206787,0.1296488642692566,50.998470306396484,0.6704999804496765,0.14266718924045563,7.5,0.024374976754188538,0.3125,7.5,0.02656247466802597,0.3125,2.5
12,19,apiaviz,0.05000000074505806,"[0.05000000074505806, 0.05000000074505806]",0.5530769228935242,0.4108354151248932,0.14224150776863098,51.449859619140625,0.7177500128746033,0.13396862149238586,11.25,0.026562482118606567,0.25,11.25,0.02624998241662979,0.21875,2.0
12,19,gray,0.05000000074505806,"[0.05000000074505806, 0.05000000074505806]",0.6710255146026611,0.535173773765564,0.13585174083709717,37.00068664550781,0.4846250116825104,0.1560712605714798,11.25,0.013437487185001373,0.3125,11.25,0.013437487185001373,0.3125,0.0
12,19,raw_colour,0.05000000074505806,"[0.05000000074505806, 0.05000000074505806]",0.6433652639389038,0.51865553855896,0.12470972537994385,44.318599700927734,0.5649999976158142,0.15236710011959076,11.25,0.004687495529651642,0.25,11.25,0.004687495529651642,0.25,0.0
12,19,opponent,0.05000000074505806,"[0.05000000074505806, 0.05000000074505806]",0.580224335193634,0.4703079164028168,0.10991641879081726,52.69873809814453,0.6315000057220459,0.1445634365081787,16.25,0.012499980628490448,0.4375,16.25,0.012499980628490448,0.4375,0.0
12,19,sobel_colour,0.05000000074505806,"[0.05000000074505806, 0.05000000074505806]",0.5332692265510559,0.40168601274490356,0.13158321380615234,53.36003494262695,0.6926249861717224,0.13289162516593933,11.25,0.025312479585409164,0.4375,11.25,0.025312479585409164,0.4375,0.0
12,19,ardin_input,0.05000000074505806,"[0.05000000074505806, 0.05000000074505806]",0.69368577003479,0.5770121812820435,0.11667358875274658,35.81062316894531,0.4625000059604645,0.16162627935409546,13.75,0.00812499225139618,0.25,13.75,0.00812499225139618,0.28125,2.5
12,19,no_hex,0.05000000074505806,"[0.05000000074505806, 0.05000000074505806]",0.4995192587375641,0.3680000603199005,0.13151919841766357,56.606300354003906,0.7517499923706055,0.12626434862613678,13.75,0.025624971836805344,0.3125,13.75,0.023437481373548508,0.375,3.75
12,19,no_adapt,0.05000000074505806,"[0.05000000074505806, 0.05000000074505806]",0.7021793127059937,0.5963901877403259,0.10578912496566772,42.56948471069336,0.5226250290870667,0.16362278163433075,18.75,0.0034374967217445374,0.1875,16.25,-0.006874993443489075,0.28125,17.0
12,19,no_dog,0.05000000074505806,"[0.05000000074505806, 0.05000000074505806]",0.5211217999458313,0.3874603509902954,0.1336614489555359,54.373268127441406,0.7605000138282776,0.12956386804580688,16.25,0.02749999612569809,0.34375,16.25,0.025624990463256836,0.34375,5.5
12,19,apia_simple_colour,0.05000000074505806,"[0.05000000074505806, 0.05000000074505806]",0.5014102458953857,0.3651677072048187,0.13624253869056702,55.38277053833008,0.7371249794960022,0.12609533965587616,12.5,0.02999996766448021,0.28125,12.5,0.02968747541308403,0.25,1.75
12,19,sobel_apia_colour,0.05000000074505806,"[0.05000000074505806, 0.05000000074505806]",0.5849359035491943,0.447353720664978,0.1375821828842163,49.177635192871094,0.6732500195503235,0.1403842717409134,11.25,0.021249979734420776,0.375,11.25,0.022187478840351105,0.40625,0.5
12,31,apiaviz,0.05000000074505806,"[0.05000000074505806, 0.05000000074505806]",0.5596794486045837,0.41906097531318665,0.1406184732913971,50.3708381652832,0.7138749957084656,0.1351654827594757,18.75,0.011874992400407791,0.3125,18.75,0.009062502533197403,0.375,5.5
12,31,gray,0.05000000074505806,"[0.05000000074505806, 0.05000000074505806]",0.6770511269569397,0.5420731902122498,0.13497793674468994,36.91176223754883,0.4790000021457672,0.1571456789970398,11.25,0.01374998688697815,0.40625,11.25,0.01374998688697815,0.40625,0.0
12,31,raw_colour,0.05000000074505806,"[0.05000000074505806, 0.05000000074505806]",0.6518588662147522,0.5325122475624084,0.11934661865234375,44.67270278930664,0.5529999732971191,0.15460607409477234,16.25,0.0018749982118606567,0.3125,16.25,0.0018749982118606567,0.3125,0.0
12,31,opponent,0.05000000074505806,"[0.05000000074505806, 0.05000000074505806]",0.5833011865615845,0.46700307726860046,0.11629810929298401,51.46358108520508,0.6262500286102295,0.1436523050069809,21.25,0.012187477201223373,0.4375,21.25,0.012187477201223373,0.4375,0.0
12,31,sobel_colour,0.05000000074505806,"[0.05000000074505806, 0.05000000074505806]",0.5365064144134521,0.3931981921195984,0.14330822229385376,51.66936492919922,0.6987500190734863,0.1312640905380249,11.25,0.03281247243285179,0.4375,11.25,0.03281247243285179,0.4375,0.0
12,31,ardin_input,0.05000000074505806,"[0.05000000074505806, 0.05000000074505806]",0.6754806637763977,0.5476128458976746,0.12786781787872314,36.46039581298828,0.4567500054836273,0.158217653632164,15.0,0.0018749982118606567,0.375,15.0,0.0018749982118606567,0.375,0.0
12,31,no_hex,0.05000000074505806,"[0.05000000074505806, 0.05000000074505806]",0.5047755837440491,0.37512505054473877,0.1296505331993103,55.98619079589844,0.7409999966621399,0.12713779509067535,15.0,0.014687493443489075,0.40625,21.25,0.008437495678663254,0.40625,7.75
12,31,no_adapt,0.05000000074505806,"[0.05000000074505806, 0.05000000074505806]",0.7076921463012695,0.5991310477256775,0.10856109857559204,42.061012268066406,0.5233749747276306,0.16438327729701996,20.0,0.01156248152256012,0.375,30.0,-0.010937493294477463,0.375,15.25
12,31,no_dog,0.05000000074505806,"[0.05000000074505806, 0.05000000074505806]",0.5265704989433289,0.3923018276691437,0.13426867127418518,53.74896240234375,0.7570000290870667,0.13022448122501373,11.25,0.01718747243285179,0.34375,11.25,0.01249997690320015,0.3125,5.25
12,31,apia_simple_colour,0.05000000074505806,"[0.05000000074505806, 0.05000000074505806]",0.5099359154701233,0.37371957302093506,0.13621634244918823,54.383056640625,0.7286249995231628,0.12722373008728027,16.25,0.01937498152256012,0.34375,15.0,0.01999998837709427,0.3125,3.5
12,31,sobel_apia_colour,0.05000000074505806,"[0.05000000074505806, 0.05000000074505806]",0.5862498879432678,0.43853965401649475,0.14771023392677307,47.38100814819336,0.6840000152587891,0.13897515833377838,11.25,0.03062497451901436,0.46875,11.25,0.029062476009130478,0.46875,2.25
12,43,apiaviz,0.05000000074505806,"[0.05000000074505806, 0.05000000074505806]",0.5641666054725647,0.4245152473449707,0.139651358127594,50.041072845458984,0.7135000228881836,0.13599561154842377,12.5,0.030624978244304657,0.3125,12.5,0.029999978840351105,0.375,2.75
12,43,gray,0.05000000074505806,"[0.05000000074505806, 0.05000000074505806]",0.68217933177948,0.5408567190170288,0.14132261276245117,35.434696197509766,0.48112499713897705,0.15741881728172302,11.25,0.0,0.25,11.25,0.0,0.25,0.0
12,43,raw_colour,0.05000000074505806,"[0.05000000074505806, 0.05000000074505806]",0.6473397016525269,0.5244176983833313,0.12292200326919556,43.205440521240234,0.5648750066757202,0.15355587005615234,16.25,0.0031249970197677612,0.375,16.25,0.0031249970197677612,0.375,0.0
12,43,opponent,0.05000000074505806,"[0.05000000074505806, 0.05000000074505806]",0.5909935235977173,0.47140246629714966,0.11959105730056763,50.764869689941406,0.6297500133514404,0.1448390632867813,11.25,0.011562488973140717,0.375,11.25,0.011562488973140717,0.375,0.0
12,43,sobel_colour,0.05000000074505806,"[0.05000000074505806, 0.05000000074505806]",0.5330448746681213,0.3914695084095001,0.14157536625862122,52.15797805786133,0.6963750123977661,0.1310487687587738,7.5,0.03374996781349182,0.375,7.5,0.03374996781349182,0.375,0.0
12,43,ardin_input,0.05000000074505806,"[0.05000000074505806, 0.05000000074505806]",0.670897364616394,0.5502134561538696,0.12068390846252441,38.5580940246582,0.46399998664855957,0.15767905116081238,25.0,0.007187493145465851,0.21875,25.0,0.006874993443489075,0.21875,0.0
12,43,no_hex,0.05000000074505806,"[0.05000000074505806, 0.05000000074505806]",0.5114102363586426,0.3789786994457245,0.1324315369129181,55.35658645629883,0.7457500100135803,0.1279231160879135,11.25,0.011249996721744537,0.4375,12.5,0.015312489122152328,0.375,7.25
12,43,no_adapt,0.05000000074505806,"[0.05000000074505806, 0.05000000074505806]",0.7124677896499634,0.6076157689094543,0.10485202074050903,40.89712905883789,0.5228750109672546,0.16521170735359192,11.25,0.00968749076128006,0.40625,15.0,-0.011562488973140717,0.46875,16.0
12,43,no_dog,0.05000000074505806,"[0.05000000074505806, 0.05000000074505806]",0.5299038290977478,0.39406710863113403,0.13583672046661377,52.687862396240234,0.7541249990463257,0.13080689311027527,18.75,0.01468747854232788,0.375,21.25,0.011562488973140717,0.40625,0.75
12,43,apia_simple_colour,0.05000000074505806,"[0.05000000074505806, 0.05000000074505806]",0.5165064334869385,0.37896350026130676,0.1375429332256317,54.015159606933594,0.7321249842643738,0.12795482575893402,10.0,0.03156246989965439,0.5,10.0,0.03218747675418854,0.46875,2.25
12,43,sobel_apia_colour,0.05000000074505806,"[0.05000000074505806, 0.05000000074505806]",0.5807051062583923,0.4370213449001312,0.1436837613582611,47.980560302734375,0.6777499914169312,0.13891057670116425,10.0,0.031249970197677612,0.3125,10.0,0.03062497079372406,0.28125,1.75
12,59,apiaviz,0.05000000074505806,"[0.05000000074505806, 0.05000000074505806]",0.5483012795448303,0.40794819593429565,0.14035308361053467,50.89044189453125,0.7106249928474426,0.13345035910606384,12.5,0.02499997988343239,0.40625,12.5,0.023437481373548508,0.4375,5.0
12,59,gray,0.05000000074505806,"[0.05000000074505806, 0.05000000074505806]",0.6736857891082764,0.5286098122596741,0.1450759768486023,34.68696212768555,0.4962500035762787,0.15554526448249817,16.25,0.019687481224536896,0.21875,16.25,0.019687481224536896,0.21875,0.0
12,59,raw_colour,0.05000000074505806,"[0.05000000074505806, 0.05000000074505806]",0.6552563309669495,0.5316280722618103,0.12362825870513916,42.71664047241211,0.5683749914169312,0.15467965602874756,10.0,0.014062486588954926,0.3125,10.0,0.014062486588954926,0.3125,0.0
12,59,opponent,0.05000000074505806,"[0.05000000074505806, 0.05000000074505806]",0.5807371139526367,0.4625488221645355,0.1181882917881012,50.98224639892578,0.6392499804496765,0.14286065101623535,13.75,0.014687485992908478,0.28125,13.75,0.014687485992908478,0.28125,0.0
12,59,sobel_colour,0.05000000074505806,"[0.05000000074505806, 0.05000000074505806]",0.530929446220398,0.39032626152038574,0.1406031847000122,52.32736587524414,0.6952499747276306,0.1304423063993454,16.25,0.018749982118606567,0.34375,16.25,0.018749982118606567,0.34375,0.0
12,59,ardin_input,0.05000000074505806,"[0.05000000074505806, 0.05000000074505806]",0.6857370138168335,0.572542667388916,0.11319434642791748,36.743011474609375,0.4658749997615814,0.16045576333999634,22.5,0.0006249994039535522,0.34375,22.5,0.0009374991059303284,0.34375,0.0
12,59,no_hex,0.05000000074505806,"[0.05000000074505806, 0.05000000074505806]",0.4964102804660797,0.36329880356788635,0.13311147689819336,55.430301666259766,0.7428749799728394,0.12519612908363342,11.25,0.009062480181455612,0.3125,12.5,0.01218748465180397,0.3125,1.25
12,59,no_adapt,0.05000000074505806,"[0.05000000074505806, 0.05000000074505806]",0.6937819123268127,0.5741615295410156,0.11962038278579712,41.06721496582031,0.5254999995231628,0.16063439846038818,12.5,0.01593749225139618,0.34375,7.5,-0.0021875016391277313,0.375,17.0
12,59,no_dog,0.05000000074505806,"[0.05000000074505806, 0.05000000074505806]",0.5219871401786804,0.3871280550956726,0.1348590850830078,53.26675033569336,0.750124990940094,0.12940014898777008,11.25,0.01999998465180397,0.375,11.25,0.017812490463256836,0.34375,1.5
12,59,apia_simple_colour,0.05000000074505806,"[0.05000000074505806, 0.05000000074505806]",0.497884601354599,0.36139944195747375,0.13648515939712524,54.481937408447266,0.7276250123977661,0.12482382357120514,12.5,0.020624980330467224,0.28125,11.25,0.020312480628490448,0.28125,0.25
12,59,sobel_apia_colour,0.05000000074505806,"[0.05000000074505806, 0.05000000074505806]",0.5813460946083069,0.43687504529953003,0.14447104930877686,48.484397888183594,0.6782500147819519,0.13871988654136658,15.0,0.020937480032444,0.34375,15.0,0.020937480032444,0.34375,3.75
12,71,apiaviz,0.05000000074505806,"[0.05000000074505806, 0.05000000074505806]",0.554038405418396,0.4138689339160919,0.14016947150230408,51.40993118286133,0.7142500281333923,0.13452865183353424,10.0,0.03499998524785042,0.3125,12.5,0.03437497094273567,0.3125,1.5
12,71,gray,0.05000000074505806,"[0.05000000074505806, 0.05000000074505806]",0.6614100933074951,0.5162439346313477,0.14516615867614746,36.29259490966797,0.484375,0.15315034985542297,12.5,0.015624985098838806,0.3125,12.5,0.015624985098838806,0.3125,0.0
12,71,raw_colour,0.05000000074505806,"[0.05000000074505806, 0.05000000074505806]",0.643557608127594,0.5204329490661621,0.12312465906143188,42.6910514831543,0.5682500004768372,0.15259107947349548,11.25,0.006874993443489075,0.40625,11.25,0.006874993443489075,0.40625,0.0
12,71,opponent,0.05000000074505806,"[0.05000000074505806, 0.05000000074505806]",0.5766025185585022,0.4606402814388275,0.11596223711967468,52.203189849853516,0.6274999976158142,0.14284878969192505,22.5,0.008749984204769135,0.4375,22.5,0.008749984204769135,0.4375,0.0
12,71,sobel_colour,0.05000000074505806,"[0.05000000074505806, 0.05000000074505806]",0.538942277431488,0.39722564816474915,0.1417166292667389,51.418701171875,0.6943749785423279,0.1320492923259735,18.75,0.022187478840351105,0.34375,18.75,0.022187478840351105,0.34375,0.0
12,71,ardin_input,0.05000000074505806,"[0.05000000074505806, 0.05000000074505806]",0.6751601099967957,0.5514786243438721,0.12368148565292358,36.33590316772461,0.46424999833106995,0.15808172523975372,31.25,0.00812499225139618,0.21875,31.25,0.00812499225139618,0.21875,0.0
12,71,no_hex,0.05000000074505806,"[0.05000000074505806, 0.05000000074505806]",0.5028205513954163,0.36998480558395386,0.1328357458114624,55.62223815917969,0.7417500019073486,0.12659119069576263,12.5,0.024687469005584717,0.34375,12.5,0.028437480330467224,0.40625,4.0
12,71,no_adapt,0.05000000074505806,"[0.05000000074505806, 0.05000000074505806]",0.7046152353286743,0.5997956991195679,0.10481953620910645,42.17036437988281,0.5231249928474426,0.16453564167022705,20.0,0.005312487483024597,0.34375,33.75,-0.007500000298023224,0.25,16.0
12,71,no_dog,0.05000000074505806,"[0.05000000074505806, 0.05000000074505806]",0.5191987156867981,0.3854725956916809,0.1337261199951172,53.8572883605957,0.7465000152587891,0.12960556149482727,11.25,0.03343748301267624,0.3125,11.25,0.029687486588954926,0.25,2.25
12,71,apia_simple_colour,0.05000000074505806,"[0.05000000074505806, 0.05000000074505806]",0.5074679255485535,0.37111589312553406,0.1363520324230194,54.40646743774414,0.7323750257492065,0.12693634629249573,13.75,0.029999971389770508,0.25,13.75,0.029999971389770508,0.25,0.0
12,71,sobel_apia_colour,0.05000000074505806,"[0.05000000074505806, 0.05000000074505806]",0.5855126976966858,0.439978688955307,0.14553400874137878,48.08500289916992,0.6762499809265137,0.1393633335828781,15.0,0.028124969452619553,0.3125,17.5,0.024687472730875015,0.375,2.0
13,19,apiaviz,0.05000000074505806,"[0.05000000074505806, 0.05000000074505806]",0.5353488326072693,0.40783339738845825,0.12751543521881104,58.79283905029297,0.7203750014305115,0.13069047033786774,23.75,0.01093747466802597,0.3125,16.25,0.00718747079372406,0.3125,2.25
13,19,gray,0.05000000074505806,"[0.05000000074505806, 0.05000000074505806]",0.6663080453872681,0.53852778673172,0.1277802586555481,42.95270919799805,0.49312499165534973,0.154815211892128,23.75,-0.012187488377094269,0.40625,23.75,-0.012187488377094269,0.40625,0.0
13,19,raw_colour,0.05000000074505806,"[0.05000000074505806, 0.05000000074505806]",0.6431103348731995,0.5220581293106079,0.12105220556259155,50.725135803222656,0.5633749961853027,0.15147627890110016,21.25,-0.014374993741512299,0.1875,21.25,-0.014374993741512299,0.1875,0.0
13,19,opponent,0.05000000074505806,"[0.05000000074505806, 0.05000000074505806]",0.5793023109436035,0.47230052947998047,0.10700178146362305,59.99180603027344,0.6365000009536743,0.14290666580200195,13.75,0.004687491804361343,0.375,13.75,0.004687491804361343,0.375,0.0
13,19,sobel_colour,0.05000000074505806,"[0.05000000074505806, 0.05000000074505806]",0.5253778696060181,0.39760860800743103,0.12776926159858704,60.521018981933594,0.6928750276565552,0.12976650893688202,3.75,0.01624998077750206,0.375,3.75,0.01624998077750206,0.375,0.0
13,19,ardin_input,0.05000000074505806,"[0.05000000074505806, 0.05000000074505806]",0.6901451945304871,0.5778332352638245,0.1123119592666626,41.532928466796875,0.4671249985694885,0.15979978442192078,25.0,-0.0006249994039535522,0.34375,25.0,-0.0006249994039535522,0.34375,0.0
13,19,no_hex,0.05000000074505806,"[0.05000000074505806, 0.05000000074505806]",0.478895366191864,0.3638762831687927,0.11501908302307129,64.61720275878906,0.7524999976158142,0.12258502840995789,7.5,0.019999969750642776,0.46875,6.25,0.021249964833259583,0.46875,0.5
13,19,no_adapt,0.05000000074505806,"[0.05000000074505806, 0.05000000074505806]",0.7046510577201843,0.5937045216560364,0.11094653606414795,48.516448974609375,0.5228750109672546,0.16242387890815735,13.75,-0.0040625035762786865,0.34375,32.5,-0.030312485992908478,0.40625,22.25
13,19,no_dog,0.05000000074505806,"[0.05000000074505806, 0.05000000074505806]",0.5038082003593445,0.3852550685405731,0.11855313181877136,61.733394622802734,0.7602499723434448,0.12621940672397614,23.75,0.004374988377094269,0.34375,23.75,0.0034374892711639404,0.3125,1.75
13,19,apia_simple_colour,0.05000000074505806,"[0.05000000074505806, 0.05000000074505806]",0.48249998688697815,0.36252275109291077,0.11997723579406738,63.097557067871094,0.7403749823570251,0.12227291613817215,10.0,0.023437459021806717,0.375,10.0,0.023437459021806717,0.40625,0.25
13,19,sobel_apia_colour,0.05000000074505806,"[0.05000000074505806, 0.05000000074505806]",0.5782266855239868,0.4429192543029785,0.1353074312210083,55.895362854003906,0.6728749871253967,0.137726828455925,6.25,0.009999975562095642,0.375,6.25,0.007499977946281433,0.375,0.25
13,31,apiaviz,0.05000000074505806,"[0.05000000074505806, 0.05000000074505806]",0.5409011244773865,0.4143787622451782,0.12652236223220825,58.566158294677734,0.7114999890327454,0.13253653049468994,10.0,0.009687475860118866,0.3125,10.0,0.009062472730875015,0.34375,2.5
13,31,gray,0.05000000074505806,"[0.05000000074505806, 0.05000000074505806]",0.6748836040496826,0.5440731644630432,0.1308104395866394,42.348758697509766,0.4832499921321869,0.15567298233509064,16.25,-0.007499992847442627,0.4375,16.25,-0.007499992847442627,0.4375,0.0
13,31,raw_colour,0.05000000074505806,"[0.05000000074505806, 0.05000000074505806]",0.6471220254898071,0.5307120680809021,0.11640995740890503,50.83906555175781,0.5562499761581421,0.15337374806404114,17.5,-0.008749991655349731,0.375,17.5,-0.008749991655349731,0.375,0.0
13,31,opponent,0.05000000074505806,"[0.05000000074505806, 0.05000000074505806]",0.5734882950782776,0.45890411734580994,0.11458417773246765,59.156471252441406,0.628250002861023,0.14139263331890106,12.5,0.0006249845027923584,0.375,12.5,0.0006249845027923584,0.375,0.0
13,31,sobel_colour,0.05000000074505806,"[0.05000000074505806, 0.05000000074505806]",0.5131977200508118,0.38479551672935486,0.1284022033214569,60.68436050415039,0.7014999985694885,0.12786643207073212,3.75,0.029062461107969284,0.34375,3.75,0.029062461107969284,0.34375,0.0
13,31,ardin_input,0.05000000074505806,"[0.05000000074505806, 0.05000000074505806]",0.6707557439804077,0.5539646148681641,0.11679112911224365,42.857662200927734,0.46312499046325684,0.15675866603851318,18.75,-0.002812497317790985,0.40625,18.75,-0.002812497317790985,0.40625,0.0
13,31,no_hex,0.05000000074505806,"[0.05000000074505806, 0.05000000074505806]",0.4826163351535797,0.3663965165615082,0.11621981859207153,64.56007385253906,0.7436249852180481,0.12401654571294785,15.0,0.011562477797269821,0.28125,10.0,0.01249997690320015,0.28125,5.75
13,31,no_adapt,0.05000000074505806,"[0.05000000074505806, 0.05000000074505806]",0.7076160907745361,0.5965049862861633,0.1111111044883728,48.15768814086914,0.5256249904632568,0.1634349822998047,11.25,0.0037499964237213135,0.34375,25.0,-0.018437493592500687,0.46875,16.25
13,31,no_dog,0.05000000074505806,"[0.05000000074505806, 0.05000000074505806]",0.5086918473243713,0.3886162042617798,0.12007564306259155,61.500816345214844,0.7537500262260437,0.12756508588790894,20.0,0.004687480628490448,0.28125,16.25,0.005624987185001373,0.3125,1.5
13,31,apia_simple_colour,0.05000000074505806,"[0.05000000074505806, 0.05000000074505806]",0.4859011471271515,0.3649798035621643,0.12092134356498718,62.890647888183594,0.7251250147819519,0.12393432855606079,5.0,0.02218746766448021,0.25,6.25,0.021562468260526657,0.25,0.25
13,31,sobel_apia_colour,0.05000000074505806,"[0.05000000074505806, 0.05000000074505806]",0.5681976675987244,0.4341944754123688,0.1340031921863556,56.1848258972168,0.687874972820282,0.1362205594778061,3.75,0.018749982118606567,0.5,3.75,0.01718747988343239,0.40625,2.25
13,43,apiaviz,0.05000000074505806,"[0.05000000074505806, 0.05000000074505806]",0.5467150807380676,0.4182702302932739,0.1284448504447937,57.423648834228516,0.7210000157356262,0.1323879361152649,16.25,0.014999978244304657,0.28125,16.25,0.013749979436397552,0.28125,1.5
13,43,gray,0.05000000074505806,"[0.05000000074505806, 0.05000000074505806]",0.6754940748214722,0.5482171773910522,0.12727689743041992,43.159053802490234,0.4908750057220459,0.15635214745998383,20.0,-0.007499992847442627,0.4375,20.0,-0.007499992847442627,0.4375,0.0
13,43,raw_colour,0.05000000074505806,"[0.05000000074505806, 0.05000000074505806]",0.6406394839286804,0.5223510265350342,0.11828845739364624,50.310821533203125,0.5659999847412109,0.15238867700099945,31.25,-0.01781248301267624,0.375,31.25,-0.01781248301267624,0.375,0.0
13,43,opponent,0.05000000074505806,"[0.05000000074505806, 0.05000000074505806]",0.5796511173248291,0.4675631523132324,0.11208796501159668,59.81306838989258,0.6352499723434448,0.14301788806915283,10.0,-0.002187516540288925,0.375,10.0,-0.002187516540288925,0.375,0.0
13,43,sobel_colour,0.05000000074505806,"[0.05000000074505806, 0.05000000074505806]",0.5205232501029968,0.38970208168029785,0.13082116842269897,60.2556037902832,0.7076249718666077,0.12804025411605835,10.0,0.011562470346689224,0.375,10.0,0.011562470346689224,0.375,0.0
13,43,ardin_input,0.05000000074505806,"[0.05000000074505806, 0.05000000074505806]",0.6626452207565308,0.5481464266777039,0.1144987940788269,44.842369079589844,0.47325000166893005,0.15611396729946136,25.0,0.0034374967217445374,0.46875,25.0,0.0034374967217445374,0.46875,0.0
13,43,no_hex,0.05000000074505806,"[0.05000000074505806, 0.05000000074505806]",0.48779070377349854,0.3705429434776306,0.11724776029586792,63.57160949707031,0.750124990940094,0.12408521771430969,7.5,0.012187477201223373,0.375,17.5,0.011874970048666,0.375,2.5
13,43,no_adapt,0.05000000074505806,"[0.05000000074505806, 0.05000000074505806]",0.7182266116142273,0.6076589822769165,0.11056762933731079,47.03498840332031,0.5242499709129333,0.16361881792545319,12.5,-0.009999997913837433,0.34375,26.25,-0.024062495678663254,0.28125,12.25
13,43,no_dog,0.05000000074505806,"[0.05000000074505806, 0.05000000074505806]",0.5138371586799622,0.3894697427749634,0.12436741590499878,60.341217041015625,0.7634999752044678,0.12703785300254822,18.75,0.013437483459711075,0.28125,18.75,0.013124980032444,0.28125,0.0
13,43,apia_simple_colour,0.05000000074505806,"[0.05000000074505806, 0.05000000074505806]",0.48880815505981445,0.3679672181606293,0.12084093689918518,62.38378143310547,0.7388749718666077,0.12374034523963928,11.25,0.01749996840953827,0.375,11.25,0.017812471836805344,0.34375,0.25
13,43,sobel_apia_colour,0.05000000074505806,"[0.05000000074505806, 0.05000000074505806]",0.5784302353858948,0.4400050938129425,0.13842514157295227,55.10918426513672,0.6897500157356262,0.1364155411720276,10.0,0.009374979883432388,0.28125,17.5,0.00937497615814209,0.28125,4.75
13,59,apiaviz,0.05000000074505806,"[0.05000000074505806, 0.05000000074505806]",0.5344766974449158,0.40817680954933167,0.1262998878955841,58.88001251220703,0.7160000205039978,0.13087747991085052,11.25,0.006562482565641403,0.28125,16.25,0.004687491804361343,0.34375,3.25
13,59,gray,0.05000000074505806,"[0.05000000074505806, 0.05000000074505806]",0.6654359102249146,0.5340934991836548,0.13134241104125977,40.5727653503418,0.4997499883174896,0.15378834307193756,18.75,-0.004374995827674866,0.34375,18.75,-0.004374995827674866,0.34375,0.0
13,59,raw_colour,0.05000000074505806,"[0.05000000074505806, 0.05000000074505806]",0.6530812978744507,0.5320352911949158,0.12104600667953491,49.77045822143555,0.565500020980835,0.15322436392307281,20.0,0.0009374991059303284,0.34375,20.0,0.0009374991059303284,0.34375,0.0
13,59,opponent,0.05000000074505806,"[0.05000000074505806, 0.05000000074505806]",0.5656104683876038,0.4577222466468811,0.10788822174072266,58.41118621826172,0.6414999961853027,0.1409643441438675,16.25,-0.013124998658895493,0.28125,16.25,-0.013124998658895493,0.28125,0.0
13,59,sobel_colour,0.05000000074505806,"[0.05000000074505806, 0.05000000074505806]",0.5138372182846069,0.3884596526622772,0.1253775656223297,60.68976593017578,0.703374981880188,0.12785139679908752,12.5,0.018749963492155075,0.34375,12.5,0.018749963492155075,0.34375,0.0
13,59,ardin_input,0.05000000074505806,"[0.05000000074505806, 0.05000000074505806]",0.6765114665031433,0.5704469084739685,0.1060645580291748,42.44089126586914,0.4749999940395355,0.15883122384548187,26.25,-0.014062486588954926,0.375,26.25,-0.01374998688697815,0.375,0.0
13,59,no_hex,0.05000000074505806,"[0.05000000074505806, 0.05000000074505806]",0.4711918830871582,0.3597348630428314,0.11145702004432678,64.6434097290039,0.7463750243186951,0.12238635867834091,17.5,0.011874981224536896,0.34375,7.5,0.011562474071979523,0.3125,5.0
13,59,no_adapt,0.05000000074505806,"[0.05000000074505806, 0.05000000074505806]",0.6999126076698303,0.5789746642112732,0.12093794345855713,46.36083221435547,0.5267500281333923,0.1600746214389801,22.5,-0.005000002682209015,0.34375,17.5,-0.020312491804361343,0.21875,10.0
13,59,no_dog,0.05000000074505806,"[0.05000000074505806, 0.05000000074505806]",0.5051743984222412,0.38780054450035095,0.11737385392189026,61.75943374633789,0.7567499876022339,0.1270049512386322,13.75,0.0012499839067459106,0.25,20.0,-0.0015625134110450745,0.25,2.25
13,59,apia_simple_colour,0.05000000074505806,"[0.05000000074505806, 0.05000000074505806]",0.47430238127708435,0.3570202589035034,0.11728212237358093,63.62808609008789,0.734250009059906,0.12167274206876755,7.5,0.011874981224536896,0.34375,7.5,0.012499980628490448,0.34375,0.25
13,59,sobel_apia_colour,0.05000000074505806,"[0.05000000074505806, 0.05000000074505806]",0.5740116238594055,0.43961620330810547,0.13439542055130005,55.52639389038086,0.6851249933242798,0.1366405487060547,11.25,0.014062467962503433,0.28125,11.25,0.012499969452619553,0.28125,0.0
13,71,apiaviz,0.05000000074505806,"[0.05000000074505806, 0.05000000074505806]",0.537238359451294,0.41424497961997986,0.12299337983131409,58.971927642822266,0.7201250195503235,0.13178907334804535,17.5,0.007499966770410538,0.3125,17.5,0.0068749673664569855,0.34375,1.5
13,71,gray,0.05000000074505806,"[0.05000000074505806, 0.05000000074505806]",0.6559010744094849,0.5234747529029846,0.13242632150650024,42.52930450439453,0.49775001406669617,0.15233580768108368,20.0,-0.00562499463558197,0.34375,20.0,-0.00562499463558197,0.34375,0.0
13,71,raw_colour,0.05000000074505806,"[0.05000000074505806, 0.05000000074505806]",0.6365406513214111,0.5201464891433716,0.11639416217803955,49.41105651855469,0.5720000267028809,0.1509615182876587,26.25,-0.0003124997019767761,0.21875,26.25,-0.0003124997019767761,0.21875,0.0
13,71,opponent,0.05000000074505806,"[0.05000000074505806, 0.05000000074505806]",0.5698546171188354,0.46030306816101074,0.10955154895782471,60.25151824951172,0.637624979019165,0.141121968626976,8.75,-0.0018750093877315521,0.375,8.75,-0.0018750093877315521,0.375,0.0
13,71,sobel_colour,0.05000000074505806,"[0.05000000074505806, 0.05000000074505806]",0.5192732214927673,0.39464902877807617,0.12462419271469116,60.75939178466797,0.6986250281333923,0.12884238362312317,7.5,0.015312470495700836,0.40625,7.5,0.015312470495700836,0.40625,0.0
13,71,ardin_input,0.05000000074505806,"[0.05000000074505806, 0.05000000074505806]",0.6663661599159241,0.551550567150116,0.1148155927658081,42.65050506591797,0.4752500057220459,0.15654316544532776,20.0,0.0031249970197677612,0.34375,20.0,0.002499997615814209,0.34375,0.0
13,71,no_hex,0.05000000074505806,"[0.05000000074505806, 0.05000000074505806]",0.4779360890388489,0.3665909469127655,0.11134514212608337,64.61692810058594,0.750249981880188,0.12341274321079254,16.25,0.005937471985816956,0.34375,16.25,0.005937471985816956,0.375,1.75
13,71,no_adapt,0.05000000074505806,"[0.05000000074505806, 0.05000000074505806]",0.7088952660560608,0.6068029403686523,0.10209232568740845,48.697181701660156,0.5303750038146973,0.1635294407606125,16.25,-0.016562484204769135,0.28125,27.5,-0.027812492102384567,0.34375,19.75
13,71,no_dog,0.05000000074505806,"[0.05000000074505806, 0.05000000074505806]",0.5086918473243713,0.390333354473114,0.11835849285125732,61.425514221191406,0.7570000290870667,0.1271086037158966,13.75,0.001249987632036209,0.28125,20.0,-0.00031251460313796997,0.28125,2.0
13,71,apia_simple_colour,0.05000000074505806,"[0.05000000074505806, 0.05000000074505806]",0.48372089862823486,0.3663889467716217,0.11733195185661316,63.460758209228516,0.7357500195503235,0.12345721572637558,6.25,0.02468745782971382,0.3125,6.25,0.02468745782971382,0.3125,1.25
13,71,sobel_apia_colour,0.05000000074505806,"[0.05000000074505806, 0.05000000074505806]",0.5727906823158264,0.4425050616264343,0.1302856206893921,55.646484375,0.6830000281333923,0.13684675097465515,17.5,0.00874997302889824,0.34375,17.5,0.0046874769032001495,0.34375,0.25
15,19,apiaviz,0.05000000074505806,"[0.05000000074505806, 0.05000000074505806]",0.5310416221618652,0.4274313151836395,0.10361030697822571,54.57078170776367,0.7131249904632568,0.1366991549730301,12.5,-0.0053125061094760895,0.40625,12.5,-0.00687500461935997,0.34375,1.25
15,19,gray,0.05000000074505806,"[0.05000000074505806, 0.05000000074505806]",0.6412498950958252,0.5410650372505188,0.1001848578453064,45.089107513427734,0.4819999933242798,0.15563921630382538,13.75,-0.0009375028312206268,0.375,13.75,-0.0009375028312206268,0.375,0.0
15,19,raw_colour,0.05000000074505806,"[0.05000000074505806, 0.05000000074505806]",0.6125297546386719,0.5203593969345093,0.0921703577041626,51.46257019042969,0.5536249876022339,0.153146892786026,21.25,-0.008750002831220627,0.34375,21.25,-0.008750002831220627,0.34375,0.0
15,19,opponent,0.05000000074505806,"[0.05000000074505806, 0.05000000074505806]",0.5607439875602722,0.4816807806491852,0.07906320691108704,57.98948669433594,0.6230000257492065,0.14600077271461487,17.5,0.009062498807907104,0.40625,17.5,0.009062498807907104,0.40625,0.0
15,19,sobel_colour,0.05000000074505806,"[0.05000000074505806, 0.05000000074505806]",0.5112202763557434,0.4155285656452179,0.09569171071052551,58.84235382080078,0.687749981880188,0.13431400060653687,7.5,0.019062478095293045,0.3125,7.5,0.019062478095293045,0.3125,0.0
15,19,ardin_input,0.05000000074505806,"[0.05000000074505806, 0.05000000074505806]",0.6696724891662598,0.58289635181427,0.08677613735198975,44.15214157104492,0.4583750069141388,0.1616830974817276,10.0,-0.015624992549419403,0.40625,10.0,-0.015624992549419403,0.40625,0.0
15,19,no_hex,0.05000000074505806,"[0.05000000074505806, 0.05000000074505806]",0.47136905789375305,0.37936317920684814,0.09200587868690491,61.43961715698242,0.7465000152587891,0.12796840071678162,15.0,0.007812473922967911,0.25,16.25,0.009062482044100761,0.25,1.5
15,19,no_adapt,0.05000000074505806,"[0.05000000074505806, 0.05000000074505806]",0.6947320103645325,0.6067255735397339,0.08800643682479858,43.47663116455078,0.5176249742507935,0.16637814044952393,13.75,-0.00468749925494194,0.34375,37.5,-0.019999990239739418,0.375,17.25
15,19,no_dog,0.05000000074505806,"[0.05000000074505806, 0.05000000074505806]",0.5004761815071106,0.401022732257843,0.09945344924926758,56.87757110595703,0.7561249732971191,0.1325574815273285,11.25,0.005312483757734299,0.34375,11.25,0.003437485545873642,0.34375,0.25
15,19,apia_simple_colour,0.05000000074505806,"[0.05000000074505806, 0.05000000074505806]",0.4741368889808655,0.3798256516456604,0.09431123733520508,60.70979309082031,0.7294999957084656,0.1273200511932373,17.5,0.007812481373548508,0.40625,17.5,0.009062480181455612,0.40625,0.25
15,19,sobel_apia_colour,0.05000000074505806,"[0.05000000074505806, 0.05000000074505806]",0.5681249499320984,0.4631342589855194,0.10499069094657898,52.05560302734375,0.6713749766349792,0.14323586225509644,8.75,0.012812484055757523,0.3125,8.75,0.01062498614192009,0.3125,1.0
15,31,apiaviz,0.05000000074505806,"[0.05000000074505806, 0.05000000074505806]",0.5371726155281067,0.4330708086490631,0.10410180687904358,54.88024139404297,0.6980000138282776,0.13799698650836945,8.75,-0.005937512964010239,0.21875,16.25,-0.008437510579824448,0.21875,1.5
15,31,gray,0.05000000074505806,"[0.05000000074505806, 0.05000000074505806]",0.6473511457443237,0.5479809641838074,0.09937018156051636,44.9881591796875,0.4777500033378601,0.15652881562709808,12.5,0.0006249845027923584,0.4375,12.5,0.0006249845027923584,0.4375,0.0
15,31,raw_colour,0.05000000074505806,"[0.05000000074505806, 0.05000000074505806]",0.629761815071106,0.5418710112571716,0.08789080381393433,51.075252532958984,0.5422499775886536,0.15545617043972015,13.75,-0.0015625134110450745,0.3125,13.75,-0.0015625134110450745,0.3125,0.0
15,31,opponent,0.05000000074505806,"[0.05000000074505806, 0.05000000074505806]",0.5596726536750793,0.47373682260513306,0.08593583106994629,57.79796600341797,0.6233749985694885,0.14485186338424683,13.75,-0.004062499850988388,0.34375,13.75,-0.004062499850988388,0.34375,0.0
15,31,sobel_colour,0.05000000074505806,"[0.05000000074505806, 0.05000000074505806]",0.5124404430389404,0.4118129312992096,0.10062751173973083,58.53306579589844,0.6958749890327454,0.13323074579238892,15.0,0.01249997690320015,0.375,15.0,0.01249997690320015,0.375,0.0
15,31,ardin_input,0.05000000074505806,"[0.05000000074505806, 0.05000000074505806]",0.657678484916687,0.5627325177192688,0.09494596719741821,42.953765869140625,0.4546250104904175,0.15875348448753357,16.25,0.00812499225139618,0.375,16.25,0.00812499225139618,0.375,0.0
15,31,no_hex,0.05000000074505806,"[0.05000000074505806, 0.05000000074505806]",0.472946435213089,0.38123682141304016,0.09170961380004883,61.42815017700195,0.7319999933242798,0.1291511058807373,12.5,-0.006250001490116119,0.28125,15.0,-0.008437510579824448,0.28125,7.5
15,31,no_adapt,0.05000000074505806,"[0.05000000074505806, 0.05000000074505806]",0.7003867030143738,0.6147937774658203,0.08559292554855347,44.77104949951172,0.5109999775886536,0.167497456073761,21.25,-0.006250001490116119,0.28125,30.0,-0.01843751035630703,0.34375,13.75
15,31,no_dog,0.05000000074505806,"[0.05000000074505806, 0.05000000074505806]",0.5063689947128296,0.40484410524368286,0.10152488946914673,57.214439392089844,0.7429999709129333,0.1331375390291214,12.5,-0.003750026226043701,0.3125,12.5,-0.006562527269124985,0.3125,0.25
15,31,apia_simple_colour,0.05000000074505806,"[0.05000000074505806, 0.05000000074505806]",0.47910717129707336,0.3825238049030304,0.09658336639404297,60.52889633178711,0.718874990940094,0.12863346934318542,15.0,0.000937487930059433,0.3125,15.0,0.0018749907612800598,0.3125,0.0
15,31,sobel_apia_colour,0.05000000074505806,"[0.05000000074505806, 0.05000000074505806]",0.5705059766769409,0.4623599648475647,0.10814601182937622,52.58896255493164,0.675000011920929,0.1422920525074005,12.5,0.010937478393316269,0.28125,20.0,0.00843748077750206,0.34375,5.25
15,43,apiaviz,0.05000000074505806,"[0.05000000074505806, 0.05000000074505806]",0.5422916412353516,0.43990224599838257,0.102389395236969,54.614131927490234,0.7055000066757202,0.1385851353406906,13.75,0.006874978542327881,0.34375,17.5,0.004062488675117493,0.34375,2.5
15,43,gray,0.05000000074505806,"[0.05000000074505806, 0.05000000074505806]",0.6458630561828613,0.5446590185165405,0.1012040376663208,43.747039794921875,0.47749999165534973,0.1569293737411499,13.75,-0.0012500062584877014,0.34375,13.75,-0.0012500062584877014,0.34375,0.0
15,43,raw_colour,0.05000000074505806,"[0.05000000074505806, 0.05000000074505806]",0.6232142448425293,0.5315380692481995,0.09167617559432983,49.874298095703125,0.5534999966621399,0.15443505346775055,22.5,-0.013437490910291672,0.28125,22.5,-0.013437490910291672,0.28125,0.0
15,43,opponent,0.05000000074505806,"[0.05000000074505806, 0.05000000074505806]",0.5609821081161499,0.4780523478984833,0.08292976021766663,57.177616119384766,0.6200000047683716,0.14610517024993896,12.5,-0.004999998956918716,0.34375,12.5,-0.004999998956918716,0.34375,0.0
15,43,sobel_colour,0.05000000074505806,"[0.05000000074505806, 0.05000000074505806]",0.4997619092464447,0.39871570467948914,0.10104620456695557,58.63466262817383,0.6937500238418579,0.1321067363023758,6.25,0.025937475264072418,0.3125,6.25,0.025937475264072418,0.3125,0.0
15,43,ardin_input,0.05000000074505806,"[0.05000000074505806, 0.05000000074505806]",0.6478868126869202,0.5519528985023499,0.09593391418457031,43.336631774902344,0.46812498569488525,0.15766702592372894,18.75,-0.008437499403953552,0.375,18.75,-0.008437499403953552,0.34375,2.5
15,43,no_hex,0.05000000074505806,"[0.05000000074505806, 0.05000000074505806]",0.480446457862854,0.39012157917022705,0.09032487869262695,61.1794548034668,0.7371249794960022,0.12953269481658936,6.25,0.014374982565641403,0.28125,11.25,0.013124980032444,0.34375,5.0
15,43,no_adapt,0.05000000074505806,"[0.05000000074505806, 0.05000000074505806]",0.7050594091415405,0.6215591430664062,0.08350026607513428,43.855743408203125,0.5109999775886536,0.1678493320941925,17.5,-0.007187496870756149,0.3125,26.25,-0.02312498912215233,0.28125,14.25
15,43,no_dog,0.05000000074505806,"[0.05000000074505806, 0.05000000074505806]",0.5083630681037903,0.40730178356170654,0.10106128454208374,57.3040657043457,0.7465000152587891,0.13331589102745056,20.0,0.009062487632036209,0.28125,20.0,0.007812488824129105,0.3125,2.25
15,43,apia_simple_colour,0.05000000074505806,"[0.05000000074505806, 0.05000000074505806]",0.48374998569488525,0.3896697163581848,0.09408026933670044,60.5438232421875,0.7236250042915344,0.12907674908638,6.25,0.010937480255961418,0.34375,6.25,0.010937480255961418,0.34375,1.5
15,43,sobel_apia_colour,0.05000000074505806,"[0.05000000074505806, 0.05000000074505806]",0.5583035349845886,0.4489482343196869,0.10935530066490173,52.277008056640625,0.6756250262260437,0.14141154289245605,7.5,0.02031247317790985,0.3125,7.5,0.019062470644712448,0.3125,0.5
15,59,apiaviz,0.05000000074505806,"[0.05000000074505806, 0.05000000074505806]",0.5222321152687073,0.4163398742675781,0.10589224100112915,54.355979919433594,0.702750027179718,0.13592319190502167,8.75,0.012499973177909851,0.375,8.75,0.013749971985816956,0.375,0.75
15,59,gray,0.05000000074505806,"[0.05000000074505806, 0.05000000074505806]",0.6384225487709045,0.5391252636909485,0.09929728507995605,45.0303955078125,0.49562498927116394,0.15563656389713287,16.25,-0.00843750312924385,0.28125,16.25,-0.00843750312924385,0.28125,0.0
15,59,raw_colour,0.05000000074505806,"[0.05000000074505806, 0.05000000074505806]",0.628333330154419,0.5380365252494812,0.09029680490493774,50.34865951538086,0.5523750185966492,0.15592768788337708,6.25,-0.0012500099837779999,0.375,6.25,-0.0012500099837779999,0.375,0.0
15,59,opponent,0.05000000074505806,"[0.05000000074505806, 0.05000000074505806]",0.5569344758987427,0.475288063287735,0.08164641261100769,57.93935775756836,0.6324999928474426,0.14502838253974915,8.75,-0.0031250081956386566,0.21875,8.75,-0.0031250081956386566,0.21875,0.0
15,59,sobel_colour,0.05000000074505806,"[0.05000000074505806, 0.05000000074505806]",0.5028868913650513,0.3991226553916931,0.10376423597335815,59.21974563598633,0.6919999718666077,0.13192911446094513,7.5,0.02249995619058609,0.3125,7.5,0.02249995619058609,0.3125,0.0
15,59,ardin_input,0.05000000074505806,"[0.05000000074505806, 0.05000000074505806]",0.6642260551452637,0.577983558177948,0.08624249696731567,43.817142486572266,0.4717499911785126,0.16079013049602509,30.0,-0.013437498360872269,0.40625,30.0,-0.013437498360872269,0.40625,0.0
15,59,no_hex,0.05000000074505806,"[0.05000000074505806, 0.05000000074505806]",0.46842265129089355,0.37181025743484497,0.09661239385604858,60.468074798583984,0.7378749847412109,0.12696994841098785,7.5,0.006562475115060806,0.3125,7.5,0.006874972954392433,0.3125,0.75
15,59,no_adapt,0.05000000074505806,"[0.05000000074505806, 0.05000000074505806]",0.6816070079803467,0.5869899392127991,0.09461706876754761,44.47212219238281,0.5128750205039978,0.1635855883359909,8.75,0.005312487483024597,0.40625,32.5,-0.013124998658895493,0.46875,17.25
15,59,no_dog,0.05000000074505806,"[0.05000000074505806, 0.05000000074505806]",0.49491068720817566,0.39446091651916504,0.10044977068901062,57.220726013183594,0.7427499890327454,0.1320832371711731,15.0,0.005624974146485329,0.3125,15.0,0.008124973624944687,0.25,3.0
15,59,apia_simple_colour,0.05000000074505806,"[0.05000000074505806, 0.05000000074505806]",0.46610119938850403,0.36925479769706726,0.09684640169143677,60.12035369873047,0.722000002861023,0.12614376842975616,10.0,0.014062456786632538,0.3125,10.0,0.014062460511922836,0.3125,0.0
15,59,sobel_apia_colour,0.05000000074505806,"[0.05000000074505806, 0.05000000074505806]",0.5590178370475769,0.446207731962204,0.11281010508537292,52.95600509643555,0.6727499961853027,0.1413087397813797,10.0,0.021562468260526657,0.28125,7.5,0.021874967962503433,0.375,4.0
15,71,apiaviz,0.05000000074505806,"[0.05000000074505806, 0.05000000074505806]",0.5277975797653198,0.42298099398612976,0.10481658577919006,55.666465759277344,0.706125020980835,0.13646647334098816,7.5,0.01468747854232788,0.3125,7.5,0.015624981373548508,0.28125,0.75
15,71,gray,0.05000000074505806,"[0.05000000074505806, 0.05000000074505806]",0.6261308789253235,0.5194423794746399,0.1066884994506836,44.661529541015625,0.4894999861717224,0.15322718024253845,17.5,-0.007187504321336746,0.3125,17.5,-0.007187504321336746,0.3125,0.0
15,71,raw_colour,0.05000000074505806,"[0.05000000074505806, 0.05000000074505806]",0.617440402507782,0.5268499255180359,0.0905904769897461,50.2706298828125,0.5508750081062317,0.15398652851581573,16.25,0.0062499865889549255,0.28125,16.25,0.0062499865889549255,0.28125,0.0
15,71,opponent,0.05000000074505806,"[0.05000000074505806, 0.05000000074505806]",0.5554463863372803,0.47141388058662415,0.08403250575065613,57.717952728271484,0.6266250014305115,0.14432992041110992,21.25,-0.007812492549419403,0.375,21.25,-0.007812492549419403,0.375,0.0
15,71,sobel_colour,0.05000000074505806,"[0.05000000074505806, 0.05000000074505806]",0.5167559385299683,0.417185515165329,0.09957042336463928,58.43507385253906,0.6912500262260437,0.13384251296520233,8.75,0.01781248301267624,0.28125,8.75,0.01781248301267624,0.28125,0.0
15,71,ardin_input,0.05000000074505806,"[0.05000000074505806, 0.05000000074505806]",0.6516367793083191,0.5599656105041504,0.0916711688041687,43.483028411865234,0.46825000643730164,0.15828460454940796,22.5,-0.014374990016222,0.3125,22.5,-0.014374990016222,0.3125,0.0
15,71,no_hex,0.05000000074505806,"[0.05000000074505806, 0.05000000074505806]",0.47056546807289124,0.37656453251838684,0.0940009355545044,61.675785064697266,0.7371249794960022,0.12777936458587646,13.75,0.014374978840351105,0.28125,13.75,0.014062471687793732,0.21875,3.0
15,71,no_adapt,0.05000000074505806,"[0.05000000074505806, 0.05000000074505806]",0.7001188397407532,0.61191326379776,0.08820557594299316,43.220359802246094,0.515250027179718,0.16716280579566956,16.25,-0.0018750056624412537,0.34375,26.25,-0.01625000685453415,0.34375,10.25
15,71,no_dog,0.05000000074505806,"[0.05000000074505806, 0.05000000074505806]",0.49988093972206116,0.40002113580703735,0.0998598039150238,58.71540069580078,0.7409999966621399,0.1323888748884201,11.25,0.002499982714653015,0.28125,8.75,0.002499982714653015,0.3125,1.5
15,71,apia_simple_colour,0.05000000074505806,"[0.05000000074505806, 0.05000000074505806]",0.47538694739341736,0.38043341040611267,0.09495353698730469,60.69541931152344,0.7239999771118164,0.1275893896818161,11.25,0.011874973773956299,0.3125,11.25,0.011874977499246597,0.3125,0.0
15,71,sobel_apia_colour,0.05000000074505806,"[0.05000000074505806, 0.05000000074505806]",0.5691666603088379,0.45973312854766846,0.10943353176116943,52.73271560668945,0.6733750104904175,0.1423301100730896,13.75,0.020937465131282806,0.28125,13.75,0.0196874737739563,0.28125,2.25
