ant,route,seed,preprocessing,trace,training_images_sha256,acquisition_sha256,probe_images_sha256,memory_fingerprint,memory_views,reached_nest,final_nest_distance_m,route_deviation_mean_m,route_deviation_max_m,path_length_m,corrective_resets,steps,silent_scans,polyline_mean_m,first50_polyline_mean_m,deviation_median_m,memory_active_fraction,stream_activity,neighbour_overlap,distant_overlap,local_distinctiveness,effective_rank,lifetime_recruited_fraction,lifetime_frequency_sd,clean_heading_error_deg,clean_tangent_margin,clean_restoring_fraction,brightness_heading_error_deg,brightness_tangent_margin,brightness_restoring_fraction,brightness_heading_change_deg,elapsed_s,run
4,2,19,apiaviz,ant-4-seed-19-apiaviz.json,45dc9306faad7a7d2cd2f319972712b5db3a13bb1302185eb7770e6517287e29,465cc7d18be59aceec8e948759fb81dcd7659c3e4bd7ec361cca45d7d9e66a0d,fb463eb2c13582d262d8492bca2d19830dc064d2b287263e82af32085bed106b,d7884268406e35adb98c20a41ddd82dd43c8cd1edd0b894df3ae1680e7b36860,747,True,0.1715808671085197,0.049985720632408935,0.12689208053855336,8.200000000000001,0,82,0,0.045352710904041145,0.02321775699244222,0.05233892359366063,0.05022941902279854,"[0.0473032146692276, 0.053155623376369476]",0.5573405027389526,0.44708117842674255,0.11025932431221008,54.168582916259766,0.6974999904632568,0.13428007066249847,15.0,-0.0006591156125068665,0.4375,12.5,-0.00014663860201835632,0.40625,1.25,6.393605999881402,apiaviz/output/mechanisms/20260929T022211.602025Z-63811
4,2,19,gray,ant-4-seed-19-gray.json,45dc9306faad7a7d2cd2f319972712b5db3a13bb1302185eb7770e6517287e29,465cc7d18be59aceec8e948759fb81dcd7659c3e4bd7ec361cca45d7d9e66a0d,fb463eb2c13582d262d8492bca2d19830dc064d2b287263e82af32085bed106b,2b4ae57845c8ff9631a7ed87f3eb363855d347b170f405844b3c38cdcb6c97e8,747,True,0.13773580716213496,0.03780590986889611,0.10946690723994604,8.3,0,83,0,0.031023889391474414,0.032810852907688905,0.030217182581843388,0.05722791329026222,"[0.058424029499292374, 0.05603179335594177]",0.695424497127533,0.5671001672744751,0.12832432985305786,38.67231369018555,0.49524998664855957,0.16864360868930817,2.5,0.01944834738969803,0.40625,2.5,0.01944834738969803,0.40625,0.0,6.357636041939259,apiaviz/output/mechanisms/20260929T022211.602025Z-63811
4,2,19,raw_colour,ant-4-seed-19-raw_colour.json,45dc9306faad7a7d2cd2f319972712b5db3a13bb1302185eb7770e6517287e29,465cc7d18be59aceec8e948759fb81dcd7659c3e4bd7ec361cca45d7d9e66a0d,fb463eb2c13582d262d8492bca2d19830dc064d2b287263e82af32085bed106b,ca0d104a13eb8c55b0db30c43073c43cb207b33921ffccc4726c90f72860df41,747,True,0.11024877844909237,0.05203011510347833,0.1198430910356175,8.200000000000001,0,82,0,0.047810302209196076,0.022829901322977263,0.05268362178439808,0.05486061051487923,"[0.05581827461719513, 0.053902946412563324]",0.6612356901168823,0.5493808388710022,0.11185485124588013,47.0526008605957,0.5661249756813049,0.16070260107517242,12.5,0.014888331294059753,0.34375,12.5,0.014888331294059753,0.34375,0.0,5.788261082954705,apiaviz/output/mechanisms/20260929T022211.602025Z-63811
4,2,19,opponent,ant-4-seed-19-opponent.json,45dc9306faad7a7d2cd2f319972712b5db3a13bb1302185eb7770e6517287e29,465cc7d18be59aceec8e948759fb81dcd7659c3e4bd7ec361cca45d7d9e66a0d,fb463eb2c13582d262d8492bca2d19830dc064d2b287263e82af32085bed106b,0e92329eb9e83d833cceb91eb00dc32a05194ad9429e8ee6e9d6fb20b05bbb71,747,True,0.1366369574043011,0.03037489571834907,0.13291968781621802,8.3,0,83,0,0.02492775697419451,0.017336445701733462,0.023633221930735557,0.05590662732720375,"[0.058424029499292374, 0.05338922515511513]",0.6007014513015747,0.5168201923370361,0.08388125896453857,56.071067810058594,0.6324999928474426,0.15490227937698364,13.75,-0.0012818314135074615,0.4375,13.75,-0.0012818314135074615,0.4375,0.25,5.373403749894351,apiaviz/output/mechanisms/20260929T022211.602025Z-63811
4,2,19,sobel_colour,ant-4-seed-19-sobel_colour.json,45dc9306faad7a7d2cd2f319972712b5db3a13bb1302185eb7770e6517287e29,465cc7d18be59aceec8e948759fb81dcd7659c3e4bd7ec361cca45d7d9e66a0d,fb463eb2c13582d262d8492bca2d19830dc064d2b287263e82af32085bed106b,50ad98bb99986373ed814bd379f85dd6804a959462a2230a56189b43de845d1e,747,True,0.1974999424277296,0.052826236614303974,0.13133228190984317,8.1,0,81,0,0.0453520411002849,0.016346742124850922,0.040751141946581255,0.05000870302319527,"[0.046628180891275406, 0.05338922515511513]",0.5324280858039856,0.4289529025554657,0.1034751832485199,57.49555206298828,0.6802499890327454,0.13206033408641815,12.5,0.010436221957206726,0.4375,12.5,0.010436221957206726,0.4375,0.0,5.935011292109266,apiaviz/output/mechanisms/20260929T022211.602025Z-63811
4,2,19,ardin_input,ant-4-seed-19-ardin_input.json,45dc9306faad7a7d2cd2f319972712b5db3a13bb1302185eb7770e6517287e29,465cc7d18be59aceec8e948759fb81dcd7659c3e4bd7ec361cca45d7d9e66a0d,fb463eb2c13582d262d8492bca2d19830dc064d2b287263e82af32085bed106b,463baf4fe47dbf55824613724d8068764a62726105648479981e05bdd905d348,747,False,3.502785713873286,0.240590754540941,0.9050100347440677,20.0,0,200,0,0.23613720080137074,0.18225809720167188,0.1507248392157181,0.053526606410741806,"[0.05080455169081688, 0.05624866113066673]",0.7015329599380493,0.5946189165115356,0.10691404342651367,39.31473159790039,0.46825000643730164,0.16663408279418945,13.75,0.005578331649303436,0.46875,13.75,0.005578331649303436,0.46875,0.0,18.723616583039984,apiaviz/output/mechanisms/20260929T022211.602025Z-63811
4,2,19,no_hex,ant-4-seed-19-no_hex.json,45dc9306faad7a7d2cd2f319972712b5db3a13bb1302185eb7770e6517287e29,465cc7d18be59aceec8e948759fb81dcd7659c3e4bd7ec361cca45d7d9e66a0d,fb463eb2c13582d262d8492bca2d19830dc064d2b287263e82af32085bed106b,cf0b1325fb03d666639d71e4893fe19d80cc24a542db0459f10ab4abbd019295,747,True,0.14341677356796795,0.19232911580228956,0.806752347747234,11.200000000000001,0,112,0,0.18834779683764094,0.01482720049862435,0.14026395348704024,0.05076991394162178,"[0.04816867411136627, 0.05337115004658699]",0.49906599521636963,0.39664119482040405,0.10242480039596558,60.04289245605469,0.7350000143051147,0.1268347054719925,13.75,0.008466046303510666,0.46875,13.75,0.004281334578990936,0.40625,5.25,7.548765457933769,apiaviz/output/mechanisms/20260929T022211.602025Z-63811
4,2,19,no_adapt,ant-4-seed-19-no_adapt.json,45dc9306faad7a7d2cd2f319972712b5db3a13bb1302185eb7770e6517287e29,465cc7d18be59aceec8e948759fb81dcd7659c3e4bd7ec361cca45d7d9e66a0d,fb463eb2c13582d262d8492bca2d19830dc064d2b287263e82af32085bed106b,69fa01a2b9797bdb1e73cb244819a28e776d3ff070a4ea5f500ce1841e737e0e,747,False,5.741758410906111,1.629821085374247,5.741758410906111,20.0,0,200,0,1.6267219198536864,0.10183674649740107,0.3791499747674715,0.05364608392119408,"[0.05436914414167404, 0.05292302370071411]",0.7041940689086914,0.6242235898971558,0.07997047901153564,44.89501190185547,0.4963749945163727,0.16986410319805145,30.0,-0.017817646265029907,0.4375,26.25,-0.024152662605047226,0.65625,32.5,11.012532291933894,apiaviz/output/mechanisms/20260929T022211.602025Z-63811
4,2,19,no_dog,ant-4-seed-19-no_dog.json,45dc9306faad7a7d2cd2f319972712b5db3a13bb1302185eb7770e6517287e29,465cc7d18be59aceec8e948759fb81dcd7659c3e4bd7ec361cca45d7d9e66a0d,fb463eb2c13582d262d8492bca2d19830dc064d2b287263e82af32085bed106b,50d5ba0dd6091ce97f831288c37bface3f107b36fb869fbaaf5d489b479cc76f,747,True,0.16352468719211014,0.034483842095230526,0.08952715234762611,8.200000000000001,0,82,0,0.03220447732369578,0.012711391350278966,0.024244225917502575,0.05188704654574394,"[0.05061847344040871, 0.053155623376369476]",0.5284601449966431,0.4248523414134979,0.10360780358314514,56.91215896606445,0.7493749856948853,0.13198624551296234,13.75,0.01304599642753601,0.375,13.75,0.011516407132148743,0.375,0.0,6.106080375146121,apiaviz/output/mechanisms/20260929T022211.602025Z-63811
4,2,19,apia_simple_colour,ant-4-seed-19-apia_simple_colour.json,45dc9306faad7a7d2cd2f319972712b5db3a13bb1302185eb7770e6517287e29,465cc7d18be59aceec8e948759fb81dcd7659c3e4bd7ec361cca45d7d9e66a0d,fb463eb2c13582d262d8492bca2d19830dc064d2b287263e82af32085bed106b,505efb1fe1a24ca45f1fca7f429e4861a8d597497a163bf97f4fc279a4547543,747,True,0.15687425244713415,0.04261141366623965,0.08726018679028975,8.200000000000001,0,82,0,0.03848737003228057,0.0193183302153186,0.03710037756646366,0.050346218049526215,"[0.0473032146692276, 0.05338922515511513]",0.4963391125202179,0.39222556352615356,0.10411354899406433,59.304683685302734,0.7206249833106995,0.12581941485404968,13.75,0.007243484258651733,0.4375,10.0,0.007157903164625168,0.4375,2.5,5.51845004200004,apiaviz/output/mechanisms/20260929T022211.602025Z-63811
4,2,19,sobel_apia_colour,ant-4-seed-19-sobel_apia_colour.json,45dc9306faad7a7d2cd2f319972712b5db3a13bb1302185eb7770e6517287e29,465cc7d18be59aceec8e948759fb81dcd7659c3e4bd7ec361cca45d7d9e66a0d,fb463eb2c13582d262d8492bca2d19830dc064d2b287263e82af32085bed106b,3144a69e25e388873dc1d0026f531fd912e2b2d53bd8037c1f46f806680fce0c,747,False,3.7863677077932083,1.6407636299459125,4.276012418652124,20.0,0,200,0,1.6401337819198847,0.20171789219382788,0.7716339697745647,0.04989190027117729,"[0.046628180891275406, 0.053155623376369476]",0.5937319397926331,0.48454681038856506,0.109185129404068,51.44308853149414,0.6571249961853027,0.1401444375514984,12.5,0.01069704070687294,0.375,13.75,0.013446938246488571,0.4375,6.0,13.02929429197684,apiaviz/output/mechanisms/20260929T022211.602025Z-63811
4,2,31,apiaviz,ant-4-seed-31-apiaviz.json,45dc9306faad7a7d2cd2f319972712b5db3a13bb1302185eb7770e6517287e29,465cc7d18be59aceec8e948759fb81dcd7659c3e4bd7ec361cca45d7d9e66a0d,fb463eb2c13582d262d8492bca2d19830dc064d2b287263e82af32085bed106b,48a698b2573d8a7617ddb2b79eaf926ba8b7cbda8aea2a523c6410ece55c8067,747,True,0.19234851928742372,0.28803714693178956,1.1659250238785948,9.9,0,99,0,0.28556329847325573,0.21387354296054772,0.19890447846632103,0.04978564381599426,"[0.04517737776041031, 0.05439390987157822]",0.5636900067329407,0.4539244771003723,0.10976552963256836,53.19829177856445,0.6841250061988831,0.13565382361412048,13.75,0.00608651340007782,0.40625,13.75,0.01084698736667633,0.375,1.0,7.160747500136495,apiaviz/output/mechanisms/20260929T022211.602025Z-63811
4,2,31,gray,ant-4-seed-31-gray.json,45dc9306faad7a7d2cd2f319972712b5db3a13bb1302185eb7770e6517287e29,465cc7d18be59aceec8e948759fb81dcd7659c3e4bd7ec361cca45d7d9e66a0d,fb463eb2c13582d262d8492bca2d19830dc064d2b287263e82af32085bed106b,7059515a8d1c2759c32b9a8898be793010dc17c1d564e6900a97c3848d70e0de,747,True,0.13586003295928384,0.12682415488093057,0.25573207013632715,8.6,0,86,0,0.12423892545916225,0.09836776369181362,0.14322845362670975,0.058545347303152084,"[0.05988955870270729, 0.057201139628887177]",0.6999417543411255,0.5712992548942566,0.1286424994468689,39.12364959716797,0.49424999952316284,0.1709728091955185,6.25,0.01829158514738083,0.46875,6.25,0.01829158514738083,0.46875,0.0,5.268386541865766,apiaviz/output/mechanisms/20260929T022211.602025Z-63811
4,2,31,raw_colour,ant-4-seed-31-raw_colour.json,45dc9306faad7a7d2cd2f319972712b5db3a13bb1302185eb7770e6517287e29,465cc7d18be59aceec8e948759fb81dcd7659c3e4bd7ec361cca45d7d9e66a0d,fb463eb2c13582d262d8492bca2d19830dc064d2b287263e82af32085bed106b,c3bb5499c8fe589052011d52bfd6c3f0817c6c80c7410b9a124e4db77ddcb9be,747,True,0.14172992424819195,0.11116285163744764,0.3804814560763369,9.0,0,90,0,0.10774946290795,0.0920738951121349,0.0975228724263062,0.05568356812000275,"[0.054924700409173965, 0.05644243583083153]",0.6656161546707153,0.5600029826164246,0.10561317205429077,47.03522872924805,0.5575000047683716,0.163253515958786,11.25,0.01919422298669815,0.4375,11.25,0.01919422298669815,0.4375,0.0,5.719799750018865,apiaviz/output/mechanisms/20260929T022211.602025Z-63811
4,2,31,opponent,ant-4-seed-31-opponent.json,45dc9306faad7a7d2cd2f319972712b5db3a13bb1302185eb7770e6517287e29,465cc7d18be59aceec8e948759fb81dcd7659c3e4bd7ec361cca45d7d9e66a0d,fb463eb2c13582d262d8492bca2d19830dc064d2b287263e82af32085bed106b,e3855d1407f360c8cd8a049fbc2a225880fbea86cd8ba9298128808c5fdadc2e,747,True,0.10760707639515331,0.013242947161318356,0.032437721319056326,8.200000000000001,0,82,0,0.011283536019609325,0.008847194981005967,0.011856567853248125,0.056652944535017014,"[0.05988955870270729, 0.053416330367326736]",0.6046841144561768,0.5067239999771118,0.09796011447906494,54.345096588134766,0.6336249709129333,0.15446829795837402,12.5,0.003542184829711914,0.375,12.5,0.003542184829711914,0.375,0.0,5.139692666940391,apiaviz/output/mechanisms/20260929T022211.602025Z-63811
4,2,31,sobel_colour,ant-4-seed-31-sobel_colour.json,45dc9306faad7a7d2cd2f319972712b5db3a13bb1302185eb7770e6517287e29,465cc7d18be59aceec8e948759fb81dcd7659c3e4bd7ec361cca45d7d9e66a0d,fb463eb2c13582d262d8492bca2d19830dc064d2b287263e82af32085bed106b,030ccd1995b60eacbe2fa62f1abe62f9b4a0916856063a63f7edb597d0f97d4c,747,True,0.1257128336335218,0.0636894963102358,0.13934766014998884,8.4,0,84,0,0.059553685688002365,0.04815895304644991,0.07455827749767273,0.05223929136991501,"[0.05106224864721298, 0.053416330367326736]",0.5349913835525513,0.4219321012496948,0.11305928230285645,56.4208984375,0.6957499980926514,0.13359443843364716,13.75,0.006040453910827637,0.40625,13.75,0.0059511736035346985,0.40625,0.0,5.927333124913275,apiaviz/output/mechanisms/20260929T022211.602025Z-63811
4,2,31,ardin_input,ant-4-seed-31-ardin_input.json,45dc9306faad7a7d2cd2f319972712b5db3a13bb1302185eb7770e6517287e29,465cc7d18be59aceec8e948759fb81dcd7659c3e4bd7ec361cca45d7d9e66a0d,fb463eb2c13582d262d8492bca2d19830dc064d2b287263e82af32085bed106b,3b9671ff7828267674598d0d6688c6eafa8de4ca5e6216b1fc2e53e73544983c,747,False,6.832669238188322,2.2022008939556854,5.237654181116343,20.0,0,200,0,2.201944960125004,0.918481327343311,1.9296755080122105,0.056994978338479996,"[0.05609002709388733, 0.05789993330836296]",0.692151665687561,0.5768841505050659,0.11526751518249512,39.22876739501953,0.4723750054836273,0.1697995513677597,2.5,0.017756059765815735,0.3125,2.5,0.017756059765815735,0.3125,0.0,19.04872295819223,apiaviz/output/mechanisms/20260929T022211.602025Z-63811
4,2,31,no_hex,ant-4-seed-31-no_hex.json,45dc9306faad7a7d2cd2f319972712b5db3a13bb1302185eb7770e6517287e29,465cc7d18be59aceec8e948759fb81dcd7659c3e4bd7ec361cca45d7d9e66a0d,fb463eb2c13582d262d8492bca2d19830dc064d2b287263e82af32085bed106b,bf5818147cf82a35097422a573de40e32ce7a22468c7a84fe93e25f1421d0f1e,747,True,0.17260058208285095,0.03385458939238714,0.08342228848684574,8.200000000000001,0,82,0,0.029780337010436576,0.034416332381449435,0.023329379216884147,0.04960859939455986,"[0.04564056172966957, 0.05357664078474045]",0.5040777921676636,0.4028797149658203,0.10119807720184326,59.70972442626953,0.718874990940094,0.12687698006629944,15.0,0.004426196217536926,0.5,15.0,0.0030527450144290924,0.46875,3.5,6.107915417058393,apiaviz/output/mechanisms/20260929T022211.602025Z-63811
4,2,31,no_adapt,ant-4-seed-31-no_adapt.json,45dc9306faad7a7d2cd2f319972712b5db3a13bb1302185eb7770e6517287e29,465cc7d18be59aceec8e948759fb81dcd7659c3e4bd7ec361cca45d7d9e66a0d,fb463eb2c13582d262d8492bca2d19830dc064d2b287263e82af32085bed106b,5fef43ae86c8f2bf38af74c005952824ccd1972df3bb8d9a15db6e57fcfb304a,747,False,0.9722613660543898,0.4729693158400367,1.1878050704948706,20.0,0,200,0,0.47131763335103327,0.21764351532419823,0.37663325793018443,0.053103748708963394,"[0.05228748172521591, 0.05392001196742058]",0.7116773724555969,0.6344830989837646,0.07719427347183228,44.69544219970703,0.49674999713897705,0.16982288658618927,10.0,0.01304546743631363,0.40625,37.5,-0.0340002067387104,0.625,29.0,11.089632417075336,apiaviz/output/mechanisms/20260929T022211.602025Z-63811
4,2,31,no_dog,ant-4-seed-31-no_dog.json,45dc9306faad7a7d2cd2f319972712b5db3a13bb1302185eb7770e6517287e29,465cc7d18be59aceec8e948759fb81dcd7659c3e4bd7ec361cca45d7d9e66a0d,fb463eb2c13582d262d8492bca2d19830dc064d2b287263e82af32085bed106b,75a6bc509d265ec2cfd5055ed1eb04c64f170fd4be9554469eb6d866e0162cf5,747,True,0.12594746078901867,0.1580101044142368,0.9824627913940146,10.3,0,103,0,0.15091811310870773,0.23663103807503197,0.035870372919796854,0.05152493342757225,"[0.048655956983566284, 0.05439390987157822]",0.5302238464355469,0.42458105087280273,0.10564279556274414,55.69560241699219,0.7372499704360962,0.13284234702587128,6.25,0.01726211979985237,0.4375,8.75,0.017950519919395447,0.40625,2.75,7.283740124898031,apiaviz/output/mechanisms/20260929T022211.602025Z-63811
4,2,31,apia_simple_colour,ant-4-seed-31-apia_simple_colour.json,45dc9306faad7a7d2cd2f319972712b5db3a13bb1302185eb7770e6517287e29,465cc7d18be59aceec8e948759fb81dcd7659c3e4bd7ec361cca45d7d9e66a0d,fb463eb2c13582d262d8492bca2d19830dc064d2b287263e82af32085bed106b,b8a8454fa98744eb0e98b9e521ea3fc537edb76966acd17d1393d0f1a9441920,747,True,0.19320200473577728,0.19115904607282358,0.7461026367810043,12.600000000000001,0,126,0,0.18796536690431165,0.10060434492941382,0.11172620039632439,0.04929685592651367,"[0.04517737776041031, 0.053416330367326736]",0.5059280395507812,0.39709553122520447,0.10883250832557678,58.56309127807617,0.7080000042915344,0.12595656514167786,13.75,0.004726555198431015,0.40625,13.75,0.007056698203086853,0.4375,1.5,8.002012375043705,apiaviz/output/mechanisms/20260929T022211.602025Z-63811
4,2,31,sobel_apia_colour,ant-4-seed-31-sobel_apia_colour.json,45dc9306faad7a7d2cd2f319972712b5db3a13bb1302185eb7770e6517287e29,465cc7d18be59aceec8e948759fb81dcd7659c3e4bd7ec361cca45d7d9e66a0d,fb463eb2c13582d262d8492bca2d19830dc064d2b287263e82af32085bed106b,ed24adf4947c1e54842d2adf516c4d0b4a238720c6cc9e8baa46c1afa6f3d5cd,747,False,5.164696143265472,1.5802195219085464,4.478336590945041,20.0,0,200,0,1.5789520405930433,0.2279702318615325,0.7572799636770793,0.0527280792593956,"[0.05106224864721298, 0.05439390987157822]",0.5886920690536499,0.4748970568180084,0.11379501223564148,51.11882400512695,0.671875,0.14276379346847534,12.5,0.010342966765165329,0.4375,12.5,0.010976284742355347,0.4375,3.0,12.57385979196988,apiaviz/output/mechanisms/20260929T022211.602025Z-63811
4,2,43,apiaviz,ant-4-seed-43-apiaviz.json,45dc9306faad7a7d2cd2f319972712b5db3a13bb1302185eb7770e6517287e29,465cc7d18be59aceec8e948759fb81dcd7659c3e4bd7ec361cca45d7d9e66a0d,fb463eb2c13582d262d8492bca2d19830dc064d2b287263e82af32085bed106b,7e54bceebf3d51927f703cac63a7df2f73ee768bc4e6c8b325cbf6519d38e759,747,True,0.1636996730731677,0.0675603539983224,0.14309594465778977,8.3,0,83,0,0.06119843198002324,0.036835706899944504,0.08190690382862392,0.04857446625828743,"[0.04454685375094414, 0.052602075040340424]",0.5676918029785156,0.4557548463344574,0.11193695664405823,52.797908782958984,0.6815000176429749,0.13365580141544342,11.25,0.03545795753598213,0.34375,8.75,0.02852247655391693,0.375,3.5,6.2845949169714,apiaviz/output/mechanisms/20260929T022211.602025Z-63811
4,2,43,gray,ant-4-seed-43-gray.json,45dc9306faad7a7d2cd2f319972712b5db3a13bb1302185eb7770e6517287e29,465cc7d18be59aceec8e948759fb81dcd7659c3e4bd7ec361cca45d7d9e66a0d,fb463eb2c13582d262d8492bca2d19830dc064d2b287263e82af32085bed106b,98f7dc0d35db683e21d0b0c9602e89c6efc108773d531b4ed9732b0e0a5451e7,747,True,0.10836299646187457,0.07415640220816049,0.4317488604903178,10.200000000000001,0,102,0,0.06730317637259706,0.07969449808984268,0.05461110789051916,0.05775870010256767,"[0.057199131697416306, 0.05831827223300934]",0.7031936645507812,0.5704870223999023,0.1327066421508789,38.48849105834961,0.4937500059604645,0.17051023244857788,11.25,0.011836618185043335,0.375,11.25,0.011836618185043335,0.375,0.0,5.974340958055109,apiaviz/output/mechanisms/20260929T022211.602025Z-63811
4,2,43,raw_colour,ant-4-seed-43-raw_colour.json,45dc9306faad7a7d2cd2f319972712b5db3a13bb1302185eb7770e6517287e29,465cc7d18be59aceec8e948759fb81dcd7659c3e4bd7ec361cca45d7d9e66a0d,fb463eb2c13582d262d8492bca2d19830dc064d2b287263e82af32085bed106b,7831d5d8a9e39a2e786830fafb59c0eeaba506927d3273aa857ad35682d4809f,747,True,0.1756226471805717,0.07015336265280456,0.17669664751501726,8.4,0,84,0,0.06525743749327233,0.05564030027288064,0.07104774127446314,0.055497825145721436,"[0.05508199334144592, 0.05591365322470665]",0.6610678434371948,0.5569138526916504,0.10415399074554443,46.44680404663086,0.5638750195503235,0.16246135532855988,3.75,0.022521965205669403,0.40625,3.75,0.022521965205669403,0.40625,0.0,5.17375333304517,apiaviz/output/mechanisms/20260929T022211.602025Z-63811
4,2,43,opponent,ant-4-seed-43-opponent.json,45dc9306faad7a7d2cd2f319972712b5db3a13bb1302185eb7770e6517287e29,465cc7d18be59aceec8e948759fb81dcd7659c3e4bd7ec361cca45d7d9e66a0d,fb463eb2c13582d262d8492bca2d19830dc064d2b287263e82af32085bed106b,99aee76008723370756b0bf68828891da3c3351a27db0b1757e834298e40e762,747,True,0.18225970085066082,0.06953401410302626,0.1751063642329686,8.200000000000001,0,82,0,0.06531306132513114,0.02359382035542731,0.04347238218796767,0.05540277808904648,"[0.057199131697416306, 0.05360642448067665]",0.6063714027404785,0.5112016797065735,0.09516972303390503,54.45471954345703,0.6232500076293945,0.1543624848127365,12.5,0.005535461008548737,0.375,12.5,0.005535461008548737,0.375,0.0,5.177407708019018,apiaviz/output/mechanisms/20260929T022211.602025Z-63811
4,2,43,sobel_colour,ant-4-seed-43-sobel_colour.json,45dc9306faad7a7d2cd2f319972712b5db3a13bb1302185eb7770e6517287e29,465cc7d18be59aceec8e948759fb81dcd7659c3e4bd7ec361cca45d7d9e66a0d,fb463eb2c13582d262d8492bca2d19830dc064d2b287263e82af32085bed106b,d1f8cfca16a0b82a4b169b0283581c890b2e283adbb684e512d87fd8a003800f,747,True,0.1747649749118638,0.199215903456137,1.076564770575637,11.3,0,113,0,0.19236621756231384,0.15101501758737468,0.0491685315888848,0.05159521475434303,"[0.049584001302719116, 0.05360642448067665]",0.5341045260429382,0.41926807165145874,0.11483645439147949,56.000221252441406,0.6887500286102295,0.1329643279314041,12.5,0.021055806428194046,0.28125,12.5,0.021055806428194046,0.28125,0.0,7.18518308410421,apiaviz/output/mechanisms/20260929T022211.602025Z-63811
4,2,43,ardin_input,ant-4-seed-43-ardin_input.json,45dc9306faad7a7d2cd2f319972712b5db3a13bb1302185eb7770e6517287e29,465cc7d18be59aceec8e948759fb81dcd7659c3e4bd7ec361cca45d7d9e66a0d,fb463eb2c13582d262d8492bca2d19830dc064d2b287263e82af32085bed106b,7c43b3870050169b30d3dacffec49f972d872040d86cd76cda644160e5d88635,747,True,0.1549294392261374,0.16492325514910605,0.7876386848798667,9.5,0,95,0,0.16316915904112275,0.047513986547469134,0.04601226271967167,0.05663637816905975,"[0.05643607676029205, 0.056836679577827454]",0.6931992173194885,0.5780155062675476,0.11518371105194092,40.48558807373047,0.47337499260902405,0.16873402893543243,5.0,0.022924408316612244,0.34375,5.0,0.022924408316612244,0.34375,0.25,11.483489000005648,apiaviz/output/mechanisms/20260929T022211.602025Z-63811
4,2,43,no_hex,ant-4-seed-43-no_hex.json,45dc9306faad7a7d2cd2f319972712b5db3a13bb1302185eb7770e6517287e29,465cc7d18be59aceec8e948759fb81dcd7659c3e4bd7ec361cca45d7d9e66a0d,fb463eb2c13582d262d8492bca2d19830dc064d2b287263e82af32085bed106b,154be94cbc6409cc2d60750ad9f9281eec1adcfb32c48aeebb59b201a9af01a4,747,True,0.13970403144277183,0.021282209649918893,0.13233435966122709,8.3,0,83,0,0.01925087756171403,0.008847194981005967,0.014514789109180491,0.04963119328022003,"[0.045705489814281464, 0.0535568930208683]",0.5124824047088623,0.4060305953025818,0.10645180940628052,58.22886276245117,0.7233750224113464,0.12732712924480438,12.5,0.013727474957704544,0.4375,16.25,0.014307856559753418,0.4375,8.5,6.3030734159983695,apiaviz/output/mechanisms/20260929T022211.602025Z-63811
4,2,43,no_adapt,ant-4-seed-43-no_adapt.json,45dc9306faad7a7d2cd2f319972712b5db3a13bb1302185eb7770e6517287e29,465cc7d18be59aceec8e948759fb81dcd7659c3e4bd7ec361cca45d7d9e66a0d,fb463eb2c13582d262d8492bca2d19830dc064d2b287263e82af32085bed106b,8f7338a9c38fc54a4687f8024916d4090c0dc91350e2855eae627676d7586eaa,747,True,0.13401572458591882,0.14636300241139727,0.5622726760853478,11.3,0,113,0,0.14338674947063199,0.2250334066796965,0.08313603881405532,0.04996837303042412,"[0.048152945935726166, 0.05178380012512207]",0.7036240696907043,0.6299942135810852,0.07362985610961914,44.67448425292969,0.49024999141693115,0.1636970192193985,16.25,-0.004261597990989685,0.5,27.5,-0.016881685703992844,0.5625,21.5,7.00853474996984,apiaviz/output/mechanisms/20260929T022211.602025Z-63811
4,2,43,no_dog,ant-4-seed-43-no_dog.json,45dc9306faad7a7d2cd2f319972712b5db3a13bb1302185eb7770e6517287e29,465cc7d18be59aceec8e948759fb81dcd7659c3e4bd7ec361cca45d7d9e66a0d,fb463eb2c13582d262d8492bca2d19830dc064d2b287263e82af32085bed106b,8833e93d67227598d5475d0e50bc22fe4f03ba9e5bba3626f71f659b875812bf,747,False,7.2677144739481525,2.4195273335718244,7.2677144739481525,20.0,0,200,0,2.418046111564629,0.06681458754814493,1.368832772961897,0.051186077296733856,"[0.04977007955312729, 0.052602075040340424]",0.5337352156639099,0.42736387252807617,0.10637134313583374,55.89872741699219,0.7383750081062317,0.13180097937583923,11.25,0.024549510329961777,0.40625,11.25,0.019597813487052917,0.40625,2.75,11.497857958078384,apiaviz/output/mechanisms/20260929T022211.602025Z-63811
4,2,43,apia_simple_colour,ant-4-seed-43-apia_simple_colour.json,45dc9306faad7a7d2cd2f319972712b5db3a13bb1302185eb7770e6517287e29,465cc7d18be59aceec8e948759fb81dcd7659c3e4bd7ec361cca45d7d9e66a0d,fb463eb2c13582d262d8492bca2d19830dc064d2b287263e82af32085bed106b,e63f9d6e10656e88496d01e2432f9605e84f56a122ec670141357636822b3b80,747,True,0.14743573203701246,0.016199661793221316,0.0695953762058826,8.200000000000001,0,82,0,0.014247281688842067,0.008847194981005967,0.013439050715759225,0.049076639115810394,"[0.04454685375094414, 0.05360642448067665]",0.511267900466919,0.39839762449264526,0.11287027597427368,57.52107620239258,0.7068750262260437,0.1258922666311264,12.5,0.01754475012421608,0.375,12.5,0.016626976430416107,0.34375,1.5,6.618614041013643,apiaviz/output/mechanisms/20260929T022211.602025Z-63811
4,2,43,sobel_apia_colour,ant-4-seed-43-sobel_apia_colour.json,45dc9306faad7a7d2cd2f319972712b5db3a13bb1302185eb7770e6517287e29,465cc7d18be59aceec8e948759fb81dcd7659c3e4bd7ec361cca45d7d9e66a0d,fb463eb2c13582d262d8492bca2d19830dc064d2b287263e82af32085bed106b,5efda207f41853edd6ca324f67251aef873c55be91e6907603ef8917a1e40caa,747,True,0.19967360748141197,0.17178245380338875,0.800250117474414,13.3,0,133,0,0.16787239031965812,0.09783395740194054,0.14219440110237566,0.05109303817152977,"[0.049584001302719116, 0.052602075040340424]",0.587955117225647,0.4736858010292053,0.11426931619644165,51.05786895751953,0.6633750200271606,0.14034618437290192,7.5,0.03389980271458626,0.28125,5.0,0.02964252606034279,0.34375,6.75,9.07075058389455,apiaviz/output/mechanisms/20260929T022211.602025Z-63811
4,2,59,apiaviz,ant-4-seed-59-apiaviz.json,45dc9306faad7a7d2cd2f319972712b5db3a13bb1302185eb7770e6517287e29,465cc7d18be59aceec8e948759fb81dcd7659c3e4bd7ec361cca45d7d9e66a0d,fb463eb2c13582d262d8492bca2d19830dc064d2b287263e82af32085bed106b,6ed36a621cfb0fa0e9c28f4f42e9d3e31d6b68b91451ff150f58c110e65f2f82,747,True,0.19367637457170236,0.3447493244172646,1.0684485793491976,15.8,0,158,0,0.34152850608635693,0.1741750732721794,0.1482090255875056,0.049482762813568115,"[0.046320948749780655, 0.052644576877355576]",0.5536180138587952,0.44310104846954346,0.11051696538925171,54.55290222167969,0.6886249780654907,0.1329289972782135,8.75,0.019301511347293854,0.3125,8.75,0.020532619208097458,0.28125,7.75,10.222728250082582,apiaviz/output/mechanisms/20260929T022211.602025Z-63811
4,2,59,gray,ant-4-seed-59-gray.json,45dc9306faad7a7d2cd2f319972712b5db3a13bb1302185eb7770e6517287e29,465cc7d18be59aceec8e948759fb81dcd7659c3e4bd7ec361cca45d7d9e66a0d,fb463eb2c13582d262d8492bca2d19830dc064d2b287263e82af32085bed106b,543a3ddfcf48410c3cbe12649056618ba119f303d78b8c8f3816cdc1fdde8ff5,747,True,0.10993686328057439,0.19303345578182915,1.0342163995650469,13.600000000000001,0,136,0,0.19061488679496655,0.1518703386136181,0.0796499289980573,0.056487951427698135,"[0.05697724223136902, 0.05599866062402725]",0.6923191547393799,0.5609356760978699,0.13138347864151,38.26228713989258,0.5026249885559082,0.16655661165714264,10.0,0.016381703317165375,0.375,10.0,0.016381703317165375,0.375,0.0,7.975305708125234,apiaviz/output/mechanisms/20260929T022211.602025Z-63811
4,2,59,raw_colour,ant-4-seed-59-raw_colour.json,45dc9306faad7a7d2cd2f319972712b5db3a13bb1302185eb7770e6517287e29,465cc7d18be59aceec8e948759fb81dcd7659c3e4bd7ec361cca45d7d9e66a0d,fb463eb2c13582d262d8492bca2d19830dc064d2b287263e82af32085bed106b,17964f4ba03df39fc24d3e3de4c757249e9a1170fb42401fb2987fa4c243f204,747,True,0.16487136211589568,0.2667110606386843,1.208542754274053,18.8,0,188,0,0.26361928217029124,0.11242088139388452,0.19167242942576654,0.05601288378238678,"[0.05562583729624748, 0.056399933993816376]",0.6678052544593811,0.5610997676849365,0.10670548677444458,46.44000244140625,0.5758749842643738,0.1641155481338501,12.5,0.01580091565847397,0.3125,12.5,0.01580091565847397,0.3125,0.0,10.86995316692628,apiaviz/output/mechanisms/20260929T022211.602025Z-63811
4,2,59,opponent,ant-4-seed-59-opponent.json,45dc9306faad7a7d2cd2f319972712b5db3a13bb1302185eb7770e6517287e29,465cc7d18be59aceec8e948759fb81dcd7659c3e4bd7ec361cca45d7d9e66a0d,fb463eb2c13582d262d8492bca2d19830dc064d2b287263e82af32085bed106b,acf363057164a4f0dee3d9b0d6d2fed6fb537409150d96ff3a239fb6f1cf9438,747,True,0.1422324035857063,0.10068703695819094,0.25612876182286054,8.6,0,86,0,0.09736420831924647,0.06613417038074489,0.0602135686898213,0.054760709404945374,"[0.05697724223136902, 0.05254417657852173]",0.5917019844055176,0.5009841322898865,0.0907178521156311,55.9145622253418,0.6396250128746033,0.15117841958999634,7.5,0.01933228224515915,0.375,7.5,0.01933228224515915,0.34375,2.25,5.668105500051752,apiaviz/output/mechanisms/20260929T022211.602025Z-63811
4,2,59,sobel_colour,ant-4-seed-59-sobel_colour.json,45dc9306faad7a7d2cd2f319972712b5db3a13bb1302185eb7770e6517287e29,465cc7d18be59aceec8e948759fb81dcd7659c3e4bd7ec361cca45d7d9e66a0d,fb463eb2c13582d262d8492bca2d19830dc064d2b287263e82af32085bed106b,a3dd5b3048959c53aaad4fb2e7f1a931f7888b0ac8fc8fba381377f117351d55,747,True,0.17356845852195638,0.26271928577162657,0.9611060526220833,12.700000000000001,0,127,0,0.2595635896189474,0.24316133567610934,0.0818390452573967,0.05008048936724663,"[0.04761680215597153, 0.05254417657852173]",0.5235425233840942,0.41433531045913696,0.10920721292495728,57.38352584838867,0.6948750019073486,0.130001038312912,13.75,0.02375563606619835,0.4375,13.75,0.02375563606619835,0.4375,0.0,7.31879495899193,apiaviz/output/mechanisms/20260929T022211.602025Z-63811
4,2,59,ardin_input,ant-4-seed-59-ardin_input.json,45dc9306faad7a7d2cd2f319972712b5db3a13bb1302185eb7770e6517287e29,465cc7d18be59aceec8e948759fb81dcd7659c3e4bd7ec361cca45d7d9e66a0d,fb463eb2c13582d262d8492bca2d19830dc064d2b287263e82af32085bed106b,1e7c52e7bfbcd6f03a433e94762af25e4088e21140b1c927e5d02c6b214a86e9,747,False,2.2451116998945735,0.366776365377774,1.3380716928754404,20.0,0,200,0,0.36505596114201994,0.20297730364916908,0.24078320786405316,0.05546887591481209,"[0.054362449795007706, 0.05657530203461647]",0.7059342265129089,0.5912349820137024,0.11469924449920654,39.10383987426758,0.4673750102519989,0.1694078892469406,12.5,0.008396849036216736,0.375,15.0,0.008231565356254578,0.375,0.5,18.473787083057687,apiaviz/output/mechanisms/20260929T022211.602025Z-63811
4,2,59,no_hex,ant-4-seed-59-no_hex.json,45dc9306faad7a7d2cd2f319972712b5db3a13bb1302185eb7770e6517287e29,465cc7d18be59aceec8e948759fb81dcd7659c3e4bd7ec361cca45d7d9e66a0d,fb463eb2c13582d262d8492bca2d19830dc064d2b287263e82af32085bed106b,f78644ab3c54314a20b301fb44fad918597b593603e5424965e1fffd413d3645,747,False,5.60341621676331,2.158668434526757,4.369009730056501,20.0,0,200,0,2.1575567865176013,0.13774841935119786,2.0119890265804004,0.0497853085398674,"[0.04684906452894211, 0.052721552550792694]",0.4905737042427063,0.38921406865119934,0.10135963559150696,60.164329528808594,0.7275000214576721,0.12486185133457184,15.0,0.02004994824528694,0.375,15.0,0.01759061962366104,0.34375,1.75,11.621995332883671,apiaviz/output/mechanisms/20260929T022211.602025Z-63811
4,2,59,no_adapt,ant-4-seed-59-no_adapt.json,45dc9306faad7a7d2cd2f319972712b5db3a13bb1302185eb7770e6517287e29,465cc7d18be59aceec8e948759fb81dcd7659c3e4bd7ec361cca45d7d9e66a0d,fb463eb2c13582d262d8492bca2d19830dc064d2b287263e82af32085bed106b,b750432cdd3418d9e65759691138b1d9700e7f93140b3b2dd0c7ec78d7cc9d12,747,True,0.18759014329269533,0.07664167870121119,0.33924105810635713,9.9,0,99,0,0.07398330247032903,0.09369538898032997,0.058405931323991495,0.05351221561431885,"[0.05475468561053276, 0.052269745618104935]",0.7101203203201294,0.6167994737625122,0.09332084655761719,43.56162643432617,0.5070000290870667,0.1679679900407791,13.75,0.011450044810771942,0.34375,20.0,-0.0215030275285244,0.46875,23.25,6.5417917089071125,apiaviz/output/mechanisms/20260929T022211.602025Z-63811
4,2,59,no_dog,ant-4-seed-59-no_dog.json,45dc9306faad7a7d2cd2f319972712b5db3a13bb1302185eb7770e6517287e29,465cc7d18be59aceec8e948759fb81dcd7659c3e4bd7ec361cca45d7d9e66a0d,fb463eb2c13582d262d8492bca2d19830dc064d2b287263e82af32085bed106b,1d99e1d30ed11a58566272e524a426eea06ae9d6bb29ab4888005c7b9de2aba9,747,True,0.11723225580506128,0.03416393026455519,0.08705829425265693,8.3,0,83,0,0.029152960870554336,0.020385998170224504,0.031964934795900596,0.051189422607421875,"[0.04973427206277847, 0.052644576877355576]",0.5300063490867615,0.42300406098365784,0.10700228810310364,56.85369873046875,0.7392500042915344,0.1313866227865219,3.75,0.024695131927728653,0.4375,6.25,0.022534508258104324,0.4375,1.25,5.781213958049193,apiaviz/output/mechanisms/20260929T022211.602025Z-63811
4,2,59,apia_simple_colour,ant-4-seed-59-apia_simple_colour.json,45dc9306faad7a7d2cd2f319972712b5db3a13bb1302185eb7770e6517287e29,465cc7d18be59aceec8e948759fb81dcd7659c3e4bd7ec361cca45d7d9e66a0d,fb463eb2c13582d262d8492bca2d19830dc064d2b287263e82af32085bed106b,a36bad1e9cda5076295d9a7dc60f766908636597e5e7b07db8e0f4b1117164e6,747,False,4.226352748418468,1.010376445007731,2.5690158013152553,20.0,0,200,0,1.0091349658399082,0.22150577314868258,0.6940661758487752,0.04943256452679634,"[0.046320948749780655, 0.05254417657852173]",0.4894615709781647,0.3836882412433624,0.10577332973480225,60.02310562133789,0.7158750295639038,0.12365665286779404,12.5,0.020529218018054962,0.375,12.5,0.019978303462266922,0.375,1.25,12.160508082946762,apiaviz/output/mechanisms/20260929T022211.602025Z-63811
4,2,59,sobel_apia_colour,ant-4-seed-59-sobel_apia_colour.json,45dc9306faad7a7d2cd2f319972712b5db3a13bb1302185eb7770e6517287e29,465cc7d18be59aceec8e948759fb81dcd7659c3e4bd7ec361cca45d7d9e66a0d,fb463eb2c13582d262d8492bca2d19830dc064d2b287263e82af32085bed106b,095b9a07d8c173a80dc851e9e9dbfeb4f42c11bcb52fb6d98f1f39d1c1957e0c,747,True,0.15331334834572666,0.03051273979348533,0.07286820533399031,8.200000000000001,0,82,0,0.024227465506923285,0.020385998170224504,0.030725855554309265,0.0501306876540184,"[0.04761680215597153, 0.052644576877355576]",0.5871732831001282,0.4725405275821686,0.1146327555179596,51.549617767333984,0.6676250100135803,0.1388501077890396,13.75,0.027842361479997635,0.46875,13.75,0.02717948704957962,0.4375,1.75,6.732739333063364,apiaviz/output/mechanisms/20260929T022211.602025Z-63811
4,2,71,apiaviz,ant-4-seed-71-apiaviz.json,45dc9306faad7a7d2cd2f319972712b5db3a13bb1302185eb7770e6517287e29,465cc7d18be59aceec8e948759fb81dcd7659c3e4bd7ec361cca45d7d9e66a0d,fb463eb2c13582d262d8492bca2d19830dc064d2b287263e82af32085bed106b,989716c2c0b982d73bd41256d4b45142ae181f69e22824c67f67954a23f9e87e,747,True,0.17387812836534647,0.027833103147444978,0.08601785829821712,8.200000000000001,0,82,0,0.025391277401337987,0.012711391350278966,0.023556584675017995,0.04786696657538414,"[0.04677610471844673, 0.04895783215761185]",0.5523394346237183,0.4416738450527191,0.11066558957099915,54.395877838134766,0.6804999709129333,0.1308574229478836,15.0,0.019983477890491486,0.40625,12.5,0.024116389453411102,0.375,2.75,5.9979515839368105,apiaviz/output/mechanisms/20260929T022211.602025Z-63811
4,2,71,gray,ant-4-seed-71-gray.json,45dc9306faad7a7d2cd2f319972712b5db3a13bb1302185eb7770e6517287e29,465cc7d18be59aceec8e948759fb81dcd7659c3e4bd7ec361cca45d7d9e66a0d,fb463eb2c13582d262d8492bca2d19830dc064d2b287263e82af32085bed106b,b6adb06dd3a2ac311c244581cb1d78a85f81052087b199c695e1acad396a11e2,747,True,0.18373226035509568,0.1766088645104505,0.8617212462528423,10.600000000000001,0,106,0,0.1695587915386103,0.21978136125682002,0.062183894237339256,0.05621318519115448,"[0.0567827969789505, 0.05564357340335846]",0.6827688217163086,0.5411244630813599,0.14164435863494873,38.25782012939453,0.5068749785423279,0.16385230422019958,12.5,0.030043505132198334,0.375,12.5,0.030043505132198334,0.375,0.0,6.26175183407031,apiaviz/output/mechanisms/20260929T022211.602025Z-63811
4,2,71,raw_colour,ant-4-seed-71-raw_colour.json,45dc9306faad7a7d2cd2f319972712b5db3a13bb1302185eb7770e6517287e29,465cc7d18be59aceec8e948759fb81dcd7659c3e4bd7ec361cca45d7d9e66a0d,fb463eb2c13582d262d8492bca2d19830dc064d2b287263e82af32085bed106b,1a521c762e824eb5c9b42f9ceaebc0ca6adf49b49987f5f78de9dfc36acc46b2,747,True,0.16042846304092204,0.2696461710968234,1.0926256430076027,15.5,0,155,0,0.26741934364609116,0.1530184782773126,0.12314785334360429,0.05649380758404732,"[0.05578848719596863, 0.057199131697416306]",0.6654483675956726,0.5550721287727356,0.11037623882293701,45.72267532348633,0.5738750100135803,0.16280432045459747,7.5,0.021211370825767517,0.34375,7.5,0.021211370825767517,0.34375,0.0,8.422300750156865,apiaviz/output/mechanisms/20260929T022211.602025Z-63811
4,2,71,opponent,ant-4-seed-71-opponent.json,45dc9306faad7a7d2cd2f319972712b5db3a13bb1302185eb7770e6517287e29,465cc7d18be59aceec8e948759fb81dcd7659c3e4bd7ec361cca45d7d9e66a0d,fb463eb2c13582d262d8492bca2d19830dc064d2b287263e82af32085bed106b,1b8a7e2a375bdd6ec06f0aca2b36e52176fa1072f89a91883b947059f2ddc448,747,True,0.11701717413313281,0.04152859759279293,0.10575232591944092,8.200000000000001,0,82,0,0.03478634111308231,0.014523296866535274,0.024244225917502575,0.05349849537014961,"[0.0567827969789505, 0.050214190036058426]",0.5940983891487122,0.49561697244644165,0.09848141670227051,55.793556213378906,0.628250002861023,0.1490553915500641,12.5,0.013489030301570892,0.28125,12.5,0.013489030301570892,0.28125,0.0,5.477585332933813,apiaviz/output/mechanisms/20260929T022211.602025Z-63811
4,2,71,sobel_colour,ant-4-seed-71-sobel_colour.json,45dc9306faad7a7d2cd2f319972712b5db3a13bb1302185eb7770e6517287e29,465cc7d18be59aceec8e948759fb81dcd7659c3e4bd7ec361cca45d7d9e66a0d,fb463eb2c13582d262d8492bca2d19830dc064d2b287263e82af32085bed106b,426a4772ca8f3ceb1cfe64327396f5e1bdb10485a8faaff371f6b772e642d607,747,False,0.9538540409848529,0.5615171000225053,1.6680349650153623,20.0,0,200,0,0.559719206168333,0.12703009861883457,0.5056278062986028,0.05067118629813194,"[0.05112817883491516, 0.050214190036058426]",0.5390246510505676,0.4221198856830597,0.11690476536750793,55.61426544189453,0.6837499737739563,0.13157983124256134,11.25,0.031283680349588394,0.375,11.25,0.031283680349588394,0.375,0.0,11.747951209079474,apiaviz/output/mechanisms/20260929T022211.602025Z-63811
4,2,71,ardin_input,ant-4-seed-71-ardin_input.json,45dc9306faad7a7d2cd2f319972712b5db3a13bb1302185eb7770e6517287e29,465cc7d18be59aceec8e948759fb81dcd7659c3e4bd7ec361cca45d7d9e66a0d,fb463eb2c13582d262d8492bca2d19830dc064d2b287263e82af32085bed106b,a580a3662f85df21e245bdc19c64f999fce6a78ecfb5c9899bd97bb56de3b5c8,747,True,0.14050598748520077,0.3326699341841889,1.2933774730991292,14.5,0,145,0,0.3294463760247594,0.12917243030842443,0.178960262507454,0.05545130372047424,"[0.05667402967810631, 0.05422858148813248]",0.6872454285621643,0.5735852718353271,0.11366015672683716,39.098655700683594,0.4701249897480011,0.1665753722190857,13.75,0.012449018657207489,0.34375,13.75,0.012449018657207489,0.34375,0.0,15.316673416877165,apiaviz/output/mechanisms/20260929T022211.602025Z-63811
4,2,71,no_hex,ant-4-seed-71-no_hex.json,45dc9306faad7a7d2cd2f319972712b5db3a13bb1302185eb7770e6517287e29,465cc7d18be59aceec8e948759fb81dcd7659c3e4bd7ec361cca45d7d9e66a0d,fb463eb2c13582d262d8492bca2d19830dc064d2b287263e82af32085bed106b,71466f845ed5df89ae01de3d7194dfca318700ffa962219d6477bf3afe3caea3,747,False,5.309461050786611,1.3158594398280115,4.934930018442149,20.0,0,200,0,1.31467181075065,0.1989266321948825,0.8349038403927611,0.049032796174287796,"[0.0481070950627327, 0.049958501011133194]",0.4977863132953644,0.3930656909942627,0.10472062230110168,60.00320816040039,0.7216249704360962,0.12438522279262543,15.0,0.020131070166826248,0.34375,12.5,0.021072689443826675,0.34375,2.25,11.937848499976099,apiaviz/output/mechanisms/20260929T022211.602025Z-63811
4,2,71,no_adapt,ant-4-seed-71-no_adapt.json,45dc9306faad7a7d2cd2f319972712b5db3a13bb1302185eb7770e6517287e29,465cc7d18be59aceec8e948759fb81dcd7659c3e4bd7ec361cca45d7d9e66a0d,fb463eb2c13582d262d8492bca2d19830dc064d2b287263e82af32085bed106b,6f15bd60129640117eefdd8ff223a7c0db8cebcca2093971ff956d2e7b8c6c24,747,True,0.19477386469565391,0.05629111563763739,0.1276126200222854,8.3,0,83,0,0.05263496794308404,0.042068256010561515,0.051595816851597205,0.04995531961321831,"[0.05128380283713341, 0.048626840114593506]",0.7142854332923889,0.6400294899940491,0.07425594329833984,45.261375427246094,0.4946250021457672,0.16557279229164124,15.0,-0.000365234911441803,0.375,23.75,-0.026373781263828278,0.59375,27.0,5.6701740839052945,apiaviz/output/mechanisms/20260929T022211.602025Z-63811
4,2,71,no_dog,ant-4-seed-71-no_dog.json,45dc9306faad7a7d2cd2f319972712b5db3a13bb1302185eb7770e6517287e29,465cc7d18be59aceec8e948759fb81dcd7659c3e4bd7ec361cca45d7d9e66a0d,fb463eb2c13582d262d8492bca2d19830dc064d2b287263e82af32085bed106b,dd15dee5fe0f02d5c2682d71807d9013d967670bbadd60f4595ec06de65a9bed,747,True,0.196161709229302,0.03889309237581429,0.10739752225220893,8.200000000000001,0,82,0,0.03663336242205334,0.01476897679414549,0.024244225917502575,0.04947155341506004,"[0.04998527467250824, 0.04895783215761185]",0.5221527814865112,0.4160040616989136,0.10614871978759766,56.545841217041016,0.7277500033378601,0.12816210091114044,13.75,0.01739375665783882,0.4375,13.75,0.024036530405282974,0.4375,2.5,5.771119833923876,apiaviz/output/mechanisms/20260929T022211.602025Z-63811
4,2,71,apia_simple_colour,ant-4-seed-71-apia_simple_colour.json,45dc9306faad7a7d2cd2f319972712b5db3a13bb1302185eb7770e6517287e29,465cc7d18be59aceec8e948759fb81dcd7659c3e4bd7ec361cca45d7d9e66a0d,fb463eb2c13582d262d8492bca2d19830dc064d2b287263e82af32085bed106b,2328f49bee9faeaa418b3cf4265de039de322b644690eff51b97287e9d19cc04,747,True,0.14003487650361213,0.14891866139329704,0.6573995820523244,9.9,0,99,0,0.14607995397853143,0.06708495460102686,0.16678587867209904,0.04849514737725258,"[0.04677610471844673, 0.050214190036058426]",0.5025873780250549,0.39280200004577637,0.10978537797927856,58.86049270629883,0.7081249952316284,0.1239108219742775,13.75,0.02475311979651451,0.375,15.0,0.025191616266965866,0.40625,2.0,7.013006249908358,apiaviz/output/mechanisms/20260929T022211.602025Z-63811
4,2,71,sobel_apia_colour,ant-4-seed-71-sobel_apia_colour.json,45dc9306faad7a7d2cd2f319972712b5db3a13bb1302185eb7770e6517287e29,465cc7d18be59aceec8e948759fb81dcd7659c3e4bd7ec361cca45d7d9e66a0d,fb463eb2c13582d262d8492bca2d19830dc064d2b287263e82af32085bed106b,98cc2b7b1b126034889d19836ed4478c4f2c1dfe5b0d902f1bbd9a4984598b36,747,True,0.12058215055484522,0.05356612808390553,0.13452369345155823,8.200000000000001,0,82,0,0.047449949756357516,0.020851314731543547,0.05980774535783106,0.050043005496263504,"[0.05112817883491516, 0.04895783215761185]",0.586712658405304,0.4694177508354187,0.11729490756988525,50.954315185546875,0.656125009059906,0.13815122842788696,12.5,0.024775035679340363,0.40625,12.5,0.025649644434452057,0.375,1.25,6.300105083035305,apiaviz/output/mechanisms/20260929T022211.602025Z-63811
6,2,19,apiaviz,ant-6-seed-19-apiaviz.json,f0de44039af72d25ab984a5d9faeb4f16e1e2fba326cad353a39f89872c3996a,c311079132b744c01b1643712eb2dc77abd72777260b781b7e38e7032fc6fb3e,3420311359838e12a998e6a224c504d5097f42bea65c0cc94b23019a9d9f62ed,a8af8d93562ff00700f673d60a8b09ef3a0a88a75c203d9ba88048565506b2a9,729,False,7.89003308093235,2.616404833861672,7.89003308093235,20.0,0,200,0,2.614431613791826,0.023640787813450075,1.4192231210826134,0.05009722337126732,"[0.04737482964992523, 0.052819617092609406]",0.5400687456130981,0.42901888489723206,0.11104986071586609,51.8077507019043,0.7226250171661377,0.13561850786209106,12.5,0.02885632961988449,0.28125,12.5,0.02754984050989151,0.3125,2.0,11.334596124943346,apiaviz/output/mechanisms/20260929T022211.602025Z-63811
6,2,19,gray,ant-6-seed-19-gray.json,f0de44039af72d25ab984a5d9faeb4f16e1e2fba326cad353a39f89872c3996a,c311079132b744c01b1643712eb2dc77abd72777260b781b7e38e7032fc6fb3e,3420311359838e12a998e6a224c504d5097f42bea65c0cc94b23019a9d9f62ed,bccca238b95a829fabc5d173b059c1f83a34d4f6afeb5545d89fa6c48576d269,729,False,5.21035943029273,1.3538219074995341,5.21035943029273,20.0,0,200,0,1.3514810972039524,0.06403409749394719,0.7513075771439329,0.05709533765912056,"[0.058410149067640305, 0.055780522525310516]",0.6504125595092773,0.5454590916633606,0.10495346784591675,41.79016876220703,0.546875,0.16568250954151154,10.0,0.021560706198215485,0.375,10.0,0.021560706198215485,0.375,0.0,10.769984042039141,apiaviz/output/mechanisms/20260929T022211.602025Z-63811
6,2,19,raw_colour,ant-6-seed-19-raw_colour.json,f0de44039af72d25ab984a5d9faeb4f16e1e2fba326cad353a39f89872c3996a,c311079132b744c01b1643712eb2dc77abd72777260b781b7e38e7032fc6fb3e,3420311359838e12a998e6a224c504d5097f42bea65c0cc94b23019a9d9f62ed,885d7eebe5e48e676b523f03d6c880b472b1bc79987c62b7eed4dab214013acf,729,True,0.1902120093176283,0.22534175158695194,1.236430634750311,12.8,0,128,0,0.22277280795797658,0.04504170587613337,0.1222956815213296,0.0550365224480629,"[0.05581824481487274, 0.05425480008125305]",0.6232929229736328,0.5260198712348938,0.09727305173873901,48.5022087097168,0.6122499704360962,0.1594325751066208,8.75,0.027778945863246918,0.40625,8.75,0.027778945863246918,0.40625,0.0,7.532686291960999,apiaviz/output/mechanisms/20260929T022211.602025Z-63811
6,2,19,opponent,ant-6-seed-19-opponent.json,f0de44039af72d25ab984a5d9faeb4f16e1e2fba326cad353a39f89872c3996a,c311079132b744c01b1643712eb2dc77abd72777260b781b7e38e7032fc6fb3e,3420311359838e12a998e6a224c504d5097f42bea65c0cc94b23019a9d9f62ed,c3462f07aeaeb3eada27b498f44e8e0283378216a1f99ded83a16d56d6065797,729,False,2.8125752517450344,1.1502751407810308,2.8125752517450344,20.0,0,200,0,1.1480479285815153,0.026107419267088282,1.2511869223018828,0.05552606284618378,"[0.058410149067640305, 0.05264197662472725]",0.5809524655342102,0.4871746897697449,0.09377777576446533,51.308223724365234,0.6704999804496765,0.15356360375881195,12.5,0.009593449532985687,0.4375,12.5,0.009702257812023163,0.4375,0.0,10.266910042148083,apiaviz/output/mechanisms/20260929T022211.602025Z-63811
6,2,19,sobel_colour,ant-6-seed-19-sobel_colour.json,f0de44039af72d25ab984a5d9faeb4f16e1e2fba326cad353a39f89872c3996a,c311079132b744c01b1643712eb2dc77abd72777260b781b7e38e7032fc6fb3e,3420311359838e12a998e6a224c504d5097f42bea65c0cc94b23019a9d9f62ed,bcb9dc2f7092dff71eaa54bb7aab0e5685013c0aa4aae1e2f912b94a0eb25b62,729,False,3.3155713324958396,1.1060074140513323,3.3155713324958396,20.0,0,200,0,1.1051324152726458,0.006628087341004227,1.4156960318957936,0.04961865395307541,"[0.04659533500671387, 0.05264197662472725]",0.5225650072097778,0.40512391924858093,0.1174410879611969,53.835628509521484,0.7095000147819519,0.13198526203632355,12.5,0.018772922456264496,0.34375,12.5,0.018890880048274994,0.34375,0.0,11.219910041894764,apiaviz/output/mechanisms/20260929T022211.602025Z-63811
6,2,19,ardin_input,ant-6-seed-19-ardin_input.json,f0de44039af72d25ab984a5d9faeb4f16e1e2fba326cad353a39f89872c3996a,c311079132b744c01b1643712eb2dc77abd72777260b781b7e38e7032fc6fb3e,3420311359838e12a998e6a224c504d5097f42bea65c0cc94b23019a9d9f62ed,9bf1088442069424723f2ec7c2dd8b4109ebbc67f1d5fa31f4b8131393a8a392,729,False,1.7654765758415478,0.7870349103363489,1.5982231596750232,20.0,0,200,0,0.7863205383010206,0.2270601564359511,0.858094657109652,0.053654320538043976,"[0.05049211159348488, 0.05681652948260307]",0.6647218465805054,0.5739151239395142,0.09080672264099121,43.07201385498047,0.5258749723434448,0.1644544154405594,16.25,0.020706675946712494,0.34375,16.25,0.020706675946712494,0.34375,0.0,18.393594291061163,apiaviz/output/mechanisms/20260929T022211.602025Z-63811
6,2,19,no_hex,ant-6-seed-19-no_hex.json,f0de44039af72d25ab984a5d9faeb4f16e1e2fba326cad353a39f89872c3996a,c311079132b744c01b1643712eb2dc77abd72777260b781b7e38e7032fc6fb3e,3420311359838e12a998e6a224c504d5097f42bea65c0cc94b23019a9d9f62ed,dfb133b7fe7b50188004b5dcbefe8303402b295c358af83f68797573c20d694f,729,False,3.1216173853931437,0.7851578275784443,3.1216173853931437,20.0,0,200,0,0.7835920457495286,0.019963721408789423,0.4464254080500941,0.050706274807453156,"[0.04843244329094887, 0.05298011004924774]",0.4906381070613861,0.37945693731307983,0.11118116974830627,56.98038101196289,0.7637500166893005,0.12764182686805725,12.5,0.02797200158238411,0.34375,11.25,0.02993740886449814,0.3125,5.0,11.901254915865138,apiaviz/output/mechanisms/20260929T022211.602025Z-63811
6,2,19,no_adapt,ant-6-seed-19-no_adapt.json,f0de44039af72d25ab984a5d9faeb4f16e1e2fba326cad353a39f89872c3996a,c311079132b744c01b1643712eb2dc77abd72777260b781b7e38e7032fc6fb3e,3420311359838e12a998e6a224c504d5097f42bea65c0cc94b23019a9d9f62ed,af82a2733f5fdf0159ec4c84d7e4833e3a8bfb1fa97c83061a88e32e95f81050,729,True,0.14490443146429158,0.07843986751641359,0.20237817918336276,8.4,0,84,0,0.07518953190956046,0.038610478633132536,0.07477636978795127,0.05316769704222679,"[0.05349656939506531, 0.05283882096409798]",0.6875786781311035,0.6007634401321411,0.0868152379989624,40.13969802856445,0.5306249856948853,0.16938626766204834,15.0,-0.004793234169483185,0.3125,21.25,-0.02520085871219635,0.5,22.75,5.566874666837975,apiaviz/output/mechanisms/20260929T022211.602025Z-63811
6,2,19,no_dog,ant-6-seed-19-no_dog.json,f0de44039af72d25ab984a5d9faeb4f16e1e2fba326cad353a39f89872c3996a,c311079132b744c01b1643712eb2dc77abd72777260b781b7e38e7032fc6fb3e,3420311359838e12a998e6a224c504d5097f42bea65c0cc94b23019a9d9f62ed,c7d6b86b04656bceda2bcafa066dde7a9eae3cd171d4a1bceca41e950ce21d0f,729,True,0.18320323039762884,0.07457651706135203,0.17621387796617008,8.200000000000001,0,82,0,0.07029002021453601,0.03082759244965619,0.062338287108682305,0.05183041840791702,"[0.05084121972322464, 0.052819617092609406]",0.5121129155158997,0.4035080373287201,0.10860487818717957,53.90340042114258,0.7746250033378601,0.1333647519350052,12.5,0.027881991118192673,0.28125,12.5,0.025656268000602722,0.28125,2.25,5.739607417024672,apiaviz/output/mechanisms/20260929T022211.602025Z-63811
6,2,19,apia_simple_colour,ant-6-seed-19-apia_simple_colour.json,f0de44039af72d25ab984a5d9faeb4f16e1e2fba326cad353a39f89872c3996a,c311079132b744c01b1643712eb2dc77abd72777260b781b7e38e7032fc6fb3e,3420311359838e12a998e6a224c504d5097f42bea65c0cc94b23019a9d9f62ed,1f38be872c7c44721dfb697cd8d454a695e2c88a515756047ea43881276d2e10,729,False,7.400858576669617,2.3871605209829783,7.400858576669617,20.0,0,200,0,2.385874501375087,0.030142246714202747,1.575010138864894,0.05000840127468109,"[0.04737482964992523, 0.05264197662472725]",0.48843497037887573,0.37429505586624146,0.11413991451263428,56.33413314819336,0.7455000281333923,0.1261349618434906,12.5,0.0392724983394146,0.375,12.5,0.03856809809803963,0.375,0.75,11.584774292074144,apiaviz/output/mechanisms/20260929T022211.602025Z-63811
6,2,19,sobel_apia_colour,ant-6-seed-19-sobel_apia_colour.json,f0de44039af72d25ab984a5d9faeb4f16e1e2fba326cad353a39f89872c3996a,c311079132b744c01b1643712eb2dc77abd72777260b781b7e38e7032fc6fb3e,3420311359838e12a998e6a224c504d5097f42bea65c0cc94b23019a9d9f62ed,bf1e6aa2f49e0bc1857b4a2765285f86314f53f95baf04ec8d08186b738f4f0d,729,False,6.913185459512039,2.113869456599711,6.913185459512039,20.0,0,200,0,2.112368934276417,0.038299443155646776,1.218260657619703,0.049707476049661636,"[0.04659533500671387, 0.052819617092609406]",0.5741389989852905,0.46052220463752747,0.11361679434776306,48.70730972290039,0.6866250038146973,0.14107632637023926,12.5,0.014792338013648987,0.25,12.5,0.012913405895233154,0.28125,1.75,12.187714332947508,apiaviz/output/mechanisms/20260929T022211.602025Z-63811
6,2,31,apiaviz,ant-6-seed-31-apiaviz.json,f0de44039af72d25ab984a5d9faeb4f16e1e2fba326cad353a39f89872c3996a,c311079132b744c01b1643712eb2dc77abd72777260b781b7e38e7032fc6fb3e,3420311359838e12a998e6a224c504d5097f42bea65c0cc94b23019a9d9f62ed,4e58c4ece35097828e36f1fa42415ae21c1502fea8b0383922af167f4074be09,729,False,2.8228135180047067,0.7532785913777111,2.8228135180047067,20.0,0,200,0,0.7514412361001115,0.09036479206273501,0.22617639022195968,0.049220334738492966,"[0.04495987668633461, 0.05348079651594162]",0.5427976846694946,0.4264615774154663,0.11633610725402832,48.84392547607422,0.7113749980926514,0.1357853263616562,11.25,0.017807021737098694,0.3125,12.5,0.01637701690196991,0.3125,2.0,11.820397790987045,apiaviz/output/mechanisms/20260929T022211.602025Z-63811
6,2,31,gray,ant-6-seed-31-gray.json,f0de44039af72d25ab984a5d9faeb4f16e1e2fba326cad353a39f89872c3996a,c311079132b744c01b1643712eb2dc77abd72777260b781b7e38e7032fc6fb3e,3420311359838e12a998e6a224c504d5097f42bea65c0cc94b23019a9d9f62ed,f4fb6518be3bee7769c967ab58b6a3a530e3771382b94b84b5f817b9689051a1,729,True,0.19298505362754217,0.02849674218108374,0.13744552132649732,8.1,0,81,0,0.02692929290799471,0.010453150023247204,0.01092903814629221,0.058086078613996506,"[0.05900274217128754, 0.057169411331415176]",0.6599102020263672,0.5520395636558533,0.10787063837051392,41.98776626586914,0.5457500219345093,0.1677958071231842,10.0,0.016932576894760132,0.3125,10.0,0.016932576894760132,0.3125,0.0,5.518961291061714,apiaviz/output/mechanisms/20260929T022211.602025Z-63811
6,2,31,raw_colour,ant-6-seed-31-raw_colour.json,f0de44039af72d25ab984a5d9faeb4f16e1e2fba326cad353a39f89872c3996a,c311079132b744c01b1643712eb2dc77abd72777260b781b7e38e7032fc6fb3e,3420311359838e12a998e6a224c504d5097f42bea65c0cc94b23019a9d9f62ed,20bc511e19155c23f0f93b11076c59db2a36ede850bf752e16f768420a1d3568,729,True,0.1781749117475153,0.03781994422919879,0.25267281033003286,8.4,0,84,0,0.036254299091782315,0.043600052393067766,0.015723519151406552,0.05575771629810333,"[0.05515603721141815, 0.05635939538478851]",0.6337807178497314,0.5401939749717712,0.0935867428779602,47.831687927246094,0.6060000061988831,0.16202378273010254,16.25,0.008540228009223938,0.34375,16.25,0.008540228009223938,0.34375,0.0,5.353212166111916,apiaviz/output/mechanisms/20260929T022211.602025Z-63811
6,2,31,opponent,ant-6-seed-31-opponent.json,f0de44039af72d25ab984a5d9faeb4f16e1e2fba326cad353a39f89872c3996a,c311079132b744c01b1643712eb2dc77abd72777260b781b7e38e7032fc6fb3e,3420311359838e12a998e6a224c504d5097f42bea65c0cc94b23019a9d9f62ed,89f6273c466623dc05939702453dab163f0b4097ebd966723aa9dbca5d08b062,729,True,0.17798239681634737,0.6356182376847116,1.7280055667243301,18.900000000000002,0,189,0,0.6331598046038299,0.04630432593273712,0.5348246802223126,0.05589420348405838,"[0.05900274217128754, 0.052785664796829224]",0.5758287310600281,0.4809085428714752,0.09492018818855286,52.76839065551758,0.668874979019165,0.15267477929592133,11.25,0.01830098032951355,0.21875,11.25,0.01830098032951355,0.21875,0.0,10.778804583009332,apiaviz/output/mechanisms/20260929T022211.602025Z-63811
6,2,31,sobel_colour,ant-6-seed-31-sobel_colour.json,f0de44039af72d25ab984a5d9faeb4f16e1e2fba326cad353a39f89872c3996a,c311079132b744c01b1643712eb2dc77abd72777260b781b7e38e7032fc6fb3e,3420311359838e12a998e6a224c504d5097f42bea65c0cc94b23019a9d9f62ed,c7e7333955a11552dceb69da928e4db64e6237139c01f2ffa3d7de99402afce2,729,False,6.465544122005027,1.735012311050707,5.9604688903366805,20.0,0,200,0,1.7331738517451145,0.03521027782126989,1.4435159211533377,0.05146364867687225,"[0.05014163255691528, 0.052785664796829224]",0.5162051916122437,0.40159115195274353,0.11461403965950012,54.18842315673828,0.71875,0.13280393183231354,13.75,0.027768507599830627,0.3125,13.75,0.02786601334810257,0.3125,0.0,11.838165333028883,apiaviz/output/mechanisms/20260929T022211.602025Z-63811
6,2,31,ardin_input,ant-6-seed-31-ardin_input.json,f0de44039af72d25ab984a5d9faeb4f16e1e2fba326cad353a39f89872c3996a,c311079132b744c01b1643712eb2dc77abd72777260b781b7e38e7032fc6fb3e,3420311359838e12a998e6a224c504d5097f42bea65c0cc94b23019a9d9f62ed,a2f623404087c879d8e68710d638fe3738011e47766e602df2e81ed176723ed7,729,False,6.458984117705082,0.47138723874697724,1.5259729438599134,20.0,0,200,0,0.4694875754400064,0.3098967536012946,0.3895466148975285,0.057089850306510925,"[0.056024350225925446, 0.058155350387096405]",0.6558690071105957,0.5599288940429688,0.09594011306762695,42.335418701171875,0.5249999761581421,0.16760912537574768,10.0,0.016630500555038452,0.34375,10.0,0.016630500555038452,0.34375,0.0,20.047357083065435,apiaviz/output/mechanisms/20260929T022211.602025Z-63811
6,2,31,no_hex,ant-6-seed-31-no_hex.json,f0de44039af72d25ab984a5d9faeb4f16e1e2fba326cad353a39f89872c3996a,c311079132b744c01b1643712eb2dc77abd72777260b781b7e38e7032fc6fb3e,3420311359838e12a998e6a224c504d5097f42bea65c0cc94b23019a9d9f62ed,0a3defdc67ec4e55d86b9d0ed1d9d0977042775106bb6bacd79c602fa196f349,729,True,0.18137940026389013,0.0541438888251756,0.16535457949374746,8.1,0,81,0,0.05031784810655938,0.0489104435339634,0.058008333735507,0.04929423704743385,"[0.045618657022714615, 0.05296982079744339]",0.4864622950553894,0.38344115018844604,0.10302114486694336,56.98855972290039,0.7437499761581421,0.12675584852695465,10.0,0.03834892436861992,0.28125,11.25,0.03490276262164116,0.28125,2.25,6.700437625171617,apiaviz/output/mechanisms/20260929T022211.602025Z-63811
6,2,31,no_adapt,ant-6-seed-31-no_adapt.json,f0de44039af72d25ab984a5d9faeb4f16e1e2fba326cad353a39f89872c3996a,c311079132b744c01b1643712eb2dc77abd72777260b781b7e38e7032fc6fb3e,3420311359838e12a998e6a224c504d5097f42bea65c0cc94b23019a9d9f62ed,4a6fdf130cd16b9aa3be06f66311d6012743dbc37fd9456540d0811f80330b46,729,False,3.721268527781855,0.5035071035356852,1.6430305556282399,20.0,0,200,0,0.4994451589489507,0.037099251869241436,0.3060439110709461,0.05294307321310043,"[0.05247427895665169, 0.05341186374425888]",0.6965607404708862,0.6081916093826294,0.08836913108825684,39.3206901550293,0.5354999899864197,0.17005710303783417,21.25,-0.0013731345534324646,0.28125,26.25,-0.0120205357670784,0.34375,16.75,12.0372547081206,apiaviz/output/mechanisms/20260929T022211.602025Z-63811
6,2,31,no_dog,ant-6-seed-31-no_dog.json,f0de44039af72d25ab984a5d9faeb4f16e1e2fba326cad353a39f89872c3996a,c311079132b744c01b1643712eb2dc77abd72777260b781b7e38e7032fc6fb3e,3420311359838e12a998e6a224c504d5097f42bea65c0cc94b23019a9d9f62ed,2eecce602d99257ccd9581822f6c1b52f2d95eba9a55756b42a56ae348f55463,729,False,3.7035074987182517,1.0092158620098717,3.7035074987182517,20.0,0,200,0,1.0075840399704727,0.21896376376807766,0.37357892875799426,0.050706103444099426,"[0.04793141409754753, 0.05348079651594162]",0.5144124031066895,0.4018206000328064,0.11259180307388306,51.23644256591797,0.7602499723434448,0.13277262449264526,22.5,0.01513420045375824,0.34375,22.5,0.01621849834918976,0.34375,4.75,12.519380540819839,apiaviz/output/mechanisms/20260929T022211.602025Z-63811
6,2,31,apia_simple_colour,ant-6-seed-31-apia_simple_colour.json,f0de44039af72d25ab984a5d9faeb4f16e1e2fba326cad353a39f89872c3996a,c311079132b744c01b1643712eb2dc77abd72777260b781b7e38e7032fc6fb3e,3420311359838e12a998e6a224c504d5097f42bea65c0cc94b23019a9d9f62ed,b753bbd1bf5e4786e57c732e4389418f013c20ecb45acc247ab7ee2da11b7cf3,729,False,6.566807294184893,1.7405173609589764,6.566807294184893,20.0,0,200,0,1.7390043727180917,0.06187162572119115,0.47978093483398376,0.048872772604227066,"[0.04495987668633461, 0.052785664796829224]",0.4850734770298004,0.37721675634384155,0.10785672068595886,56.38675308227539,0.7307500243186951,0.1255001276731491,12.5,0.03206384927034378,0.34375,12.5,0.032111212611198425,0.34375,0.0,12.575511583127081,apiaviz/output/mechanisms/20260929T022211.602025Z-63811
6,2,31,sobel_apia_colour,ant-6-seed-31-sobel_apia_colour.json,f0de44039af72d25ab984a5d9faeb4f16e1e2fba326cad353a39f89872c3996a,c311079132b744c01b1643712eb2dc77abd72777260b781b7e38e7032fc6fb3e,3420311359838e12a998e6a224c504d5097f42bea65c0cc94b23019a9d9f62ed,2a24b3f15ccf32753bc9d879cec0dbc62055ae2044df4c5d15b8ebeaa9e6496b,729,True,0.1781392765755292,0.036118586483800307,0.10115176806750392,8.0,0,80,0,0.024066680016586177,0.03367045671449203,0.032519431393728204,0.05181121453642845,"[0.05014163255691528, 0.05348079651594162]",0.5723668336868286,0.44904235005378723,0.12332448363304138,46.43778991699219,0.6993749737739563,0.14255684614181519,13.75,0.021428093314170837,0.40625,13.75,0.020256944000720978,0.3125,3.75,6.662099334178492,apiaviz/output/mechanisms/20260929T022211.602025Z-63811
6,2,43,apiaviz,ant-6-seed-43-apiaviz.json,f0de44039af72d25ab984a5d9faeb4f16e1e2fba326cad353a39f89872c3996a,c311079132b744c01b1643712eb2dc77abd72777260b781b7e38e7032fc6fb3e,3420311359838e12a998e6a224c504d5097f42bea65c0cc94b23019a9d9f62ed,3555017f00fbe3b2dd97a2c6291bb328897104ea30850c5925caafff008b6f49,729,True,0.1933296590304844,0.012804641959650247,0.041252167498969795,7.9,0,79,0,0.011920110551693572,0.009648346832929708,0.009505011641969749,0.04838443174958229,"[0.04472942277789116, 0.052039436995983124]",0.5528464317321777,0.4367322027683258,0.11611422896385193,50.45005416870117,0.7108749747276306,0.13493336737155914,11.25,0.024969063699245453,0.3125,13.75,0.009272687137126923,0.25,6.25,6.025693249888718,apiaviz/output/mechanisms/20260929T022211.602025Z-63811
6,2,43,gray,ant-6-seed-43-gray.json,f0de44039af72d25ab984a5d9faeb4f16e1e2fba326cad353a39f89872c3996a,c311079132b744c01b1643712eb2dc77abd72777260b781b7e38e7032fc6fb3e,3420311359838e12a998e6a224c504d5097f42bea65c0cc94b23019a9d9f62ed,a4aebdbdee732f3b0e77691c10ab99c5bbe21e849a58369cf45936d73631594e,729,True,0.16356950993544128,0.3620552702267011,1.5714512221514247,12.200000000000001,0,122,0,0.3608239406950822,0.006171466542161009,0.019842080914690252,0.05769753083586693,"[0.05719924718141556, 0.0581958144903183]",0.6587284207344055,0.554832935333252,0.10389548540115356,41.355533599853516,0.5526250004768372,0.16746245324611664,26.25,0.012797176837921143,0.4375,26.25,0.012797176837921143,0.4375,0.0,7.3189206251408905,apiaviz/output/mechanisms/20260929T022211.602025Z-63811
6,2,43,raw_colour,ant-6-seed-43-raw_colour.json,f0de44039af72d25ab984a5d9faeb4f16e1e2fba326cad353a39f89872c3996a,c311079132b744c01b1643712eb2dc77abd72777260b781b7e38e7032fc6fb3e,3420311359838e12a998e6a224c504d5097f42bea65c0cc94b23019a9d9f62ed,1998e6ed941e54794d6697b8a930ff20c43ff06f6fc5536465628a9cfb137780,729,True,0.18845820494246882,0.026836994368181356,0.13959635164727136,8.1,0,81,0,0.02556223826570047,0.0076251307510980144,0.01234656721455224,0.055399347096681595,"[0.05500582978129387, 0.05579286813735962]",0.6358562707901001,0.540105402469635,0.09575086832046509,46.9288215637207,0.6163750290870667,0.16076689958572388,10.0,0.023199446499347687,0.4375,10.0,0.023199446499347687,0.4375,0.0,4.959374583791941,apiaviz/output/mechanisms/20260929T022211.602025Z-63811
6,2,43,opponent,ant-6-seed-43-opponent.json,f0de44039af72d25ab984a5d9faeb4f16e1e2fba326cad353a39f89872c3996a,c311079132b744c01b1643712eb2dc77abd72777260b781b7e38e7032fc6fb3e,3420311359838e12a998e6a224c504d5097f42bea65c0cc94b23019a9d9f62ed,3393f0e3667edfd3c0dbac0e8b91a09308d6a0d9401772e6fac7eb68863da48d,729,True,0.19573810872317188,0.04643666360997503,0.15307175205381776,8.200000000000001,0,82,0,0.04197348392042285,0.009528634170113138,0.021874876712828745,0.05523405224084854,"[0.05719924718141556, 0.05326886102557182]",0.580856442451477,0.48961642384529114,0.09124001860618591,52.009559631347656,0.6706249713897705,0.15322564542293549,16.25,0.011521779000759125,0.375,16.25,0.011521779000759125,0.375,0.0,5.666802874999121,apiaviz/output/mechanisms/20260929T022211.602025Z-63811
6,2,43,sobel_colour,ant-6-seed-43-sobel_colour.json,f0de44039af72d25ab984a5d9faeb4f16e1e2fba326cad353a39f89872c3996a,c311079132b744c01b1643712eb2dc77abd72777260b781b7e38e7032fc6fb3e,3420311359838e12a998e6a224c504d5097f42bea65c0cc94b23019a9d9f62ed,f80daea312c36a8c3ec9143ed26083b5e5d90e0cd8b37774f0715f9f0d421694,729,True,0.1985425493921872,0.026745024440502033,0.06950637425670528,7.9,0,79,0,0.023047865576031144,0.033743332230241646,0.011719245527031566,0.051925238221883774,"[0.05058161914348602, 0.05326886102557182]",0.5124398469924927,0.3955705463886261,0.11686930060386658,55.18258285522461,0.7222499847412109,0.13281942903995514,10.0,0.028527382761240005,0.3125,10.0,0.028527382761240005,0.3125,0.0,5.76844295905903,apiaviz/output/mechanisms/20260929T022211.602025Z-63811
6,2,43,ardin_input,ant-6-seed-43-ardin_input.json,f0de44039af72d25ab984a5d9faeb4f16e1e2fba326cad353a39f89872c3996a,c311079132b744c01b1643712eb2dc77abd72777260b781b7e38e7032fc6fb3e,3420311359838e12a998e6a224c504d5097f42bea65c0cc94b23019a9d9f62ed,6b78c5f80943f759003fd83c6ddf67ecf2a3b8c4cb199d235b7cb6c6b88e9609,729,False,7.171789562217667,2.450002830969184,7.171789562217667,20.0,0,200,0,2.448655840104654,0.0816830563032896,1.8669266818018868,0.05640089139342308,"[0.05624828487634659, 0.05655349791049957]",0.652161180973053,0.5572814345359802,0.09487974643707275,42.18080139160156,0.5323749780654907,0.16567909717559814,15.0,0.02047322690486908,0.46875,15.0,0.02047322690486908,0.46875,0.0,19.137811291962862,apiaviz/output/mechanisms/20260929T022211.602025Z-63811
6,2,43,no_hex,ant-6-seed-43-no_hex.json,f0de44039af72d25ab984a5d9faeb4f16e1e2fba326cad353a39f89872c3996a,c311079132b744c01b1643712eb2dc77abd72777260b781b7e38e7032fc6fb3e,3420311359838e12a998e6a224c504d5097f42bea65c0cc94b23019a9d9f62ed,0bcbb2158e3bb87748e8098be6e422ffba016698bc653d9831c97b73b72e07e1,729,False,0.8351145751123462,0.3979256275116752,1.3187798355476394,20.0,0,200,0,0.3960260717938679,0.007276985555772877,0.28608787060559077,0.049367453902959824,"[0.045715708285570145, 0.0530192032456398]",0.49836301803588867,0.38881513476371765,0.10954788327217102,56.68541717529297,0.7542499899864197,0.12763255834579468,11.25,0.02919410914182663,0.28125,11.25,0.02150268852710724,0.25,6.5,12.486907749902457,apiaviz/output/mechanisms/20260929T022211.602025Z-63811
6,2,43,no_adapt,ant-6-seed-43-no_adapt.json,f0de44039af72d25ab984a5d9faeb4f16e1e2fba326cad353a39f89872c3996a,c311079132b744c01b1643712eb2dc77abd72777260b781b7e38e7032fc6fb3e,3420311359838e12a998e6a224c504d5097f42bea65c0cc94b23019a9d9f62ed,694d0b6d857e068b7462b19e04899cd6b7640957b3e30b521dbbc7d02d3c37eb,729,False,5.812729167142788,1.6656555729367843,5.866859639281195,20.0,0,200,0,1.6646657787486305,0.009248769399067049,0.9413762283815204,0.04915397986769676,"[0.046862825751304626, 0.0514451302587986]",0.6905847787857056,0.6065897941589355,0.08399498462677002,40.61506652832031,0.5289999842643738,0.1630430668592453,16.25,-0.022339187562465668,0.3125,20.0,-0.027951695024967194,0.34375,18.75,11.417272208025679,apiaviz/output/mechanisms/20260929T022211.602025Z-63811
6,2,43,no_dog,ant-6-seed-43-no_dog.json,f0de44039af72d25ab984a5d9faeb4f16e1e2fba326cad353a39f89872c3996a,c311079132b744c01b1643712eb2dc77abd72777260b781b7e38e7032fc6fb3e,3420311359838e12a998e6a224c504d5097f42bea65c0cc94b23019a9d9f62ed,906589809afb9743f713d0d71bf9e070aa20ea8cf1e212e2245ba5b47ee90bf4,729,True,0.125669502143771,0.01774405461047001,0.04485338892513409,8.0,0,80,0,0.016420165419379275,0.008952480603572305,0.015914239253511167,0.05092043802142143,"[0.04980143904685974, 0.052039436995983124]",0.5197796821594238,0.408022403717041,0.11175727844238281,52.841983795166016,0.7633749842643738,0.13301421701908112,11.25,0.02883804962038994,0.34375,12.5,0.014694098383188248,0.375,4.75,6.4552886669989675,apiaviz/output/mechanisms/20260929T022211.602025Z-63811
6,2,43,apia_simple_colour,ant-6-seed-43-apia_simple_colour.json,f0de44039af72d25ab984a5d9faeb4f16e1e2fba326cad353a39f89872c3996a,c311079132b744c01b1643712eb2dc77abd72777260b781b7e38e7032fc6fb3e,3420311359838e12a998e6a224c504d5097f42bea65c0cc94b23019a9d9f62ed,6b496b6e44a4178db07832f9857b33bafcf2340146c1309155d81c4e62e41cca,729,True,0.19459340844664874,0.025479332939579484,0.12242406193462767,8.0,0,80,0,0.01932763408157076,0.02736961747033535,0.014549554634140222,0.04899914190173149,"[0.04472942277789116, 0.05326886102557182]",0.49480199813842773,0.38359391689300537,0.11120808124542236,56.81757736206055,0.7352499961853027,0.12645865976810455,10.0,0.021462522447109222,0.25,11.25,0.02239196002483368,0.28125,0.75,6.604385334067047,apiaviz/output/mechanisms/20260929T022211.602025Z-63811
6,2,43,sobel_apia_colour,ant-6-seed-43-sobel_apia_colour.json,f0de44039af72d25ab984a5d9faeb4f16e1e2fba326cad353a39f89872c3996a,c311079132b744c01b1643712eb2dc77abd72777260b781b7e38e7032fc6fb3e,3420311359838e12a998e6a224c504d5097f42bea65c0cc94b23019a9d9f62ed,3b12901fcab8208d6d05962842da2a6b38bf51b987b4fba9b6f86b7412ef6773,729,True,0.19343077958729113,0.07165022223713528,0.20446068812270002,8.4,0,84,0,0.06465532564488102,0.020921999732339765,0.049636532275168885,0.05131052806973457,"[0.05058161914348602, 0.052039436995983124]",0.5674355626106262,0.4459826946258545,0.12145286798477173,48.76133728027344,0.6978750228881836,0.14092488586902618,13.75,0.030242398381233215,0.4375,13.75,0.016703926026821136,0.46875,1.75,7.282430000137538,apiaviz/output/mechanisms/20260929T022211.602025Z-63811
6,2,59,apiaviz,ant-6-seed-59-apiaviz.json,f0de44039af72d25ab984a5d9faeb4f16e1e2fba326cad353a39f89872c3996a,c311079132b744c01b1643712eb2dc77abd72777260b781b7e38e7032fc6fb3e,3420311359838e12a998e6a224c504d5097f42bea65c0cc94b23019a9d9f62ed,11e32dc40bcc66c5c023dc796b5f3990fbe51f0f493189ec1909b4a932727e5f,729,False,1.4090801290404844,1.2656529319885417,2.8306264720639875,20.0,0,200,0,1.2649059745640965,0.006171466542161009,1.5695012039967031,0.0496009960770607,"[0.04616255313158035, 0.053039439022541046]",0.5383051633834839,0.41902193427085876,0.11928322911262512,52.22510528564453,0.7163749933242798,0.13454805314540863,10.0,0.03155096620321274,0.28125,12.5,0.02829095721244812,0.3125,1.0,12.551376041956246,apiaviz/output/mechanisms/20260929T022211.602025Z-63811
6,2,59,gray,ant-6-seed-59-gray.json,f0de44039af72d25ab984a5d9faeb4f16e1e2fba326cad353a39f89872c3996a,c311079132b744c01b1643712eb2dc77abd72777260b781b7e38e7032fc6fb3e,3420311359838e12a998e6a224c504d5097f42bea65c0cc94b23019a9d9f62ed,a7280d902721acd08e282c8c7ab0c5848a9f441600fd33116b831dd12c7d451a,729,True,0.18428583959508454,0.5536493424028309,1.7484244640356315,15.4,0,154,0,0.552007757255656,0.044510806829389245,0.22178702356702462,0.05629458278417587,"[0.05708436295390129, 0.055504802614450455]",0.6535220742225647,0.5423386693000793,0.11118340492248535,41.35251235961914,0.5586249828338623,0.16432276368141174,16.25,0.013442955911159515,0.40625,16.25,0.013442955911159515,0.40625,0.0,9.499980916967615,apiaviz/output/mechanisms/20260929T022211.602025Z-63811
6,2,59,raw_colour,ant-6-seed-59-raw_colour.json,f0de44039af72d25ab984a5d9faeb4f16e1e2fba326cad353a39f89872c3996a,c311079132b744c01b1643712eb2dc77abd72777260b781b7e38e7032fc6fb3e,3420311359838e12a998e6a224c504d5097f42bea65c0cc94b23019a9d9f62ed,94b2c01524f37ebae239d914829f2ad102ef069227f4cf4027447ddb17ee1372,729,False,7.257590907456602,0.6900955014908604,1.9176309719183526,20.0,0,200,0,0.6883276543713418,0.2675360620440947,0.6974846342540038,0.056236110627651215,"[0.05542832612991333, 0.0570438951253891]",0.6392241716384888,0.5414170622825623,0.09780710935592651,46.825111389160156,0.6196249723434448,0.16373974084854126,12.5,0.014892496168613434,0.3125,12.5,0.014892496168613434,0.3125,0.0,12.055850415956229,apiaviz/output/mechanisms/20260929T022211.602025Z-63811
6,2,59,opponent,ant-6-seed-59-opponent.json,f0de44039af72d25ab984a5d9faeb4f16e1e2fba326cad353a39f89872c3996a,c311079132b744c01b1643712eb2dc77abd72777260b781b7e38e7032fc6fb3e,3420311359838e12a998e6a224c504d5097f42bea65c0cc94b23019a9d9f62ed,2ffedfdf067e7d9f37af907e252cd7237cf6bf6c40d0aa6b010a52b4fa10ca2c,729,False,1.877773324945645,1.105554150674441,2.4099603729960695,20.0,0,200,0,1.1033575413654906,0.008274815168710299,1.305076684208497,0.05497805029153824,"[0.05708436295390129, 0.052871741354465485]",0.5728203058242798,0.47832730412483215,0.09449300169944763,52.74214553833008,0.6779999732971191,0.1517592817544937,12.5,0.006094090640544891,0.375,12.5,0.006094090640544891,0.375,0.0,12.80855270801112,apiaviz/output/mechanisms/20260929T022211.602025Z-63811
6,2,59,sobel_colour,ant-6-seed-59-sobel_colour.json,f0de44039af72d25ab984a5d9faeb4f16e1e2fba326cad353a39f89872c3996a,c311079132b744c01b1643712eb2dc77abd72777260b781b7e38e7032fc6fb3e,3420311359838e12a998e6a224c504d5097f42bea65c0cc94b23019a9d9f62ed,4e30432170e8607835deb0c8e838fb803607503ea880f4efca38130cbe841481,729,True,0.15286079883926973,0.04894482935335547,0.13955330288140844,8.0,0,80,0,0.04498061162025535,0.032354568384432014,0.05447154548028357,0.050574932247400284,"[0.048278119415044785, 0.052871741354465485]",0.5084944367408752,0.38978368043899536,0.11871075630187988,55.323177337646484,0.719124972820282,0.13048185408115387,12.5,0.010867893695831299,0.375,12.5,0.010867893695831299,0.375,0.0,6.485065791057423,apiaviz/output/mechanisms/20260929T022211.602025Z-63811
6,2,59,ardin_input,ant-6-seed-59-ardin_input.json,f0de44039af72d25ab984a5d9faeb4f16e1e2fba326cad353a39f89872c3996a,c311079132b744c01b1643712eb2dc77abd72777260b781b7e38e7032fc6fb3e,3420311359838e12a998e6a224c504d5097f42bea65c0cc94b23019a9d9f62ed,3be6c4a3ea0a08774cd89cae890c70b7993cdcc3c1191e24a27c2340f1105a7d,729,False,2.081718088031398,0.6077494136075599,2.081718088031398,20.0,0,200,0,0.6066532437807131,0.1811421339622754,0.31821091551190694,0.05539197474718094,"[0.054282236844301224, 0.05650171637535095]",0.6669211387634277,0.5762874484062195,0.09063369035720825,41.59663772583008,0.5335000157356262,0.16700918972492218,17.5,0.01566872000694275,0.40625,17.5,0.01566872000694275,0.40625,0.0,19.955431000096723,apiaviz/output/mechanisms/20260929T022211.602025Z-63811
6,2,59,no_hex,ant-6-seed-59-no_hex.json,f0de44039af72d25ab984a5d9faeb4f16e1e2fba326cad353a39f89872c3996a,c311079132b744c01b1643712eb2dc77abd72777260b781b7e38e7032fc6fb3e,3420311359838e12a998e6a224c504d5097f42bea65c0cc94b23019a9d9f62ed,bf87d66b9af19890c0a080101c9e7345bc3c0fd15ffbce774ea7b424fc93a00c,729,True,0.1423174927354001,0.24005249370095846,1.0008158840327335,9.600000000000001,0,96,0,0.2362438655890322,0.20333357363931814,0.19226972824418762,0.05011196807026863,"[0.04705452546477318, 0.053169410675764084]",0.4799519181251526,0.37062475085258484,0.10932716727256775,57.82374954223633,0.7557500004768372,0.1260615736246109,13.75,0.019166190177202225,0.375,12.5,0.020876046270132065,0.375,3.5,7.324119416065514,apiaviz/output/mechanisms/20260929T022211.602025Z-63811
6,2,59,no_adapt,ant-6-seed-59-no_adapt.json,f0de44039af72d25ab984a5d9faeb4f16e1e2fba326cad353a39f89872c3996a,c311079132b744c01b1643712eb2dc77abd72777260b781b7e38e7032fc6fb3e,3420311359838e12a998e6a224c504d5097f42bea65c0cc94b23019a9d9f62ed,043eb7aead6bdfbac7036b9d5156389c0efbfff63b59fe93a6fff7cf18ca4ab6,729,True,0.14350191033407564,0.5347591544983882,2.001936180035467,19.0,0,190,0,0.5329848696452735,0.05629783368209714,0.38639152896898393,0.05370559170842171,"[0.054663922637701035, 0.05274725705385208]",0.6933075785636902,0.5917771458625793,0.10153043270111084,41.51375961303711,0.5431249737739563,0.1684873104095459,11.25,0.011616118252277374,0.28125,23.75,-0.008861444890499115,0.40625,18.75,10.6768647080753,apiaviz/output/mechanisms/20260929T022211.602025Z-63811
6,2,59,no_dog,ant-6-seed-59-no_dog.json,f0de44039af72d25ab984a5d9faeb4f16e1e2fba326cad353a39f89872c3996a,c311079132b744c01b1643712eb2dc77abd72777260b781b7e38e7032fc6fb3e,3420311359838e12a998e6a224c504d5097f42bea65c0cc94b23019a9d9f62ed,a19eaf99d663a84449b6bc7b4ee5704960bf38455e02c4e8d1be336d873ca1c7,729,True,0.17434093807761367,0.04026272728810722,0.060471940441830865,7.9,0,79,0,0.038135069313179205,0.03293482001641867,0.046396911641979725,0.0515655018389225,"[0.050091564655303955, 0.053039439022541046]",0.5148202180862427,0.39960533380508423,0.11521488428115845,54.0391731262207,0.7651249766349792,0.1331707090139389,13.75,0.041086357086896896,0.34375,13.75,0.040487777441740036,0.34375,4.5,6.529137999983504,apiaviz/output/mechanisms/20260929T022211.602025Z-63811
6,2,59,apia_simple_colour,ant-6-seed-59-apia_simple_colour.json,f0de44039af72d25ab984a5d9faeb4f16e1e2fba326cad353a39f89872c3996a,c311079132b744c01b1643712eb2dc77abd72777260b781b7e38e7032fc6fb3e,3420311359838e12a998e6a224c504d5097f42bea65c0cc94b23019a9d9f62ed,358aa41b69fec24f3d219148de2a29dc0085419ccf2f676cf2fa50bba6a44106,729,False,6.252504181314028,0.6503471276330787,1.803589793201113,20.0,0,200,0,0.6486119302533123,0.07232541130584308,0.6627754229637302,0.04951714724302292,"[0.04616255313158035, 0.052871741354465485]",0.47535282373428345,0.36503690481185913,0.11031591892242432,57.185176849365234,0.737500011920929,0.12443940341472626,12.5,0.023372523486614227,0.34375,11.25,0.021319180727005005,0.34375,0.25,12.86557741696015,apiaviz/output/mechanisms/20260929T022211.602025Z-63811
6,2,59,sobel_apia_colour,ant-6-seed-59-sobel_apia_colour.json,f0de44039af72d25ab984a5d9faeb4f16e1e2fba326cad353a39f89872c3996a,c311079132b744c01b1643712eb2dc77abd72777260b781b7e38e7032fc6fb3e,3420311359838e12a998e6a224c504d5097f42bea65c0cc94b23019a9d9f62ed,a1d14e5f26f1216108fe07f02fb9402d505ad0e3402faeeaa4a3a497b79db0c9,729,True,0.18992259041005663,0.02933226340772422,0.13919280933834263,8.1,0,81,0,0.02782336241948705,0.006862161912081671,0.012902834398515977,0.050658777356147766,"[0.048278119415044785, 0.053039439022541046]",0.5707172155380249,0.4432363212108612,0.1274808943271637,50.03378677368164,0.6980000138282776,0.14015473425388336,12.5,0.021067973226308823,0.3125,12.5,0.019706398248672485,0.34375,2.0,6.72563900006935,apiaviz/output/mechanisms/20260929T022211.602025Z-63811
6,2,71,apiaviz,ant-6-seed-71-apiaviz.json,f0de44039af72d25ab984a5d9faeb4f16e1e2fba326cad353a39f89872c3996a,c311079132b744c01b1643712eb2dc77abd72777260b781b7e38e7032fc6fb3e,3420311359838e12a998e6a224c504d5097f42bea65c0cc94b23019a9d9f62ed,d7d7b8d1f890fde978871019f64f524bc1138656b3c2e6c737f5954a3f749373,729,False,3.54262621647664,0.8170006260284239,2.0637362098290164,20.0,0,200,0,0.8159140636097919,0.38373960182447786,0.7754586618626296,0.04831773042678833,"[0.0469372421503067, 0.04969821497797966]",0.5355328917503357,0.4160899817943573,0.1194429099559784,51.64338302612305,0.7149999737739563,0.13207049667835236,11.25,0.0336938351392746,0.46875,11.25,0.030933253467082977,0.40625,2.0,12.089737958973274,apiaviz/output/mechanisms/20260929T022211.602025Z-63811
6,2,71,gray,ant-6-seed-71-gray.json,f0de44039af72d25ab984a5d9faeb4f16e1e2fba326cad353a39f89872c3996a,c311079132b744c01b1643712eb2dc77abd72777260b781b7e38e7032fc6fb3e,3420311359838e12a998e6a224c504d5097f42bea65c0cc94b23019a9d9f62ed,e8a366478bfb75f27967d363d5b85f164028c037b9753fdeb58ac16eec9c10d0,729,True,0.1481289028463917,0.01892119569225446,0.06683879128228715,8.0,0,80,0,0.017225097487401038,0.006581119326415461,0.010812982508941364,0.05615243315696716,"[0.05718175694346428, 0.055123113095760345]",0.6424497365951538,0.5314326882362366,0.11101704835891724,41.48497009277344,0.5602499842643738,0.16133587062358856,2.5,0.03214544057846069,0.34375,2.5,0.03214544057846069,0.34375,0.0,5.47837004205212,apiaviz/output/mechanisms/20260929T022211.602025Z-63811
6,2,71,raw_colour,ant-6-seed-71-raw_colour.json,f0de44039af72d25ab984a5d9faeb4f16e1e2fba326cad353a39f89872c3996a,c311079132b744c01b1643712eb2dc77abd72777260b781b7e38e7032fc6fb3e,3420311359838e12a998e6a224c504d5097f42bea65c0cc94b23019a9d9f62ed,8a9008d059dd60d61d657f6b2684456022d7f0ab9cf69c5a05f8001595db621e,729,False,4.220695774845667,1.8374425885147676,4.991559468225063,20.0,0,200,0,1.8361282970318968,0.1268021414225719,1.088058674344369,0.05644787475466728,"[0.055983539670705795, 0.05691220983862877]",0.6301276087760925,0.5307544469833374,0.09937316179275513,45.993412017822266,0.6191250085830688,0.16201627254486084,13.75,0.009455040097236633,0.375,13.75,0.009455040097236633,0.375,0.0,11.873434625100344,apiaviz/output/mechanisms/20260929T022211.602025Z-63811
6,2,71,opponent,ant-6-seed-71-opponent.json,f0de44039af72d25ab984a5d9faeb4f16e1e2fba326cad353a39f89872c3996a,c311079132b744c01b1643712eb2dc77abd72777260b781b7e38e7032fc6fb3e,3420311359838e12a998e6a224c504d5097f42bea65c0cc94b23019a9d9f62ed,e19635992101bc8c5e26d47c242c2244de3050186634f917bfa4546bd62c7bb2,729,False,2.816531645390745,1.6301119872090108,3.956236913030068,20.0,0,200,0,1.6291831114099793,0.06037216319279709,1.74796166054738,0.05367986857891083,"[0.05718175694346428, 0.050177983939647675]",0.574550211429596,0.47717028856277466,0.09737992286682129,52.3532600402832,0.6727499961853027,0.14889131486415863,10.0,0.011940956115722656,0.28125,10.0,0.011940956115722656,0.28125,0.0,11.693895790958777,apiaviz/output/mechanisms/20260929T022211.602025Z-63811
6,2,71,sobel_colour,ant-6-seed-71-sobel_colour.json,f0de44039af72d25ab984a5d9faeb4f16e1e2fba326cad353a39f89872c3996a,c311079132b744c01b1643712eb2dc77abd72777260b781b7e38e7032fc6fb3e,3420311359838e12a998e6a224c504d5097f42bea65c0cc94b23019a9d9f62ed,28d9789eadbf6bb0838158b0ec53cf0d30ce8b1d4c4bcdd6f1f4bf8fb84ba841,729,True,0.1985425493921872,0.027148452393276196,0.0720484875956004,7.9,0,79,0,0.02348667617322379,0.03443665297380603,0.011719245527031566,0.050447702407836914,"[0.050717420876026154, 0.050177983939647675]",0.525067150592804,0.4041931629180908,0.12087398767471313,54.73853302001953,0.7126250267028809,0.1316242665052414,11.25,0.027160365134477615,0.3125,11.25,0.027160365134477615,0.3125,0.0,6.013565333094448,apiaviz/output/mechanisms/20260929T022211.602025Z-63811
6,2,71,ardin_input,ant-6-seed-71-ardin_input.json,f0de44039af72d25ab984a5d9faeb4f16e1e2fba326cad353a39f89872c3996a,c311079132b744c01b1643712eb2dc77abd72777260b781b7e38e7032fc6fb3e,3420311359838e12a998e6a224c504d5097f42bea65c0cc94b23019a9d9f62ed,06e8439789425d510e7ec240454016df074df38c42021bc26ef5ee06cca2dae2,729,False,8.546448509670418,1.9377262700434346,6.878045544282048,20.0,0,200,0,1.9366188883828332,0.22251122449811536,1.1563164921207494,0.055520061403512955,"[0.05666186660528183, 0.05437825620174408]",0.652373194694519,0.5565600395202637,0.09581315517425537,42.91020584106445,0.5329999923706055,0.16424740850925446,7.5,0.026169046759605408,0.46875,7.5,0.026169046759605408,0.46875,0.0,18.776997708017007,apiaviz/output/mechanisms/20260929T022211.602025Z-63811
6,2,71,no_hex,ant-6-seed-71-no_hex.json,f0de44039af72d25ab984a5d9faeb4f16e1e2fba326cad353a39f89872c3996a,c311079132b744c01b1643712eb2dc77abd72777260b781b7e38e7032fc6fb3e,3420311359838e12a998e6a224c504d5097f42bea65c0cc94b23019a9d9f62ed,f325098f69ae558fc185173764df749d6fa06354f06b32dda5c2a2d4981f25a2,729,True,0.16963603480908074,0.15490729835876793,0.6532775666328474,11.0,0,110,0,0.14909673753523536,0.04052434405253484,0.0805721409338592,0.04938357323408127,"[0.04823422431945801, 0.05053292214870453]",0.4818524718284607,0.36988019943237305,0.11197227239608765,57.307037353515625,0.7481250166893005,0.12533554434776306,10.0,0.02803914248943329,0.28125,10.0,0.025020357221364975,0.34375,6.75,7.970393458148465,apiaviz/output/mechanisms/20260929T022211.602025Z-63811
6,2,71,no_adapt,ant-6-seed-71-no_adapt.json,f0de44039af72d25ab984a5d9faeb4f16e1e2fba326cad353a39f89872c3996a,c311079132b744c01b1643712eb2dc77abd72777260b781b7e38e7032fc6fb3e,3420311359838e12a998e6a224c504d5097f42bea65c0cc94b23019a9d9f62ed,df25f37fa514219149e4176f45edca4f2ab4b11034481f7c37577b3919b782fd,729,False,5.02551088242716,1.1290707556835775,5.02551088242716,20.0,0,200,0,1.1272075185578816,0.11299735271681827,0.35809466827065545,0.050354596227407455,"[0.051385458558797836, 0.049323730170726776]",0.6947023272514343,0.6063735485076904,0.0883287787437439,40.69493103027344,0.5327500104904175,0.16601373255252838,12.5,-0.0002639591693878174,0.3125,23.75,-0.025027163326740265,0.46875,31.5,12.024848375003785,apiaviz/output/mechanisms/20260929T022211.602025Z-63811
6,2,71,no_dog,ant-6-seed-71-no_dog.json,f0de44039af72d25ab984a5d9faeb4f16e1e2fba326cad353a39f89872c3996a,c311079132b744c01b1643712eb2dc77abd72777260b781b7e38e7032fc6fb3e,3420311359838e12a998e6a224c504d5097f42bea65c0cc94b23019a9d9f62ed,29eeeefb0e73d45b5a8e154820ccea49fd147305cafaf9dd2df7acbce27dd4eb,729,False,4.56158886149421,1.5183638472263166,4.56158886149421,20.0,0,200,0,1.5176491827744516,0.006171466542161009,1.9357797986618497,0.049992457032203674,"[0.05028669536113739, 0.04969821497797966]",0.5071660876274109,0.39157044887542725,0.11559563875198364,54.162044525146484,0.7592499852180481,0.12969927489757538,10.0,0.029317330569028854,0.34375,11.25,0.031080212444067,0.34375,0.75,12.373002541949973,apiaviz/output/mechanisms/20260929T022211.602025Z-63811
6,2,71,apia_simple_colour,ant-6-seed-71-apia_simple_colour.json,f0de44039af72d25ab984a5d9faeb4f16e1e2fba326cad353a39f89872c3996a,c311079132b744c01b1643712eb2dc77abd72777260b781b7e38e7032fc6fb3e,3420311359838e12a998e6a224c504d5097f42bea65c0cc94b23019a9d9f62ed,c56549e3a1890b7c4f0e83ba831bea038374ca3f0a17af6835f7e546759c19f4,729,True,0.12644643613899972,0.3600438115216217,1.3419775431375636,17.5,0,175,0,0.35749877477163133,0.05290265830665392,0.22651927963374,0.04855761304497719,"[0.0469372421503067, 0.050177983939647675]",0.4861489236354828,0.3720296621322632,0.1141192615032196,56.72508239746094,0.7378749847412109,0.12417975813150406,10.0,0.024889811873435974,0.40625,10.0,0.021164271980524063,0.375,0.75,11.273202833952382,apiaviz/output/mechanisms/20260929T022211.602025Z-63811
6,2,71,sobel_apia_colour,ant-6-seed-71-sobel_apia_colour.json,f0de44039af72d25ab984a5d9faeb4f16e1e2fba326cad353a39f89872c3996a,c311079132b744c01b1643712eb2dc77abd72777260b781b7e38e7032fc6fb3e,3420311359838e12a998e6a224c504d5097f42bea65c0cc94b23019a9d9f62ed,a7fc0fd390e3884c4315d562698986859d7a4b37760e7be43308aac44cc0992a,729,True,0.19690438022585097,0.030181010164364877,0.07734621219733231,7.9,0,79,0,0.026613887727756993,0.03548066439848865,0.021142931751149,0.050207819789648056,"[0.050717420876026154, 0.04969821497797966]",0.57313072681427,0.44714468717575073,0.1259860396385193,49.211490631103516,0.6897500157356262,0.13909657299518585,11.25,0.02176780253648758,0.375,12.5,0.023389950394630432,0.34375,2.25,6.550866999896243,apiaviz/output/mechanisms/20260929T022211.602025Z-63811
7,2,19,apiaviz,ant-7-seed-19-apiaviz.json,4c82f385ed34c9c9b004e33083b2afb81c1b8592c6e19d3766cc3a02a4de9c1d,1ec548978a703513e60d0ea32284ee15bb9e89b7f8cec2d816d428d47b4563d9,355a22331d804be98b4f318b98fc59429a05a007476c2bb95e9f8e757edf1094,8d0bea11d10c99acc59ae11e700d818a5d51da79192f593299a7ae2a9e25cee0,738,True,0.128815291965854,0.1411183839334173,0.7391007877685607,10.3,0,103,0,0.1329541489692507,0.19882154874838387,0.07183942674418152,0.05014634132385254,"[0.046834010630846024, 0.053458672016859055]",0.5765753388404846,0.4397665560245514,0.13680878281593323,50.91313934326172,0.6818749904632568,0.1398695558309555,3.75,0.04032468795776367,0.40625,5.0,0.03540878742933273,0.40625,0.75,8.203606042079628,apiaviz/output/mechanisms/20260929T022212.829824Z-63812
7,2,19,gray,ant-7-seed-19-gray.json,4c82f385ed34c9c9b004e33083b2afb81c1b8592c6e19d3766cc3a02a4de9c1d,1ec548978a703513e60d0ea32284ee15bb9e89b7f8cec2d816d428d47b4563d9,355a22331d804be98b4f318b98fc59429a05a007476c2bb95e9f8e757edf1094,2d6863c6a77d5936cebd425b9726f3561b8b9e3bff2d704544e1af92f5de2f63,738,True,0.11686703039776739,0.09090688497596873,0.3905726581702729,8.6,0,86,0,0.08344586739545942,0.09644495140782139,0.05551373049562694,0.05719834193587303,"[0.05838854983448982, 0.05600813031196594]",0.693214476108551,0.5645787715911865,0.1286357045173645,39.61448287963867,0.4831250011920929,0.17066486179828644,5.0,0.021100029349327087,0.375,5.0,0.021100029349327087,0.375,0.0,6.091001333901659,apiaviz/output/mechanisms/20260929T022212.829824Z-63812
7,2,19,raw_colour,ant-7-seed-19-raw_colour.json,4c82f385ed34c9c9b004e33083b2afb81c1b8592c6e19d3766cc3a02a4de9c1d,1ec548978a703513e60d0ea32284ee15bb9e89b7f8cec2d816d428d47b4563d9,355a22331d804be98b4f318b98fc59429a05a007476c2bb95e9f8e757edf1094,d4c6f32961840e90a9ae2ed3516010ea9581e0dc9002f85ca4f0d532088b4b75,738,False,3.9700457946678647,0.5567247697905197,1.5184588646623616,20.0,0,200,0,0.5551793804179875,0.8617134287706965,0.4154750838763386,0.05469274893403053,"[0.05552405118942261, 0.05386145040392876]",0.659921407699585,0.539889395236969,0.12003201246261597,46.88630676269531,0.5515000224113464,0.16340775787830353,6.25,0.027801543474197388,0.375,6.25,0.027801543474197388,0.375,0.0,11.082325332798064,apiaviz/output/mechanisms/20260929T022212.829824Z-63812
7,2,19,opponent,ant-7-seed-19-opponent.json,4c82f385ed34c9c9b004e33083b2afb81c1b8592c6e19d3766cc3a02a4de9c1d,1ec548978a703513e60d0ea32284ee15bb9e89b7f8cec2d816d428d47b4563d9,355a22331d804be98b4f318b98fc59429a05a007476c2bb95e9f8e757edf1094,fc17df331a4122ab6c4a88fcaca7bc5bbdaf34ec714ea1fbc7aa0bff13de6815,738,False,5.887344548622503,2.2378306018842307,3.949745174442346,20.0,0,200,0,2.2378184487611823,0.8995367011437041,2.2310577968723497,0.05595274269580841,"[0.05838854983448982, 0.0535169392824173]",0.6118043065071106,0.5069128274917603,0.10489147901535034,53.851253509521484,0.6216250061988831,0.15864406526088715,10.0,0.025343216955661774,0.4375,10.0,0.025343216955661774,0.4375,0.0,10.941532207885757,apiaviz/output/mechanisms/20260929T022212.829824Z-63812
7,2,19,sobel_colour,ant-7-seed-19-sobel_colour.json,4c82f385ed34c9c9b004e33083b2afb81c1b8592c6e19d3766cc3a02a4de9c1d,1ec548978a703513e60d0ea32284ee15bb9e89b7f8cec2d816d428d47b4563d9,355a22331d804be98b4f318b98fc59429a05a007476c2bb95e9f8e757edf1094,a45ea55722db5d5e90e8c379c92d2f4fff36677fbcf317f54328706df3642680,738,False,4.4063557792880585,3.6691438699977423,5.322940630734602,20.0,0,200,0,3.669123135803545,1.1041288309771353,4.45796489692937,0.04997069761157036,"[0.04642445966601372, 0.0535169392824173]",0.5490260124206543,0.42119067907333374,0.12783533334732056,54.28917694091797,0.6732500195503235,0.1360425502061844,10.0,0.03556083142757416,0.3125,10.0,0.03556083142757416,0.3125,0.0,10.952320042066276,apiaviz/output/mechanisms/20260929T022212.829824Z-63812
7,2,19,ardin_input,ant-7-seed-19-ardin_input.json,4c82f385ed34c9c9b004e33083b2afb81c1b8592c6e19d3766cc3a02a4de9c1d,1ec548978a703513e60d0ea32284ee15bb9e89b7f8cec2d816d428d47b4563d9,355a22331d804be98b4f318b98fc59429a05a007476c2bb95e9f8e757edf1094,a1543515787b7dce1ca8387a4d9c78e40abf6410d75f72e9ac9694ee1499d97f,738,False,1.4030102514198024,0.6675991532888039,1.681992325657936,20.0,0,200,0,0.6652740183307038,0.05523146039112871,0.8061550086678646,0.05366412550210953,"[0.0508451908826828, 0.05648306384682655]",0.7082669138908386,0.5982253551483154,0.1100415587425232,41.050201416015625,0.46299999952316284,0.1691642552614212,13.75,0.013946272432804108,0.5,11.25,0.014726348221302032,0.53125,1.25,18.426978959003463,apiaviz/output/mechanisms/20260929T022212.829824Z-63812
7,2,19,no_hex,ant-7-seed-19-no_hex.json,4c82f385ed34c9c9b004e33083b2afb81c1b8592c6e19d3766cc3a02a4de9c1d,1ec548978a703513e60d0ea32284ee15bb9e89b7f8cec2d816d428d47b4563d9,355a22331d804be98b4f318b98fc59429a05a007476c2bb95e9f8e757edf1094,e84b83a2f513c2682b18b2ffd41090ddd0d9a650f33aa9bd188fca81ec6ef782,738,False,3.4769364384523334,0.7507628155089711,3.4769364384523334,20.0,0,200,0,0.7488353994002083,0.1872287051874024,0.3853388918324896,0.0509837381541729,"[0.04810941591858864, 0.053858064115047455]",0.51598060131073,0.38710716366767883,0.12887343764305115,57.71218490600586,0.7146250009536743,0.13215620815753937,5.0,0.03459716960787773,0.34375,6.25,0.033285968005657196,0.25,5.75,11.751965708099306,apiaviz/output/mechanisms/20260929T022212.829824Z-63812
7,2,19,no_adapt,ant-7-seed-19-no_adapt.json,4c82f385ed34c9c9b004e33083b2afb81c1b8592c6e19d3766cc3a02a4de9c1d,1ec548978a703513e60d0ea32284ee15bb9e89b7f8cec2d816d428d47b4563d9,355a22331d804be98b4f318b98fc59429a05a007476c2bb95e9f8e757edf1094,b870f2aa777db199631b86e66592fcd77ae3862c2cd8fb4ae887b2310741222c,738,False,4.718026985147081,1.1177240781074484,4.718026985147081,20.0,0,200,0,1.1164724727731288,0.20082046789415678,0.4764437201158864,0.053733401000499725,"[0.05412567779421806, 0.05334112420678139]",0.7186822891235352,0.6151425838470459,0.10353970527648926,42.36920928955078,0.49175000190734863,0.17375534772872925,8.75,0.0071858614683151245,0.40625,37.5,-0.01519453153014183,0.4375,23.0,11.010211624903604,apiaviz/output/mechanisms/20260929T022212.829824Z-63812
7,2,19,no_dog,ant-7-seed-19-no_dog.json,4c82f385ed34c9c9b004e33083b2afb81c1b8592c6e19d3766cc3a02a4de9c1d,1ec548978a703513e60d0ea32284ee15bb9e89b7f8cec2d816d428d47b4563d9,355a22331d804be98b4f318b98fc59429a05a007476c2bb95e9f8e757edf1094,f10bfd0a11c449bc1b1967b25f7afe1d4db914fa4c7b0b628cd2461fdba35e0f,738,False,4.626313224098292,1.418167637928958,3.2026734047055547,20.0,0,200,0,1.4179165221338195,0.8966823677104874,1.3284875330305161,0.051719002425670624,"[0.04997933655977249, 0.053458672016859055]",0.5473785400390625,0.41443806886672974,0.13294047117233276,54.28953170776367,0.7278749942779541,0.13755181431770325,5.0,0.035400353372097015,0.40625,5.0,0.03266754373908043,0.375,0.25,11.98429629090242,apiaviz/output/mechanisms/20260929T022212.829824Z-63812
7,2,19,apia_simple_colour,ant-7-seed-19-apia_simple_colour.json,4c82f385ed34c9c9b004e33083b2afb81c1b8592c6e19d3766cc3a02a4de9c1d,1ec548978a703513e60d0ea32284ee15bb9e89b7f8cec2d816d428d47b4563d9,355a22331d804be98b4f318b98fc59429a05a007476c2bb95e9f8e757edf1094,6070eaf7dbabb134d6d7b76a735f2341528678822609ce6515f0328f3cbd5658,738,False,6.393414163956462,3.208597413444348,5.437835220475047,20.0,0,200,0,3.208569822146649,0.9467720658250127,3.2928419410277248,0.05017547309398651,"[0.046834010630846024, 0.0535169392824173]",0.5217238664627075,0.3901715874671936,0.13155227899551392,56.06105041503906,0.7072499990463257,0.13054341077804565,2.5,0.052058733999729156,0.34375,2.5,0.05123617500066757,0.34375,0.25,12.09860087488778,apiaviz/output/mechanisms/20260929T022212.829824Z-63812
7,2,19,sobel_apia_colour,ant-7-seed-19-sobel_apia_colour.json,4c82f385ed34c9c9b004e33083b2afb81c1b8592c6e19d3766cc3a02a4de9c1d,1ec548978a703513e60d0ea32284ee15bb9e89b7f8cec2d816d428d47b4563d9,355a22331d804be98b4f318b98fc59429a05a007476c2bb95e9f8e757edf1094,f0db3c0964451251001434a50774a26e708577278605c234c9951e17da9a1a64,738,False,7.244312401973545,0.839958592832279,1.7363753165564315,20.0,0,200,0,0.839416839279426,0.5855776657045921,0.9012564131054477,0.049941565841436386,"[0.04642445966601372, 0.053458672016859055]",0.6047642827033997,0.4717671573162079,0.13299712538719177,48.61338424682617,0.6478750109672546,0.1450154185295105,10.0,0.031065896153450012,0.375,10.0,0.028172247111797333,0.375,0.0,12.812970916973427,apiaviz/output/mechanisms/20260929T022212.829824Z-63812
7,2,31,apiaviz,ant-7-seed-31-apiaviz.json,4c82f385ed34c9c9b004e33083b2afb81c1b8592c6e19d3766cc3a02a4de9c1d,1ec548978a703513e60d0ea32284ee15bb9e89b7f8cec2d816d428d47b4563d9,355a22331d804be98b4f318b98fc59429a05a007476c2bb95e9f8e757edf1094,90ff31c0db3f3b0ee4e98dd5f7b6523250b0010879a2e05ff77cfa9b86b26cb8,738,False,4.692080093814746,1.3420134793629361,2.357857896272532,20.0,0,200,0,1.3418994352679823,0.9921451581387001,1.360512498979702,0.04955555498600006,"[0.0448882095515728, 0.05422290042042732]",0.5749275088310242,0.4430038034915924,0.13192370533943176,51.44025421142578,0.6685000061988831,0.14077956974506378,5.0,0.027575545012950897,0.34375,10.0,0.0242658331990242,0.34375,2.0,11.96512783295475,apiaviz/output/mechanisms/20260929T022212.829824Z-63812
7,2,31,gray,ant-7-seed-31-gray.json,4c82f385ed34c9c9b004e33083b2afb81c1b8592c6e19d3766cc3a02a4de9c1d,1ec548978a703513e60d0ea32284ee15bb9e89b7f8cec2d816d428d47b4563d9,355a22331d804be98b4f318b98fc59429a05a007476c2bb95e9f8e757edf1094,35af4271dfe4c605296476b3d7237cb6c76480f259e1a67be6b990b35ca86950,738,False,9.438036228002229,1.3060991226769623,3.5415187191038098,20.0,0,200,0,1.3059131813822367,0.826546541126095,0.9199225973375733,0.05826185643672943,"[0.059637196362018585, 0.05688651651144028]",0.6932509541511536,0.5689478516578674,0.12430310249328613,41.418212890625,0.484250009059906,0.17281848192214966,13.75,0.013860411942005157,0.34375,13.75,0.013860411942005157,0.34375,0.0,10.885991624789312,apiaviz/output/mechanisms/20260929T022212.829824Z-63812
7,2,31,raw_colour,ant-7-seed-31-raw_colour.json,4c82f385ed34c9c9b004e33083b2afb81c1b8592c6e19d3766cc3a02a4de9c1d,1ec548978a703513e60d0ea32284ee15bb9e89b7f8cec2d816d428d47b4563d9,355a22331d804be98b4f318b98fc59429a05a007476c2bb95e9f8e757edf1094,c1700f74a848455066a4dcd5e6d4c568539f26d01aee8b3b81a3ce85c2bfc0c0,738,True,0.1419917334330059,0.15377386498520085,0.6401017457532435,8.9,0,89,0,0.149150524600778,0.17848140945022123,0.12441116411126046,0.05578167364001274,"[0.0552130751311779, 0.05635027214884758]",0.6668382883071899,0.5570224523544312,0.10981583595275879,48.10055923461914,0.5414999723434448,0.1665358543395996,6.25,0.01900438964366913,0.40625,6.25,0.018859848380088806,0.40625,0.0,5.991754624992609,apiaviz/output/mechanisms/20260929T022212.829824Z-63812
7,2,31,opponent,ant-7-seed-31-opponent.json,4c82f385ed34c9c9b004e33083b2afb81c1b8592c6e19d3766cc3a02a4de9c1d,1ec548978a703513e60d0ea32284ee15bb9e89b7f8cec2d816d428d47b4563d9,355a22331d804be98b4f318b98fc59429a05a007476c2bb95e9f8e757edf1094,0017a8fc80736ed6f3f112bca56909c536f310a63e972de47edb96252c2f6161,738,False,15.591139548855246,4.726005503474935,8.808049535518643,20.0,0,200,0,4.725989708497099,1.844288585309397,4.735329693369966,0.05641954764723778,"[0.059637196362018585, 0.05320189520716667]",0.6045053601264954,0.49661576747894287,0.10788959264755249,54.215003967285156,0.6178749799728394,0.15824761986732483,12.5,0.019785448908805847,0.4375,12.5,0.019785448908805847,0.4375,0.0,9.951749125029892,apiaviz/output/mechanisms/20260929T022212.829824Z-63812
7,2,31,sobel_colour,ant-7-seed-31-sobel_colour.json,4c82f385ed34c9c9b004e33083b2afb81c1b8592c6e19d3766cc3a02a4de9c1d,1ec548978a703513e60d0ea32284ee15bb9e89b7f8cec2d816d428d47b4563d9,355a22331d804be98b4f318b98fc59429a05a007476c2bb95e9f8e757edf1094,465b361ed13ce330960ed6a238a9e6ab3b8901580c0825752d786c61b66b287b,738,False,11.86304323722089,4.260728113546781,9.929823905914382,20.0,0,200,0,4.260721104468405,0.9713326282483634,3.2720979835633726,0.051549289375543594,"[0.04989667981863022, 0.05320189520716667]",0.5443964600563049,0.4099365770816803,0.13445988297462463,54.13676452636719,0.6736249923706055,0.13729658722877502,5.0,0.03117532655596733,0.46875,5.0,0.03117532655596733,0.46875,0.0,11.28969637490809,apiaviz/output/mechanisms/20260929T022212.829824Z-63812
7,2,31,ardin_input,ant-7-seed-31-ardin_input.json,4c82f385ed34c9c9b004e33083b2afb81c1b8592c6e19d3766cc3a02a4de9c1d,1ec548978a703513e60d0ea32284ee15bb9e89b7f8cec2d816d428d47b4563d9,355a22331d804be98b4f318b98fc59429a05a007476c2bb95e9f8e757edf1094,b7e38de52d7cf14c444d450151fc66a1f686dd46d73f072b7e8c16fdda661a56,738,False,14.905308206387907,2.927238495923672,8.531601247128362,20.0,0,200,0,2.9271467518445906,0.7824100104822004,2.110147357506178,0.05716751515865326,"[0.05638177692890167, 0.057953253388404846]",0.6992112994194031,0.5789574384689331,0.12025386095046997,39.9059944152832,0.4620000123977661,0.17209836840629578,5.0,0.025334283709526062,0.34375,5.0,0.025334283709526062,0.34375,0.0,18.447791083017364,apiaviz/output/mechanisms/20260929T022212.829824Z-63812
7,2,31,no_hex,ant-7-seed-31-no_hex.json,4c82f385ed34c9c9b004e33083b2afb81c1b8592c6e19d3766cc3a02a4de9c1d,1ec548978a703513e60d0ea32284ee15bb9e89b7f8cec2d816d428d47b4563d9,355a22331d804be98b4f318b98fc59429a05a007476c2bb95e9f8e757edf1094,624719f5f3f3920cb9b5675b14da1ecef50b9658710638c5ba91a3b477b7a894,738,False,8.0906957698311,1.4706805858024439,2.5091716429180786,20.0,0,200,0,1.470656404067302,0.9311020621401436,1.4613889426255273,0.04987313598394394,"[0.046063683927059174, 0.053682588040828705]",0.5132407546043396,0.39047423005104065,0.12276652455329895,58.27671432495117,0.6991249918937683,0.13202600181102753,5.0,0.03266602382063866,0.375,2.5,0.03014649823307991,0.375,5.75,11.782725583063439,apiaviz/output/mechanisms/20260929T022212.829824Z-63812
7,2,31,no_adapt,ant-7-seed-31-no_adapt.json,4c82f385ed34c9c9b004e33083b2afb81c1b8592c6e19d3766cc3a02a4de9c1d,1ec548978a703513e60d0ea32284ee15bb9e89b7f8cec2d816d428d47b4563d9,355a22331d804be98b4f318b98fc59429a05a007476c2bb95e9f8e757edf1094,21b40f49bffee478f36210205ae1ea62cfac703834ab558339b0ab756bde8443,738,False,5.360596435842563,1.7058657393443315,3.700295093451216,20.0,0,200,0,1.7052630119248533,0.33451017775425984,1.3658192533715812,0.05327862501144409,"[0.052569784224033356, 0.05398746579885483]",0.7268763780593872,0.6259751319885254,0.10090124607086182,42.24878692626953,0.4884999990463257,0.17447690665721893,17.5,0.00787818431854248,0.40625,25.0,-0.014087047427892685,0.4375,18.25,11.426664584083483,apiaviz/output/mechanisms/20260929T022212.829824Z-63812
7,2,31,no_dog,ant-7-seed-31-no_dog.json,4c82f385ed34c9c9b004e33083b2afb81c1b8592c6e19d3766cc3a02a4de9c1d,1ec548978a703513e60d0ea32284ee15bb9e89b7f8cec2d816d428d47b4563d9,355a22331d804be98b4f318b98fc59429a05a007476c2bb95e9f8e757edf1094,9b667ddf49980e38c845adadb2173e41d946d40c2092eb288d4dc9ebf9f9c603,738,False,0.3904604245657111,0.4158032281861447,1.2391966870713473,20.0,0,200,0,0.414053522388636,0.6307173651162405,0.2752261724290611,0.0514867901802063,"[0.04875067621469498, 0.05422290042042732]",0.5467569231987,0.41612982749938965,0.1306270956993103,53.37034606933594,0.718625009059906,0.13817816972732544,5.0,0.038582418113946915,0.4375,7.5,0.03628924489021301,0.40625,0.75,12.033782166894525,apiaviz/output/mechanisms/20260929T022212.829824Z-63812
7,2,31,apia_simple_colour,ant-7-seed-31-apia_simple_colour.json,4c82f385ed34c9c9b004e33083b2afb81c1b8592c6e19d3766cc3a02a4de9c1d,1ec548978a703513e60d0ea32284ee15bb9e89b7f8cec2d816d428d47b4563d9,355a22331d804be98b4f318b98fc59429a05a007476c2bb95e9f8e757edf1094,55889200039e7d43d188e3b3a5a63d4cabd68af40890335a84b7f1674b01afa5,738,False,7.165127617414692,4.322547656419141,6.817338761279426,20.0,0,200,0,4.322537399614896,1.3217311798122267,4.730918947031089,0.049045052379369736,"[0.0448882095515728, 0.05320189520716667]",0.5161826014518738,0.3867051601409912,0.12947744131088257,56.440311431884766,0.6880000233650208,0.13039849698543549,3.75,0.03206528723239899,0.375,3.75,0.031056664884090424,0.40625,0.5,11.638375625014305,apiaviz/output/mechanisms/20260929T022212.829824Z-63812
7,2,31,sobel_apia_colour,ant-7-seed-31-sobel_apia_colour.json,4c82f385ed34c9c9b004e33083b2afb81c1b8592c6e19d3766cc3a02a4de9c1d,1ec548978a703513e60d0ea32284ee15bb9e89b7f8cec2d816d428d47b4563d9,355a22331d804be98b4f318b98fc59429a05a007476c2bb95e9f8e757edf1094,a65b2e48e27901b6eb4c42019dc306d1a56608807b8915803f5459094f676822,738,False,10.489776764172271,2.2710207519771295,3.4643629426612215,20.0,0,200,0,2.27089847255081,0.7437997088027268,2.60087808950317,0.05205978825688362,"[0.04989667981863022, 0.05422290042042732]",0.600461483001709,0.4634462296962738,0.13701525330543518,49.1134147644043,0.6541249752044678,0.14718326926231384,5.0,0.030034750699996948,0.4375,3.75,0.028945334255695343,0.46875,1.75,12.291844208026305,apiaviz/output/mechanisms/20260929T022212.829824Z-63812
7,2,43,apiaviz,ant-7-seed-43-apiaviz.json,4c82f385ed34c9c9b004e33083b2afb81c1b8592c6e19d3766cc3a02a4de9c1d,1ec548978a703513e60d0ea32284ee15bb9e89b7f8cec2d816d428d47b4563d9,355a22331d804be98b4f318b98fc59429a05a007476c2bb95e9f8e757edf1094,f17e7a815992d1dcd426c7b5fe0d69ae0d56738ca2997453be64646d4fdd79fa,738,True,0.1354630054995922,0.17765643602695227,0.7651416912499451,9.0,0,90,0,0.17482389862562484,0.2374354761388546,0.1036369755686745,0.04871273785829544,"[0.04469309002161026, 0.05273238569498062]",0.5858650207519531,0.4553370177745819,0.13052800297737122,51.220211029052734,0.6761249899864197,0.13969720900058746,7.5,0.03183222562074661,0.375,12.5,0.02668679505586624,0.4375,2.0,6.593361416831613,apiaviz/output/mechanisms/20260929T022212.829824Z-63812
7,2,43,gray,ant-7-seed-43-gray.json,4c82f385ed34c9c9b004e33083b2afb81c1b8592c6e19d3766cc3a02a4de9c1d,1ec548978a703513e60d0ea32284ee15bb9e89b7f8cec2d816d428d47b4563d9,355a22331d804be98b4f318b98fc59429a05a007476c2bb95e9f8e757edf1094,10057f013dd28cae0a907cc516cc72fb95f18729fdcb37da39b61e63348f0d0d,738,False,6.459768309820592,1.968483925488101,4.259141914376869,20.0,0,200,0,1.968403047193391,1.1845128118966688,1.789887047315116,0.057723578065633774,"[0.0572950541973114, 0.058152101933956146]",0.7014772295951843,0.5720161199569702,0.1294611096382141,39.26958465576172,0.49037501215934753,0.17230287194252014,16.25,0.0018574073910713196,0.28125,16.25,0.0018574073910713196,0.28125,0.0,10.440025959163904,apiaviz/output/mechanisms/20260929T022212.829824Z-63812
7,2,43,raw_colour,ant-7-seed-43-raw_colour.json,4c82f385ed34c9c9b004e33083b2afb81c1b8592c6e19d3766cc3a02a4de9c1d,1ec548978a703513e60d0ea32284ee15bb9e89b7f8cec2d816d428d47b4563d9,355a22331d804be98b4f318b98fc59429a05a007476c2bb95e9f8e757edf1094,43770071aac5832bfec2f992f2a180e0f225642c201e7f8ee05be93b6b5ac4ab,738,False,6.895625177625907,1.928965230410319,4.261125092293939,20.0,0,200,0,1.9273977145783028,0.12459031651149712,1.6487002304097587,0.05555453896522522,"[0.05562398210167885, 0.05548509582877159]",0.6644882559776306,0.5494889616966248,0.11499929428100586,45.44823455810547,0.5491250157356262,0.16556672751903534,8.75,0.02068094164133072,0.34375,8.75,0.02068094164133072,0.3125,0.25,10.340414125006646,apiaviz/output/mechanisms/20260929T022212.829824Z-63812
7,2,43,opponent,ant-7-seed-43-opponent.json,4c82f385ed34c9c9b004e33083b2afb81c1b8592c6e19d3766cc3a02a4de9c1d,1ec548978a703513e60d0ea32284ee15bb9e89b7f8cec2d816d428d47b4563d9,355a22331d804be98b4f318b98fc59429a05a007476c2bb95e9f8e757edf1094,ac906e59db11f7c73025b4269758fbcd6b8d1b96d3b89454ac6545ab96ecab86,738,False,5.750765311345493,4.532678913527575,6.383249023761912,20.0,0,200,0,4.532672630793412,1.3325734896933659,5.585580916082105,0.055520493537187576,"[0.0572950541973114, 0.05374593660235405]",0.614168643951416,0.5050243735313416,0.10914427042007446,53.51311492919922,0.6158750057220459,0.1583988219499588,10.0,0.015303432941436768,0.375,10.0,0.015303432941436768,0.375,0.0,10.144391083857045,apiaviz/output/mechanisms/20260929T022212.829824Z-63812
7,2,43,sobel_colour,ant-7-seed-43-sobel_colour.json,4c82f385ed34c9c9b004e33083b2afb81c1b8592c6e19d3766cc3a02a4de9c1d,1ec548978a703513e60d0ea32284ee15bb9e89b7f8cec2d816d428d47b4563d9,355a22331d804be98b4f318b98fc59429a05a007476c2bb95e9f8e757edf1094,31cd9fd91408630b1ad606bf5ba5735a92186893b69379ffe9b946f2ec929c12,738,False,4.5483968623804065,1.144221604947545,1.8707667526488985,20.0,0,200,0,1.1440595778756086,0.7180688870229762,1.1475355910661498,0.05187635496258736,"[0.05000677332282066, 0.05374593660235405]",0.5458120703697205,0.4102661907672882,0.13554587960243225,54.1351432800293,0.6793749928474426,0.13771551847457886,10.0,0.03000742942094803,0.40625,10.0,0.03000742942094803,0.40625,0.0,11.485483125085011,apiaviz/output/mechanisms/20260929T022212.829824Z-63812
7,2,43,ardin_input,ant-7-seed-43-ardin_input.json,4c82f385ed34c9c9b004e33083b2afb81c1b8592c6e19d3766cc3a02a4de9c1d,1ec548978a703513e60d0ea32284ee15bb9e89b7f8cec2d816d428d47b4563d9,355a22331d804be98b4f318b98fc59429a05a007476c2bb95e9f8e757edf1094,81650bfbbc206a0d074c8479690fcc3108dcaf39bc91a9f54383a3b40b4ca071,738,False,3.37794483462112,1.3115730267376629,2.468032739453796,20.0,0,200,0,1.3113774593386944,0.8835104420368367,1.2231680721873965,0.05664346367120743,"[0.05642377957701683, 0.05686314404010773]",0.6959093809127808,0.5736839175224304,0.12222546339035034,40.5214729309082,0.46562498807907104,0.17091555893421173,5.0,0.02461039274930954,0.28125,5.0,0.024713531136512756,0.28125,0.0,18.5312160840258,apiaviz/output/mechanisms/20260929T022212.829824Z-63812
7,2,43,no_hex,ant-7-seed-43-no_hex.json,4c82f385ed34c9c9b004e33083b2afb81c1b8592c6e19d3766cc3a02a4de9c1d,1ec548978a703513e60d0ea32284ee15bb9e89b7f8cec2d816d428d47b4563d9,355a22331d804be98b4f318b98fc59429a05a007476c2bb95e9f8e757edf1094,6f6eb96532f868f6527effa065e88e31e4a6cc37eecc4130b885f1a96dca5f53,738,False,4.152268409915003,1.7913470641962623,3.4826206536460593,20.0,0,200,0,1.791235241352719,1.0715010972217465,1.7865391268184285,0.049740515649318695,"[0.045968834310770035, 0.05351219326257706]",0.5215339064598083,0.39813947677612305,0.1233944296836853,57.24333572387695,0.7139999866485596,0.13262173533439636,10.0,0.0350065752863884,0.40625,10.0,0.0374714657664299,0.40625,2.25,11.605600583832711,apiaviz/output/mechanisms/20260929T022212.829824Z-63812
7,2,43,no_adapt,ant-7-seed-43-no_adapt.json,4c82f385ed34c9c9b004e33083b2afb81c1b8592c6e19d3766cc3a02a4de9c1d,1ec548978a703513e60d0ea32284ee15bb9e89b7f8cec2d816d428d47b4563d9,355a22331d804be98b4f318b98fc59429a05a007476c2bb95e9f8e757edf1094,3a110cea060bcc0cf39ac88efda0f53628170840494f9f882e7d1ad9318852cd,738,False,5.666338034945129,2.8921173226929864,4.924694656794097,20.0,0,200,0,2.89211021985157,1.2949129434678803,2.6922860784947797,0.04970460757613182,"[0.047256097197532654, 0.05215311795473099]",0.7160794138908386,0.6277641654014587,0.08831524848937988,44.01860809326172,0.4886249899864197,0.16754311323165894,12.5,0.00270630419254303,0.46875,26.25,-0.017702791839838028,0.59375,21.25,10.967326249927282,apiaviz/output/mechanisms/20260929T022212.829824Z-63812
7,2,43,no_dog,ant-7-seed-43-no_dog.json,4c82f385ed34c9c9b004e33083b2afb81c1b8592c6e19d3766cc3a02a4de9c1d,1ec548978a703513e60d0ea32284ee15bb9e89b7f8cec2d816d428d47b4563d9,355a22331d804be98b4f318b98fc59429a05a007476c2bb95e9f8e757edf1094,0217c26a269b892a1b330b4dcc6298c8a48bda7c9aea5729e7aa67756f93f535,738,True,0.1865972871126429,0.24168091506346975,0.7934193162367401,13.600000000000001,0,136,0,0.23852598459985716,0.43576043931932146,0.1420600954948564,0.051380082964897156,"[0.05002777650952339, 0.05273238569498062]",0.5502324104309082,0.4241464138031006,0.12608599662780762,54.07041931152344,0.7294999957084656,0.13783146440982819,6.25,0.025142934173345566,0.40625,6.25,0.022416237741708755,0.40625,1.25,8.943147582933307,apiaviz/output/mechanisms/20260929T022212.829824Z-63812
7,2,43,apia_simple_colour,ant-7-seed-43-apia_simple_colour.json,4c82f385ed34c9c9b004e33083b2afb81c1b8592c6e19d3766cc3a02a4de9c1d,1ec548978a703513e60d0ea32284ee15bb9e89b7f8cec2d816d428d47b4563d9,355a22331d804be98b4f318b98fc59429a05a007476c2bb95e9f8e757edf1094,c7e444eae8a4012b0eb9f0b1f62768906c2f2b170979251f1261156f88632508,738,False,5.719920348056081,3.1136361287550396,5.113734571416771,20.0,0,200,0,3.1132486820691456,0.4333061219206785,3.5252265904585913,0.049219511449337006,"[0.04469309002161026, 0.05374593660235405]",0.5274697542190552,0.3997824788093567,0.1276872754096985,56.5134162902832,0.6997500061988831,0.1313984990119934,5.0,0.02936658263206482,0.375,5.0,0.029731914401054382,0.46875,2.25,11.894522415939718,apiaviz/output/mechanisms/20260929T022212.829824Z-63812
7,2,43,sobel_apia_colour,ant-7-seed-43-sobel_apia_colour.json,4c82f385ed34c9c9b004e33083b2afb81c1b8592c6e19d3766cc3a02a4de9c1d,1ec548978a703513e60d0ea32284ee15bb9e89b7f8cec2d816d428d47b4563d9,355a22331d804be98b4f318b98fc59429a05a007476c2bb95e9f8e757edf1094,68094ce3c37cc0d3635ca127c88bb77146726749219618575fb6ffa457b5d1dd,738,False,8.284808982403256,2.372162441995193,4.521348646992674,20.0,0,200,0,2.372077044776791,1.3477877304986061,1.9928897593292665,0.05136958137154579,"[0.05000677332282066, 0.05273238569498062]",0.6023240089416504,0.464041531085968,0.13828247785568237,48.852848052978516,0.6557499766349792,0.1456640064716339,7.5,0.024880312383174896,0.4375,3.75,0.02417445182800293,0.4375,2.75,12.53289245790802,apiaviz/output/mechanisms/20260929T022212.829824Z-63812
7,2,59,apiaviz,ant-7-seed-59-apiaviz.json,4c82f385ed34c9c9b004e33083b2afb81c1b8592c6e19d3766cc3a02a4de9c1d,1ec548978a703513e60d0ea32284ee15bb9e89b7f8cec2d816d428d47b4563d9,355a22331d804be98b4f318b98fc59429a05a007476c2bb95e9f8e757edf1094,8c3a0835a62feea52378432139290a7d7e4e3b6fa17bf951fb01d9774241b131,738,False,7.148105896089344,2.259548063443713,4.245018220190607,20.0,0,200,0,2.259532234557466,1.1253230302664696,2.0734360340308804,0.049517784267663956,"[0.0462818443775177, 0.05275372788310051]",0.5686312913894653,0.42988064885139465,0.13875064253807068,52.28263473510742,0.6701250076293945,0.13825879991054535,5.0,0.03237728774547577,0.375,5.0,0.035920776426792145,0.375,0.25,11.829174499958754,apiaviz/output/mechanisms/20260929T022212.829824Z-63812
7,2,59,gray,ant-7-seed-59-gray.json,4c82f385ed34c9c9b004e33083b2afb81c1b8592c6e19d3766cc3a02a4de9c1d,1ec548978a703513e60d0ea32284ee15bb9e89b7f8cec2d816d428d47b4563d9,355a22331d804be98b4f318b98fc59429a05a007476c2bb95e9f8e757edf1094,5ae6d146cf44612a1082bf9bbba2e6e4570aa8f25f4d3bdf4ed797ff4ae1e3c2,738,False,12.936157625287487,2.4884166558810823,5.391242423771714,20.0,0,200,0,2.4881779372087984,0.8180403504231545,2.979907875775007,0.05642242729663849,"[0.05684756115078926, 0.05599728971719742]",0.6901037693023682,0.5612421035766602,0.128861665725708,38.21280288696289,0.4937500059604645,0.16890829801559448,3.75,0.030219025909900665,0.34375,3.75,0.030219025909900665,0.34375,0.0,10.603499499848112,apiaviz/output/mechanisms/20260929T022212.829824Z-63812
7,2,59,raw_colour,ant-7-seed-59-raw_colour.json,4c82f385ed34c9c9b004e33083b2afb81c1b8592c6e19d3766cc3a02a4de9c1d,1ec548978a703513e60d0ea32284ee15bb9e89b7f8cec2d816d428d47b4563d9,355a22331d804be98b4f318b98fc59429a05a007476c2bb95e9f8e757edf1094,d4d23c2d90fb5c760b5be05fec010986c5a3a189014ea49640a1813f51e05d2a,738,False,1.540801748592079,0.8541058667520696,1.9755659962813206,20.0,0,200,0,0.853823915831329,0.5826127862203995,0.8250368623964006,0.05586043372750282,"[0.05546578764915466, 0.05625507980585098]",0.6703153252601624,0.5540619492530823,0.11625337600708008,45.744380950927734,0.5536249876022339,0.16697753965854645,13.75,0.010283522307872772,0.3125,13.75,0.010283522307872772,0.3125,0.0,10.922294707968831,apiaviz/output/mechanisms/20260929T022212.829824Z-63812
7,2,59,opponent,ant-7-seed-59-opponent.json,4c82f385ed34c9c9b004e33083b2afb81c1b8592c6e19d3766cc3a02a4de9c1d,1ec548978a703513e60d0ea32284ee15bb9e89b7f8cec2d816d428d47b4563d9,355a22331d804be98b4f318b98fc59429a05a007476c2bb95e9f8e757edf1094,9cd2ec84b7246e7f84cd2ed83733f11a9554e052c6d280aac5cec415c216c0d5,738,True,0.19919157734279166,0.33711445897647585,1.5251481427426907,14.5,0,145,0,0.3346708468508017,0.5793216927484964,0.13640172145787796,0.054722901433706284,"[0.05684756115078926, 0.05259823799133301]",0.599526047706604,0.48931053280830383,0.11021551489830017,53.693206787109375,0.625374972820282,0.15507309138774872,13.75,0.02773231267929077,0.375,13.75,0.02773231267929077,0.375,0.0,8.501825582934543,apiaviz/output/mechanisms/20260929T022212.829824Z-63812
7,2,59,sobel_colour,ant-7-seed-59-sobel_colour.json,4c82f385ed34c9c9b004e33083b2afb81c1b8592c6e19d3766cc3a02a4de9c1d,1ec548978a703513e60d0ea32284ee15bb9e89b7f8cec2d816d428d47b4563d9,355a22331d804be98b4f318b98fc59429a05a007476c2bb95e9f8e757edf1094,7719e7038e66b5cdc0c8f1367e9302c8c5b2d08c17c15418d8dba2da6a63dac1,738,False,9.263035701603707,2.0144649439537865,4.304578650958051,20.0,0,200,0,2.0144549176505757,1.3501430877731544,1.8377338779821524,0.049889057874679565,"[0.04717987775802612, 0.05259823799133301]",0.5370356440544128,0.39966580271720886,0.13736984133720398,54.82608413696289,0.6754999756813049,0.13348577916622162,6.25,0.03204646334052086,0.375,6.25,0.03204646334052086,0.375,0.0,11.412360124988481,apiaviz/output/mechanisms/20260929T022212.829824Z-63812
7,2,59,ardin_input,ant-7-seed-59-ardin_input.json,4c82f385ed34c9c9b004e33083b2afb81c1b8592c6e19d3766cc3a02a4de9c1d,1ec548978a703513e60d0ea32284ee15bb9e89b7f8cec2d816d428d47b4563d9,355a22331d804be98b4f318b98fc59429a05a007476c2bb95e9f8e757edf1094,ce4a01efbb4bb5cf97f005cfabbe51603cb550789b8942668fbaaa9b3d64ae2f,738,False,8.861526987554736,1.3443396772221892,2.732060137437439,20.0,0,200,0,1.3442063874636108,0.8693901003681763,1.2818283966670017,0.055521681904792786,"[0.054474253207445145, 0.05656910687685013]",0.707604706287384,0.5939845442771912,0.11362016201019287,40.90825653076172,0.4586249887943268,0.17177098989486694,15.0,0.012345857918262482,0.40625,15.0,0.012305796146392822,0.40625,1.0,18.50744141684845,apiaviz/output/mechanisms/20260929T022212.829824Z-63812
7,2,59,no_hex,ant-7-seed-59-no_hex.json,4c82f385ed34c9c9b004e33083b2afb81c1b8592c6e19d3766cc3a02a4de9c1d,1ec548978a703513e60d0ea32284ee15bb9e89b7f8cec2d816d428d47b4563d9,355a22331d804be98b4f318b98fc59429a05a007476c2bb95e9f8e757edf1094,49a25d362378e57c763a3931be62d4756c844792533d178f1c9160d064b4b069,738,False,14.108900497599205,4.934874701148604,11.66312442800865,20.0,0,200,0,4.934868571112728,0.8793125755491772,4.367868037613365,0.0498926155269146,"[0.04691971465945244, 0.052865516394376755]",0.5056927800178528,0.37851694226264954,0.12717583775520325,58.17790222167969,0.7058749794960022,0.12963487207889557,3.75,0.04151952639222145,0.4375,6.25,0.04574760049581528,0.40625,4.5,11.17128016706556,apiaviz/output/mechanisms/20260929T022212.829824Z-63812
7,2,59,no_adapt,ant-7-seed-59-no_adapt.json,4c82f385ed34c9c9b004e33083b2afb81c1b8592c6e19d3766cc3a02a4de9c1d,1ec548978a703513e60d0ea32284ee15bb9e89b7f8cec2d816d428d47b4563d9,355a22331d804be98b4f318b98fc59429a05a007476c2bb95e9f8e757edf1094,e6f63d615182d689fe6ba4fe0431cb811615c421e408c53126b6ad2b35e11fc1,738,False,9.696826802498896,4.670455638778543,8.1239989427929,20.0,0,200,0,4.670455638778543,1.6396159023795147,4.99109919981069,0.0534476637840271,"[0.054474592208862305, 0.052420731633901596]",0.7193869948387146,0.6053536534309387,0.11403334140777588,43.25330352783203,0.4950000047683716,0.17167824506759644,15.0,0.008987188339233398,0.3125,20.0,-0.008576538413763046,0.46875,20.25,10.873925500083715,apiaviz/output/mechanisms/20260929T022212.829824Z-63812
7,2,59,no_dog,ant-7-seed-59-no_dog.json,4c82f385ed34c9c9b004e33083b2afb81c1b8592c6e19d3766cc3a02a4de9c1d,1ec548978a703513e60d0ea32284ee15bb9e89b7f8cec2d816d428d47b4563d9,355a22331d804be98b4f318b98fc59429a05a007476c2bb95e9f8e757edf1094,a66cc565a21cb667c1758e0d49aa285a842d38a112db3244f2129b3525bc18f7,738,True,0.17138693256359072,0.1437892685200343,0.5728873444266492,12.8,0,128,0,0.1397652264004036,0.0769966993769565,0.10357773421911623,0.051302507519721985,"[0.04985128715634346, 0.05275372788310051]",0.5423520803451538,0.40826985239982605,0.13408222794532776,54.72418975830078,0.7202500104904175,0.13665631413459778,6.25,0.03690643608570099,0.3125,6.25,0.03691026568412781,0.3125,1.25,8.553461707895622,apiaviz/output/mechanisms/20260929T022212.829824Z-63812
7,2,59,apia_simple_colour,ant-7-seed-59-apia_simple_colour.json,4c82f385ed34c9c9b004e33083b2afb81c1b8592c6e19d3766cc3a02a4de9c1d,1ec548978a703513e60d0ea32284ee15bb9e89b7f8cec2d816d428d47b4563d9,355a22331d804be98b4f318b98fc59429a05a007476c2bb95e9f8e757edf1094,d8bc42a16dda350b2953471b0db3d54d78c2fc7b368ca835b714b717cd49043a,738,False,5.586974967314958,1.3903312527741492,2.5852037252540487,20.0,0,200,0,1.3901460006861006,1.1024662612629772,1.4755320082956223,0.049440041184425354,"[0.0462818443775177, 0.05259823799133301]",0.5059991478919983,0.37201446294784546,0.13398468494415283,56.938255310058594,0.6972500085830688,0.12816177308559418,10.0,0.040927622467279434,0.40625,10.0,0.04294820502400398,0.3125,2.25,11.983074832940474,apiaviz/output/mechanisms/20260929T022212.829824Z-63812
7,2,59,sobel_apia_colour,ant-7-seed-59-sobel_apia_colour.json,4c82f385ed34c9c9b004e33083b2afb81c1b8592c6e19d3766cc3a02a4de9c1d,1ec548978a703513e60d0ea32284ee15bb9e89b7f8cec2d816d428d47b4563d9,355a22331d804be98b4f318b98fc59429a05a007476c2bb95e9f8e757edf1094,05566259a6f05a7b61020ec1e837cffe7f20a2eacfd3f18f21cfb5483ac173e5,738,False,4.513469615361703,1.4734552382132304,3.042181084806187,20.0,0,200,0,1.473209204830485,0.7996914256202693,1.5498027464869952,0.04996680095791817,"[0.04717987775802612, 0.05275372788310051]",0.599057674407959,0.45679107308387756,0.14226660132408142,49.92312240600586,0.6483749747276306,0.14320768415927887,2.5,0.03483791649341583,0.375,2.5,0.03531644493341446,0.40625,0.75,12.66882837493904,apiaviz/output/mechanisms/20260929T022212.829824Z-63812
7,2,71,apiaviz,ant-7-seed-71-apiaviz.json,4c82f385ed34c9c9b004e33083b2afb81c1b8592c6e19d3766cc3a02a4de9c1d,1ec548978a703513e60d0ea32284ee15bb9e89b7f8cec2d816d428d47b4563d9,355a22331d804be98b4f318b98fc59429a05a007476c2bb95e9f8e757edf1094,f3e6f2d6f98364816130fd61a65df19e4dfbcaf9876212fa066ce3c631afeabe,738,False,13.446343361174602,5.156923609828544,11.92447425394197,20.0,0,200,0,5.156896661368312,1.1049711009161494,5.441642435378214,0.04782401770353317,"[0.046169038861989975, 0.04947899654507637]",0.5694227814674377,0.4349561631679535,0.13446661829948425,52.237884521484375,0.6693750023841858,0.1355871707201004,6.25,0.028065912425518036,0.40625,7.5,0.025387614965438843,0.375,1.75,11.806760000064969,apiaviz/output/mechanisms/20260929T022212.829824Z-63812
7,2,71,gray,ant-7-seed-71-gray.json,4c82f385ed34c9c9b004e33083b2afb81c1b8592c6e19d3766cc3a02a4de9c1d,1ec548978a703513e60d0ea32284ee15bb9e89b7f8cec2d816d428d47b4563d9,355a22331d804be98b4f318b98fc59429a05a007476c2bb95e9f8e757edf1094,7c92c36745848a6513b930c168e18194f930aca665256d7cf0dd80b582c0d6e5,738,False,15.498922975064053,6.492271033034396,12.826046098403081,20.0,0,200,0,6.492260213809909,1.5216155230432684,6.4676171061766645,0.05628150328993797,"[0.05706470087170601, 0.05549830570816994]",0.6852458715438843,0.546176552772522,0.1390693187713623,38.31620407104492,0.4946250021457672,0.1660248041152954,13.75,0.02841316908597946,0.34375,13.75,0.028516829013824463,0.34375,0.0,10.331946042133495,apiaviz/output/mechanisms/20260929T022212.829824Z-63812
7,2,71,raw_colour,ant-7-seed-71-raw_colour.json,4c82f385ed34c9c9b004e33083b2afb81c1b8592c6e19d3766cc3a02a4de9c1d,1ec548978a703513e60d0ea32284ee15bb9e89b7f8cec2d816d428d47b4563d9,355a22331d804be98b4f318b98fc59429a05a007476c2bb95e9f8e757edf1094,0c71e862284c56377558ecae68c7e1bdc2d1b8a59331f46756352b407654b931,738,True,0.14491852045677736,0.1629666771894581,0.5353460656749744,9.8,0,98,0,0.15984905379863923,0.22897240496668175,0.14630342553351827,0.056239496916532516,"[0.055469173938035965, 0.057009823620319366]",0.664716362953186,0.5492962598800659,0.11542010307312012,46.098453521728516,0.5517500042915344,0.16595777869224548,3.75,0.025704503059387207,0.3125,3.75,0.025704503059387207,0.3125,0.0,6.0743552499916404,apiaviz/output/mechanisms/20260929T022212.829824Z-63812
7,2,71,opponent,ant-7-seed-71-opponent.json,4c82f385ed34c9c9b004e33083b2afb81c1b8592c6e19d3766cc3a02a4de9c1d,1ec548978a703513e60d0ea32284ee15bb9e89b7f8cec2d816d428d47b4563d9,355a22331d804be98b4f318b98fc59429a05a007476c2bb95e9f8e757edf1094,c075d198735f470630b1ac036731848c0d0ff490e39b314f03428ee93b491c90,738,False,5.732507242243861,4.4616274348850045,6.523107439799391,20.0,0,200,0,4.46162002720702,1.2983746947974033,5.453047623282404,0.053109925240278244,"[0.05706470087170601, 0.04915514960885048]",0.6032598614692688,0.49116241931915283,0.11209744215011597,53.874481201171875,0.6144999861717224,0.15233005583286285,2.5,0.03172293305397034,0.375,2.5,0.03172293305397034,0.375,0.0,10.51812170795165,apiaviz/output/mechanisms/20260929T022212.829824Z-63812
7,2,71,sobel_colour,ant-7-seed-71-sobel_colour.json,4c82f385ed34c9c9b004e33083b2afb81c1b8592c6e19d3766cc3a02a4de9c1d,1ec548978a703513e60d0ea32284ee15bb9e89b7f8cec2d816d428d47b4563d9,355a22331d804be98b4f318b98fc59429a05a007476c2bb95e9f8e757edf1094,e098c9840e2dae3fe3a2176084c267cf84440a7ecd024b9b631e9a2651ee5352,738,False,5.470499707708575,1.2773213396237195,5.470499707708575,20.0,0,200,0,1.2740257464917215,0.2287798823325583,0.427345694320723,0.04982520267367363,"[0.05049525573849678, 0.04915514960885048]",0.5493022799491882,0.40924009680747986,0.14006218314170837,53.583946228027344,0.6661249995231628,0.13483557105064392,5.0,0.03971393406391144,0.4375,5.0,0.03971393406391144,0.4375,0.0,10.875446959165856,apiaviz/output/mechanisms/20260929T022212.829824Z-63812
7,2,71,ardin_input,ant-7-seed-71-ardin_input.json,4c82f385ed34c9c9b004e33083b2afb81c1b8592c6e19d3766cc3a02a4de9c1d,1ec548978a703513e60d0ea32284ee15bb9e89b7f8cec2d816d428d47b4563d9,355a22331d804be98b4f318b98fc59429a05a007476c2bb95e9f8e757edf1094,d560c3627e5005b140ab595b718539833b9cc8cf58c95f994cd2074b1cfdb923,738,True,0.17052001930832264,0.47345494595859955,1.5227208918434036,16.400000000000002,0,164,0,0.47185860726274953,0.36990603393433125,0.3053651752537456,0.05570968985557556,"[0.05704979598522186, 0.05436958000063896]",0.6957351565361023,0.578618049621582,0.11711710691452026,39.524112701416016,0.46700000762939453,0.16907839477062225,8.75,0.016464874148368835,0.375,8.75,0.01618240773677826,0.375,0.0,15.582365792011842,apiaviz/output/mechanisms/20260929T022212.829824Z-63812
7,2,71,no_hex,ant-7-seed-71-no_hex.json,4c82f385ed34c9c9b004e33083b2afb81c1b8592c6e19d3766cc3a02a4de9c1d,1ec548978a703513e60d0ea32284ee15bb9e89b7f8cec2d816d428d47b4563d9,355a22331d804be98b4f318b98fc59429a05a007476c2bb95e9f8e757edf1094,c5a02e18598549e4aeef2bbae378b46bd27d4e37bd08b9bb04fee47ffb5c5e55,738,False,5.425262890696203,1.7068957571112804,3.1103645557407456,20.0,0,200,0,1.7068728118240626,1.2783746605081243,1.76769826410209,0.04908689111471176,"[0.048402778804302216, 0.04977100342512131]",0.5112400650978088,0.38580241799354553,0.1254376471042633,58.717552185058594,0.7101250290870667,0.12891031801700592,6.25,0.04859568551182747,0.375,3.75,0.04001029580831528,0.34375,2.0,11.60848795901984,apiaviz/output/mechanisms/20260929T022212.829824Z-63812
7,2,71,no_adapt,ant-7-seed-71-no_adapt.json,4c82f385ed34c9c9b004e33083b2afb81c1b8592c6e19d3766cc3a02a4de9c1d,1ec548978a703513e60d0ea32284ee15bb9e89b7f8cec2d816d428d47b4563d9,355a22331d804be98b4f318b98fc59429a05a007476c2bb95e9f8e757edf1094,5ae8399ef2d21608ca2a3b1aa6a6566f3da4f0de21e985428929d8f0be9b2f70,738,True,0.19473785148068948,0.3660464020064678,1.4877433429835336,15.100000000000001,0,151,0,0.36296501829529865,0.2075119467886307,0.13599886913146642,0.05035348981618881,"[0.05153658613562584, 0.049170393496751785]",0.7252662777900696,0.6293375492095947,0.09592872858047485,43.28349304199219,0.4880000054836273,0.1696796864271164,11.25,0.012995272874832153,0.40625,36.25,-0.030137252062559128,0.40625,33.5,9.04709808412008,apiaviz/output/mechanisms/20260929T022212.829824Z-63812
7,2,71,no_dog,ant-7-seed-71-no_dog.json,4c82f385ed34c9c9b004e33083b2afb81c1b8592c6e19d3766cc3a02a4de9c1d,1ec548978a703513e60d0ea32284ee15bb9e89b7f8cec2d816d428d47b4563d9,355a22331d804be98b4f318b98fc59429a05a007476c2bb95e9f8e757edf1094,0119d2ec05cf8bcfc1c26ec0ea478099eaa3a354646c5538c5f6d6d7b352bc09,738,False,15.558818029110315,5.363143057419255,12.384430118822294,20.0,0,200,0,5.363094205329905,0.8065097246564625,5.087262817329373,0.04992784559726715,"[0.05037669464945793, 0.04947899654507637]",0.5383346080780029,0.4068394601345062,0.1314951479434967,54.866188049316406,0.7147499918937683,0.13353092968463898,6.25,0.027807239443063736,0.34375,10.0,0.022175952792167664,0.375,3.25,11.420916999923065,apiaviz/output/mechanisms/20260929T022212.829824Z-63812
7,2,71,apia_simple_colour,ant-7-seed-71-apia_simple_colour.json,4c82f385ed34c9c9b004e33083b2afb81c1b8592c6e19d3766cc3a02a4de9c1d,1ec548978a703513e60d0ea32284ee15bb9e89b7f8cec2d816d428d47b4563d9,355a22331d804be98b4f318b98fc59429a05a007476c2bb95e9f8e757edf1094,088c59dedc2bafdf5ecdf9dfa2b26b6480404bef123f23e7b27341c836a485a4,738,False,5.494786151216648,1.6646706719696305,3.114326334135348,20.0,0,200,0,1.6645871147213867,0.6933003848834377,1.3484852994513172,0.04766209423542023,"[0.046169038861989975, 0.04915514960885048]",0.5188296437263489,0.387845903635025,0.13098374009132385,57.07834243774414,0.6958749890327454,0.12715965509414673,8.75,0.04294246435165405,0.34375,3.75,0.043295666575431824,0.34375,1.25,13.001663874834776,apiaviz/output/mechanisms/20260929T022212.829824Z-63812
7,2,71,sobel_apia_colour,ant-7-seed-71-sobel_apia_colour.json,4c82f385ed34c9c9b004e33083b2afb81c1b8592c6e19d3766cc3a02a4de9c1d,1ec548978a703513e60d0ea32284ee15bb9e89b7f8cec2d816d428d47b4563d9,355a22331d804be98b4f318b98fc59429a05a007476c2bb95e9f8e757edf1094,85044ae7f1aebb0258db9d39ea0e99ab76264fb8f76d6db5decab44b286834ea,738,False,4.880526136611836,1.4153446245231598,2.4428060116658807,20.0,0,200,0,1.4152695074061246,1.4651053574981205,1.3439798228523219,0.049987126141786575,"[0.05049525573849678, 0.04947899654507637]",0.5968116521835327,0.4543273150920868,0.14248433709144592,48.87297821044922,0.6396250128746033,0.14280837774276733,3.75,0.02975010871887207,0.3125,5.0,0.024882614612579346,0.375,1.75,12.95430341688916,apiaviz/output/mechanisms/20260929T022212.829824Z-63812
9,2,19,apiaviz,ant-9-seed-19-apiaviz.json,116b2def170d604b7825072eb9ca36d3fb6330d69e2fcce688bdb3441c52c3a0,948dab05520d047fbd4f65e7ff385167e93a4860649095959ea69758f32f6932,1a39144efd28c213375a81b8401d63c690175a3c9591d11accc80fcb406456be,faf044eff865ffe5d14a049d82e1fad36d85621274abff725de56f86c4e715d7,729,True,0.13321740563249,0.06938854905235017,0.1678019110521998,8.200000000000001,0,82,0,0.06495225986488938,0.04959710069365623,0.05336602392499922,0.05007819086313248,"[0.046970851719379425, 0.05318552628159523]",0.5663514733314514,0.4492197334766388,0.11713173985481262,53.53649139404297,0.6917499899864197,0.1371861845254898,13.75,-0.012681074440479279,0.375,21.25,-0.011515706777572632,0.3125,4.75,7.193561875028536,apiaviz/output/mechanisms/20260929T022212.829824Z-63812
9,2,19,gray,ant-9-seed-19-gray.json,116b2def170d604b7825072eb9ca36d3fb6330d69e2fcce688bdb3441c52c3a0,948dab05520d047fbd4f65e7ff385167e93a4860649095959ea69758f32f6932,1a39144efd28c213375a81b8401d63c690175a3c9591d11accc80fcb406456be,53ff0db155f64db3ff15f4169f01603c39867257bbc0d63fc76cfde981d7692a,729,False,1.9194412986111213,0.40359753990183705,1.0985507383020423,20.0,0,200,0,0.4014961389317543,0.12848513776715467,0.3767472296515817,0.05735013633966446,"[0.05893072858452797, 0.05576954782009125]",0.6869775056838989,0.5608847737312317,0.12609273195266724,38.920169830322266,0.49825000762939453,0.16888181865215302,16.25,6.076693534851074e-05,0.40625,16.25,6.076693534851074e-05,0.40625,0.0,11.488701582886279,apiaviz/output/mechanisms/20260929T022212.829824Z-63812
9,2,19,raw_colour,ant-9-seed-19-raw_colour.json,116b2def170d604b7825072eb9ca36d3fb6330d69e2fcce688bdb3441c52c3a0,948dab05520d047fbd4f65e7ff385167e93a4860649095959ea69758f32f6932,1a39144efd28c213375a81b8401d63c690175a3c9591d11accc80fcb406456be,cfdffe743049312f814f41f70837eacfc83e738ddff568d08a30781a1dfb010d,729,True,0.17992509525781872,0.14805222436716198,0.25744184545221516,8.5,0,85,0,0.14624021910901308,0.11494212297965949,0.16671440891238096,0.05506104230880737,"[0.05623045191168785, 0.053891632705926895]",0.6595860719680786,0.5471200346946716,0.11246603727340698,46.23749542236328,0.5711249709129333,0.16190384328365326,17.5,-0.004597112536430359,0.40625,17.5,-0.004597112536430359,0.40625,0.0,6.164010375039652,apiaviz/output/mechanisms/20260929T022212.829824Z-63812
9,2,19,opponent,ant-9-seed-19-opponent.json,116b2def170d604b7825072eb9ca36d3fb6330d69e2fcce688bdb3441c52c3a0,948dab05520d047fbd4f65e7ff385167e93a4860649095959ea69758f32f6932,1a39144efd28c213375a81b8401d63c690175a3c9591d11accc80fcb406456be,8cdc19770b092a46f8d19ca068591a99dfa85d74982b97677a90265901423a5f,729,True,0.19526744049711686,0.11272692164694867,0.20940877794781418,8.3,0,83,0,0.11008525089690037,0.06381400787568488,0.16047297200444902,0.05603806674480438,"[0.05893072858452797, 0.053145404905080795]",0.6099177598953247,0.5082165002822876,0.10170125961303711,54.47279739379883,0.6302499771118164,0.15692932903766632,18.75,-0.011272400617599487,0.4375,18.75,-0.011272400617599487,0.4375,0.0,5.5288626661058515,apiaviz/output/mechanisms/20260929T022212.829824Z-63812
9,2,19,sobel_colour,ant-9-seed-19-sobel_colour.json,116b2def170d604b7825072eb9ca36d3fb6330d69e2fcce688bdb3441c52c3a0,948dab05520d047fbd4f65e7ff385167e93a4860649095959ea69758f32f6932,1a39144efd28c213375a81b8401d63c690175a3c9591d11accc80fcb406456be,fa7b58c8ef07ba799d3c862dfbe23f383615f1607330ceb20c0e7330f8519b4f,729,True,0.18781240532605958,0.03789896806529855,0.08203524563472465,7.9,0,79,0,0.03404214759319873,0.03161669385269717,0.0425778504407463,0.04993347078561783,"[0.04672153666615486, 0.053145404905080795]",0.5464171171188354,0.4261370897293091,0.12028002738952637,56.28688430786133,0.6771249771118164,0.1341245174407959,8.75,-0.0018506422638893127,0.3125,8.75,-0.0019474625587463379,0.3125,0.0,6.160668875090778,apiaviz/output/mechanisms/20260929T022212.829824Z-63812
9,2,19,ardin_input,ant-9-seed-19-ardin_input.json,116b2def170d604b7825072eb9ca36d3fb6330d69e2fcce688bdb3441c52c3a0,948dab05520d047fbd4f65e7ff385167e93a4860649095959ea69758f32f6932,1a39144efd28c213375a81b8401d63c690175a3c9591d11accc80fcb406456be,b316663b4edac542d42dc9c0bbc856b858d4dc9e2095eb142b25fff5d456c89f,729,False,6.390119885510661,1.2857727138409865,4.078513953824713,20.0,0,200,0,1.2850415848297023,0.2817783012615249,1.2020247641532773,0.053671810775995255,"[0.05089986324310303, 0.05644375830888748]",0.7022026181221008,0.5963154435157776,0.10588717460632324,39.8017578125,0.4690000116825104,0.1668432056903839,22.5,0.0026637837290763855,0.3125,22.5,0.0030381903052330017,0.3125,0.0,19.969322541030124,apiaviz/output/mechanisms/20260929T022212.829824Z-63812
9,2,19,no_hex,ant-9-seed-19-no_hex.json,116b2def170d604b7825072eb9ca36d3fb6330d69e2fcce688bdb3441c52c3a0,948dab05520d047fbd4f65e7ff385167e93a4860649095959ea69758f32f6932,1a39144efd28c213375a81b8401d63c690175a3c9591d11accc80fcb406456be,f5a30a154711723381a606a2f5ff93ebf20bd72c56f893c4e590c6b3b73242e6,729,False,0.7729914791993334,0.5075658439176418,2.0122169038287256,20.0,0,200,0,0.5039168664007974,0.5483309764080727,0.1808167932749215,0.05082201585173607,"[0.04809293523430824, 0.053551096469163895]",0.5106813311576843,0.39496126770973206,0.11572006344795227,58.694129943847656,0.731249988079071,0.12977612018585205,8.75,-0.0008361712098121643,0.46875,8.75,-0.006815455853939056,0.40625,1.75,12.528446374926716,apiaviz/output/mechanisms/20260929T022212.829824Z-63812
9,2,19,no_adapt,ant-9-seed-19-no_adapt.json,116b2def170d604b7825072eb9ca36d3fb6330d69e2fcce688bdb3441c52c3a0,948dab05520d047fbd4f65e7ff385167e93a4860649095959ea69758f32f6932,1a39144efd28c213375a81b8401d63c690175a3c9591d11accc80fcb406456be,9198030aabcccc73a93f371367571f5c66f90d195f5485329a17e40c735934c8,729,False,5.936491498851047,1.565529391053741,4.328258752243132,20.0,0,200,0,1.5652783125614327,0.34319458914301015,1.1184596903736914,0.05357767641544342,"[0.054211247712373734, 0.05294410139322281]",0.7202051281929016,0.6300307512283325,0.09017437696456909,44.73280715942383,0.5022500157356262,0.17151477932929993,21.25,-0.0034726187586784363,0.40625,35.0,-0.03039512410759926,0.59375,20.5,12.020944291958585,apiaviz/output/mechanisms/20260929T022212.829824Z-63812
9,2,19,no_dog,ant-9-seed-19-no_dog.json,116b2def170d604b7825072eb9ca36d3fb6330d69e2fcce688bdb3441c52c3a0,948dab05520d047fbd4f65e7ff385167e93a4860649095959ea69758f32f6932,1a39144efd28c213375a81b8401d63c690175a3c9591d11accc80fcb406456be,5eb94a3b57a6ae06bb4960b0d0a69d21d276ba0cd26433a88eb93970bcce8895,729,True,0.19729397187763148,0.011796034735594329,0.030693541403462712,7.9,0,79,0,0.009654151908117454,0.008890822361077428,0.011350268251650454,0.05191769450902939,"[0.05064986273646355, 0.05318552628159523]",0.5374752283096313,0.42357727885246277,0.11389794945716858,56.129730224609375,0.7451249957084656,0.13510535657405853,21.25,-0.004468239843845367,0.34375,21.25,-0.0030727311968803406,0.34375,1.75,6.437784624984488,apiaviz/output/mechanisms/20260929T022212.829824Z-63812
9,2,19,apia_simple_colour,ant-9-seed-19-apia_simple_colour.json,116b2def170d604b7825072eb9ca36d3fb6330d69e2fcce688bdb3441c52c3a0,948dab05520d047fbd4f65e7ff385167e93a4860649095959ea69758f32f6932,1a39144efd28c213375a81b8401d63c690175a3c9591d11accc80fcb406456be,b9dfc8ac731922e1848b41acb6e061a729c996004d2e31fb76238b2b92d4316d,729,True,0.18063398482594514,0.11053745661358583,0.20374931383674647,8.3,0,83,0,0.10683942177219782,0.07794637523992282,0.12445103611719656,0.05005812644958496,"[0.046970851719379425, 0.053145404905080795]",0.5101816058158875,0.3919786512851715,0.11820295453071594,57.967769622802734,0.7106249928474426,0.12819458544254303,13.75,-0.013549990952014923,0.34375,13.75,-0.012540165334939957,0.40625,1.75,6.562662166077644,apiaviz/output/mechanisms/20260929T022212.829824Z-63812
9,2,19,sobel_apia_colour,ant-9-seed-19-sobel_apia_colour.json,116b2def170d604b7825072eb9ca36d3fb6330d69e2fcce688bdb3441c52c3a0,948dab05520d047fbd4f65e7ff385167e93a4860649095959ea69758f32f6932,1a39144efd28c213375a81b8401d63c690175a3c9591d11accc80fcb406456be,5fe5d1c81ff290efc9d4448967b36b096a54dd4ae8070a70436ded24a1a236ee,729,True,0.17487619355016662,0.09291638832142886,0.16970866127656153,8.200000000000001,0,82,0,0.09096338868335496,0.06391596209853033,0.11054207238593461,0.049953531473875046,"[0.04672153666615486, 0.05318552628159523]",0.602919340133667,0.48278942704200745,0.12012991309165955,51.32563018798828,0.6582499742507935,0.1427430808544159,21.25,-0.0008332058787345886,0.375,21.25,0.00103016197681427,0.3125,1.75,6.570608667097986,apiaviz/output/mechanisms/20260929T022212.829824Z-63812
9,2,31,apiaviz,ant-9-seed-31-apiaviz.json,116b2def170d604b7825072eb9ca36d3fb6330d69e2fcce688bdb3441c52c3a0,948dab05520d047fbd4f65e7ff385167e93a4860649095959ea69758f32f6932,1a39144efd28c213375a81b8401d63c690175a3c9591d11accc80fcb406456be,6c9372e9af9a3ba9b11fe5c98a1d8c5a9174d7646bb571c44e7274eb7f818cbd,729,True,0.18848492825590124,0.02786873133199761,0.04786888494825583,7.9,0,79,0,0.025220958936442012,0.021784988712506514,0.031053948857956568,0.049873627722263336,"[0.04513854533433914, 0.05460871011018753]",0.5730515718460083,0.45532357692718506,0.11772799491882324,53.123870849609375,0.6759999990463257,0.1386827826499939,22.5,-0.01724347472190857,0.34375,22.5,-0.01620643585920334,0.40625,5.5,6.308037957875058,apiaviz/output/mechanisms/20260929T022212.829824Z-63812
9,2,31,gray,ant-9-seed-31-gray.json,116b2def170d604b7825072eb9ca36d3fb6330d69e2fcce688bdb3441c52c3a0,948dab05520d047fbd4f65e7ff385167e93a4860649095959ea69758f32f6932,1a39144efd28c213375a81b8401d63c690175a3c9591d11accc80fcb406456be,040823b4a572c1b1d64c32ee5f9aa57dbb08fc76a6b72e44485613405d23ea76,729,False,0.5778014264823182,0.5265396747121232,1.381257438169422,20.0,0,200,0,0.5253575121819855,0.1577712516294615,0.5051543021611504,0.05841803923249245,"[0.05969924479722977, 0.05713682994246483]",0.6904844045639038,0.5687083005905151,0.12177610397338867,39.631256103515625,0.49912500381469727,0.17053121328353882,28.75,-0.002697095274925232,0.34375,28.75,-0.002697095274925232,0.34375,0.0,11.896995083196089,apiaviz/output/mechanisms/20260929T022212.829824Z-63812
9,2,31,raw_colour,ant-9-seed-31-raw_colour.json,116b2def170d604b7825072eb9ca36d3fb6330d69e2fcce688bdb3441c52c3a0,948dab05520d047fbd4f65e7ff385167e93a4860649095959ea69758f32f6932,1a39144efd28c213375a81b8401d63c690175a3c9591d11accc80fcb406456be,72693bf04e5cf8d2345dab98eb73c9d09b0e3e4590db59af288b53943403db8d,729,False,6.491758008164052,1.7853213631713394,6.01721590708966,20.0,0,200,0,1.7844293159103715,0.029403213764801355,1.8704003064675796,0.055746741592884064,"[0.05479903891682625, 0.05669444426894188]",0.6660733222961426,0.5600461363792419,0.10602718591690063,47.0323371887207,0.5637500286102295,0.16422763466835022,17.5,0.0038485676050186157,0.34375,17.5,0.0038485676050186157,0.34375,0.0,11.447867250069976,apiaviz/output/mechanisms/20260929T022212.829824Z-63812
9,2,31,opponent,ant-9-seed-31-opponent.json,116b2def170d604b7825072eb9ca36d3fb6330d69e2fcce688bdb3441c52c3a0,948dab05520d047fbd4f65e7ff385167e93a4860649095959ea69758f32f6932,1a39144efd28c213375a81b8401d63c690175a3c9591d11accc80fcb406456be,4f3af193f8255169f8cb54836e74ef9656291fd84e35960e85fb063fbd37d8a4,729,False,2.3609969490385088,0.7698736716895814,2.3609969490385088,20.0,0,200,0,0.769171257573819,0.08289587610080272,0.6465069453520813,0.05667524039745331,"[0.05969924479722977, 0.05365123599767685]",0.6065446138381958,0.5041972994804382,0.10234731435775757,53.62492370605469,0.6320000290870667,0.1561513990163803,20.0,-0.019389480352401733,0.34375,20.0,-0.01946975290775299,0.34375,0.0,11.450849500019103,apiaviz/output/mechanisms/20260929T022212.829824Z-63812
9,2,31,sobel_colour,ant-9-seed-31-sobel_colour.json,116b2def170d604b7825072eb9ca36d3fb6330d69e2fcce688bdb3441c52c3a0,948dab05520d047fbd4f65e7ff385167e93a4860649095959ea69758f32f6932,1a39144efd28c213375a81b8401d63c690175a3c9591d11accc80fcb406456be,bd1b53b1910aa48618f0dd494ff70412e90a3911865b0e11648ad928aa99d7aa,729,True,0.19712353735421326,0.018161368861035296,0.06329643928862219,7.9,0,79,0,0.01695972094739934,0.01779688198762516,0.017273697471582573,0.05207030102610588,"[0.05048936977982521, 0.05365123599767685]",0.5445592403411865,0.41766566038131714,0.12689357995986938,55.009647369384766,0.6892499923706055,0.13576172292232513,15.0,-0.00782574713230133,0.3125,15.0,-0.008118748664855957,0.3125,0.0,6.330141374841332,apiaviz/output/mechanisms/20260929T022212.829824Z-63812
9,2,31,ardin_input,ant-9-seed-31-ardin_input.json,116b2def170d604b7825072eb9ca36d3fb6330d69e2fcce688bdb3441c52c3a0,948dab05520d047fbd4f65e7ff385167e93a4860649095959ea69758f32f6932,1a39144efd28c213375a81b8401d63c690175a3c9591d11accc80fcb406456be,67061359b23f8ea9f80addc5cf63a076d371d30ee2297619c310873996ef5a60,729,False,10.289175157465284,2.098302814783501,3.408476315835973,20.0,0,200,0,2.0981426595858,0.7421563904133842,2.302571761459019,0.057199932634830475,"[0.05657338723540306, 0.05782647430896759]",0.6888713836669922,0.5749539136886597,0.11391746997833252,39.377052307128906,0.4740000069141388,0.16989564895629883,18.75,0.009840443730354309,0.3125,18.75,0.0095706507563591,0.3125,0.0,19.53478854196146,apiaviz/output/mechanisms/20260929T022212.829824Z-63812
9,2,31,no_hex,ant-9-seed-31-no_hex.json,116b2def170d604b7825072eb9ca36d3fb6330d69e2fcce688bdb3441c52c3a0,948dab05520d047fbd4f65e7ff385167e93a4860649095959ea69758f32f6932,1a39144efd28c213375a81b8401d63c690175a3c9591d11accc80fcb406456be,e9c229021cdcade278eab1ca25f06463d2a21ce1c0f30ffd1936aa035da0a5be,729,True,0.11412997718035563,0.05775599591456802,0.3873903319687174,9.200000000000001,0,92,0,0.053424804486152354,0.0737494730802944,0.03715564234887544,0.049830760806798935,"[0.04596742242574692, 0.05369410291314125]",0.5102654695510864,0.3970877230167389,0.11317774653434753,58.352657318115234,0.718999981880188,0.12967468798160553,22.5,-0.024806536734104156,0.3125,18.75,-0.018596678972244263,0.375,5.25,7.188326332950965,apiaviz/output/mechanisms/20260929T022212.829824Z-63812
9,2,31,no_adapt,ant-9-seed-31-no_adapt.json,116b2def170d604b7825072eb9ca36d3fb6330d69e2fcce688bdb3441c52c3a0,948dab05520d047fbd4f65e7ff385167e93a4860649095959ea69758f32f6932,1a39144efd28c213375a81b8401d63c690175a3c9591d11accc80fcb406456be,ffb658cbabe58f11ccb0681f0f6ef7eabf5e2c38616faad6691b9054cc6e836e,729,True,0.18203174403939032,0.16463111750965945,0.6897717269172007,10.700000000000001,0,107,0,0.1612788040033999,0.08557055323377907,0.10929342846616152,0.053344305604696274,"[0.05266289412975311, 0.05402572080492973]",0.7217689752578735,0.6319950819015503,0.08977389335632324,43.1707649230957,0.503125011920929,0.17210765182971954,26.25,-0.01590239256620407,0.40625,35.0,-0.027712542563676834,0.625,34.0,7.3321501249447465,apiaviz/output/mechanisms/20260929T022212.829824Z-63812
9,2,31,no_dog,ant-9-seed-31-no_dog.json,116b2def170d604b7825072eb9ca36d3fb6330d69e2fcce688bdb3441c52c3a0,948dab05520d047fbd4f65e7ff385167e93a4860649095959ea69758f32f6932,1a39144efd28c213375a81b8401d63c690175a3c9591d11accc80fcb406456be,1c420dd43e030f398cf8102cdfd2e711088a8f1f099d25c817c95b3fdabc8ef8,729,True,0.16797607225471778,0.03255252513914131,0.06948671140167417,8.0,0,80,0,0.026484106192684383,0.024920107107145158,0.03356978185864821,0.05196124687790871,"[0.04931378737092018, 0.05460871011018753]",0.5411663055419922,0.4279968738555908,0.11316943168640137,55.699195861816406,0.7351250052452087,0.13625891506671906,21.25,0.0015921667218208313,0.34375,21.25,-0.0012673288583755493,0.4375,7.25,5.9881785828620195,apiaviz/output/mechanisms/20260929T022212.829824Z-63812
9,2,31,apia_simple_colour,ant-9-seed-31-apia_simple_colour.json,116b2def170d604b7825072eb9ca36d3fb6330d69e2fcce688bdb3441c52c3a0,948dab05520d047fbd4f65e7ff385167e93a4860649095959ea69758f32f6932,1a39144efd28c213375a81b8401d63c690175a3c9591d11accc80fcb406456be,e4f813859ff0d411a91d64057a2b38e640f5b6d2efe896928ecfee45bd7f2166,729,False,5.225383813262522,1.7427778461343135,5.225383813262522,20.0,0,200,0,1.7422715660587624,0.10255696914881343,1.7812491837422226,0.049394890666007996,"[0.04513854533433914, 0.05365123599767685]",0.5116197466850281,0.39555278420448303,0.11606696248054504,57.75448989868164,0.6957499980926514,0.12877893447875977,17.5,-0.018440179526805878,0.3125,17.5,-0.017537884414196014,0.28125,3.0,13.178299209102988,apiaviz/output/mechanisms/20260929T022212.829824Z-63812
9,2,31,sobel_apia_colour,ant-9-seed-31-sobel_apia_colour.json,116b2def170d604b7825072eb9ca36d3fb6330d69e2fcce688bdb3441c52c3a0,948dab05520d047fbd4f65e7ff385167e93a4860649095959ea69758f32f6932,1a39144efd28c213375a81b8401d63c690175a3c9591d11accc80fcb406456be,3ba0c1ea0ae6c193839572b1772d7404710a93470b18441c0686f1dce8538638,729,True,0.1913936622613255,0.04475665479008854,0.24220817699950803,8.1,0,81,0,0.04247386863121,0.021133715518837658,0.030670170073325786,0.05254903808236122,"[0.05048936977982521, 0.05460871011018753]",0.6021639704704285,0.47389835119247437,0.1282656192779541,50.41050720214844,0.6694999933242798,0.14518120884895325,21.25,-0.009808473289012909,0.34375,21.25,-0.010696850717067719,0.40625,5.25,7.561217874987051,apiaviz/output/mechanisms/20260929T022212.829824Z-63812
9,2,43,apiaviz,ant-9-seed-43-apiaviz.json,116b2def170d604b7825072eb9ca36d3fb6330d69e2fcce688bdb3441c52c3a0,948dab05520d047fbd4f65e7ff385167e93a4860649095959ea69758f32f6932,1a39144efd28c213375a81b8401d63c690175a3c9591d11accc80fcb406456be,c9d3fc13c31819a5120e929c4c5d39a41ff0ac244ea34fdaadbe726c46ef6c84,729,True,0.12404882503739843,0.03481551098566297,0.05717198560337314,8.0,0,80,0,0.028849113372829915,0.03021047583299684,0.037809161399535315,0.04864197596907616,"[0.04451749101281166, 0.05276646092534065]",0.57835853099823,0.4622776508331299,0.1160808801651001,53.20392990112305,0.6823750138282776,0.13709649443626404,17.5,-0.004500530660152435,0.34375,17.5,-0.005206078290939331,0.375,0.75,5.964568790979683,apiaviz/output/mechanisms/20260929T022212.829824Z-63812
9,2,43,gray,ant-9-seed-43-gray.json,116b2def170d604b7825072eb9ca36d3fb6330d69e2fcce688bdb3441c52c3a0,948dab05520d047fbd4f65e7ff385167e93a4860649095959ea69758f32f6932,1a39144efd28c213375a81b8401d63c690175a3c9591d11accc80fcb406456be,f2555868fc24f3d4a387bffbd64d0b04a1b0c947e2fbcf467efcc28f3f58f8f0,729,False,3.8414407908157204,0.988153934473321,3.8414407908157204,20.0,0,200,0,0.9872547776602317,0.07984184289059028,0.6993625774259301,0.05773216858506203,"[0.0571436882019043, 0.05832064524292946]",0.6947164535522461,0.5729211568832397,0.12179529666900635,38.6439094543457,0.5044999718666077,0.17017801105976105,16.25,-0.003735385835170746,0.34375,16.25,-0.003735385835170746,0.34375,0.0,11.661949041066691,apiaviz/output/mechanisms/20260929T022212.829824Z-63812
9,2,43,raw_colour,ant-9-seed-43-raw_colour.json,116b2def170d604b7825072eb9ca36d3fb6330d69e2fcce688bdb3441c52c3a0,948dab05520d047fbd4f65e7ff385167e93a4860649095959ea69758f32f6932,1a39144efd28c213375a81b8401d63c690175a3c9591d11accc80fcb406456be,3defe9f59a64e13b2eafdb4edc1ed054fdf09880190550c1146a4862598965f7,729,True,0.16591502020311105,0.08563077581304711,0.3805590751242059,8.3,0,83,0,0.08247609116709238,0.09254453307857294,0.03799530104978423,0.0555361807346344,"[0.05541186407208443, 0.055660493671894073]",0.6620289087295532,0.5537551641464233,0.10827374458312988,45.736175537109375,0.5699999928474426,0.16303983330726624,20.0,-0.009350471198558807,0.40625,20.0,-0.009350471198558807,0.40625,0.0,5.798235249938443,apiaviz/output/mechanisms/20260929T022212.829824Z-63812
9,2,43,opponent,ant-9-seed-43-opponent.json,116b2def170d604b7825072eb9ca36d3fb6330d69e2fcce688bdb3441c52c3a0,948dab05520d047fbd4f65e7ff385167e93a4860649095959ea69758f32f6932,1a39144efd28c213375a81b8401d63c690175a3c9591d11accc80fcb406456be,d2260d97f23154d4da1b9690bea059539045801aa8f2f9d8ce1bf9a8b4f74f2d,729,True,0.19253852885149547,0.1139018159702022,0.21645153746118667,8.200000000000001,0,82,0,0.11179005112413906,0.09390975112132068,0.1363668669082567,0.055612653493881226,"[0.0571436882019043, 0.054081618785858154]",0.6129539012908936,0.5155872106552124,0.09736669063568115,54.02714157104492,0.6284999847412109,0.15621788799762726,21.25,-0.01739504188299179,0.5,21.25,-0.01739504188299179,0.5,0.0,5.537033583037555,apiaviz/output/mechanisms/20260929T022212.829824Z-63812
9,2,43,sobel_colour,ant-9-seed-43-sobel_colour.json,116b2def170d604b7825072eb9ca36d3fb6330d69e2fcce688bdb3441c52c3a0,948dab05520d047fbd4f65e7ff385167e93a4860649095959ea69758f32f6932,1a39144efd28c213375a81b8401d63c690175a3c9591d11accc80fcb406456be,d0331af7602a9dbf9f4741fa997ea84ab81dffce492d87570258ef76806321b5,729,True,0.1302391987103797,0.052178879902004774,0.18443671226375719,8.0,0,80,0,0.048523220628850595,0.02126498411134942,0.03356978185864821,0.05202777683734894,"[0.04997393861413002, 0.054081618785858154]",0.5436113476753235,0.42156708240509033,0.12204426527023315,55.82773971557617,0.6888750195503235,0.13579127192497253,11.25,-0.005774743854999542,0.3125,11.25,-0.005952499806880951,0.3125,0.0,6.176160707836971,apiaviz/output/mechanisms/20260929T022212.829824Z-63812
9,2,43,ardin_input,ant-9-seed-43-ardin_input.json,116b2def170d604b7825072eb9ca36d3fb6330d69e2fcce688bdb3441c52c3a0,948dab05520d047fbd4f65e7ff385167e93a4860649095959ea69758f32f6932,1a39144efd28c213375a81b8401d63c690175a3c9591d11accc80fcb406456be,4108c22a6d66745224c6d6c1254185aeaae30b3bef9046d6f00fd6c66c921a1c,729,True,0.16263984088935768,0.146636296900827,0.7339009846619154,12.5,0,125,0,0.1442237268773764,0.08186970054336266,0.11565506594732124,0.056716736406087875,"[0.056374143809080124, 0.05705932900309563]",0.6844042539596558,0.57310950756073,0.11129474639892578,40.29115676879883,0.4753749966621399,0.16863508522510529,17.5,0.015835903584957123,0.4375,17.5,0.01583811640739441,0.4375,0.0,14.1303350829985,apiaviz/output/mechanisms/20260929T022212.829824Z-63812
9,2,43,no_hex,ant-9-seed-43-no_hex.json,116b2def170d604b7825072eb9ca36d3fb6330d69e2fcce688bdb3441c52c3a0,948dab05520d047fbd4f65e7ff385167e93a4860649095959ea69758f32f6932,1a39144efd28c213375a81b8401d63c690175a3c9591d11accc80fcb406456be,ad270183710eec1dffa8a421e782bbd30024a3ac03a49fee4a2c99ea56f7c9be,729,True,0.19298996209468505,0.054117315430831155,0.19362864526005968,7.9,0,79,0,0.05141294360360968,0.02213154811495664,0.03342193512980265,0.04974811524152756,"[0.045851852744817734, 0.05364437401294708]",0.5187698006629944,0.410990834236145,0.10777896642684937,58.808956146240234,0.7182499766349792,0.1302533745765686,16.25,-0.00720755010843277,0.3125,20.0,-0.008239053189754486,0.375,3.25,6.379811875056475,apiaviz/output/mechanisms/20260929T022212.829824Z-63812
9,2,43,no_adapt,ant-9-seed-43-no_adapt.json,116b2def170d604b7825072eb9ca36d3fb6330d69e2fcce688bdb3441c52c3a0,948dab05520d047fbd4f65e7ff385167e93a4860649095959ea69758f32f6932,1a39144efd28c213375a81b8401d63c690175a3c9591d11accc80fcb406456be,477a36e0aaf29407a35818405921eef31c118a2a6b4546d468c139f9d2663fb0,729,False,6.413626892603432,1.6243088985791252,6.413626892603432,20.0,0,200,0,1.6227902544214294,0.13074118480570524,0.3290441667908037,0.050098080188035965,"[0.0481196828186512, 0.05207647383213043]",0.7212449908256531,0.6363282799720764,0.08491671085357666,43.400672912597656,0.4906249940395355,0.16590134799480438,22.5,-0.016451343894004822,0.46875,23.75,-0.036004893481731415,0.59375,24.25,10.868396667065099,apiaviz/output/mechanisms/20260929T022212.829824Z-63812
9,2,43,no_dog,ant-9-seed-43-no_dog.json,116b2def170d604b7825072eb9ca36d3fb6330d69e2fcce688bdb3441c52c3a0,948dab05520d047fbd4f65e7ff385167e93a4860649095959ea69758f32f6932,1a39144efd28c213375a81b8401d63c690175a3c9591d11accc80fcb406456be,0e994cd0a0461b87183a77fba4008f249616565a2624e6168ecbce5b51df7b27,729,False,2.7597651905982183,1.280649541243215,2.9977115460195582,20.0,0,200,0,1.2791414319594145,0.02846762646287899,1.61890466840257,0.05125308781862259,"[0.04973971098661423, 0.05276646092534065]",0.5414689779281616,0.4299975037574768,0.11147147417068481,55.80314636230469,0.7318750023841858,0.13512566685676575,20.0,-0.012885302305221558,0.375,20.0,-0.013622947037220001,0.4375,4.0,11.940641375025734,apiaviz/output/mechanisms/20260929T022212.829824Z-63812
9,2,43,apia_simple_colour,ant-9-seed-43-apia_simple_colour.json,116b2def170d604b7825072eb9ca36d3fb6330d69e2fcce688bdb3441c52c3a0,948dab05520d047fbd4f65e7ff385167e93a4860649095959ea69758f32f6932,1a39144efd28c213375a81b8401d63c690175a3c9591d11accc80fcb406456be,aa0ca9b28b7891e4dc6266f01caf2e1cab86caf85ac4cd965b6289bd3cf81118,729,True,0.1231519927896099,0.028712720235998412,0.05541706979395938,8.0,0,80,0,0.021691691197531993,0.024920107107145158,0.030671008958056665,0.04929955303668976,"[0.04451749101281166, 0.054081618785858154]",0.5222411155700684,0.40824979543685913,0.11399132013320923,57.837581634521484,0.7078750133514404,0.12931273877620697,21.25,-0.0074257031083106995,0.34375,21.25,-0.00938311219215393,0.34375,0.0,6.326263166964054,apiaviz/output/mechanisms/20260929T022212.829824Z-63812
9,2,43,sobel_apia_colour,ant-9-seed-43-sobel_apia_colour.json,116b2def170d604b7825072eb9ca36d3fb6330d69e2fcce688bdb3441c52c3a0,948dab05520d047fbd4f65e7ff385167e93a4860649095959ea69758f32f6932,1a39144efd28c213375a81b8401d63c690175a3c9591d11accc80fcb406456be,95768fd5492ce4eaceffda3c9b9eaf97ba665994f8ac862966b2170fcd73e7b6,729,True,0.15602311668945765,0.039673836327362696,0.09220942851082053,8.0,0,80,0,0.03437870248487438,0.02567906747069047,0.040714607323779906,0.051370199769735336,"[0.04997393861413002, 0.05276646092534065]",0.5969318151473999,0.4734856188297272,0.12344619631767273,51.25101089477539,0.6633750200271606,0.14323590695858002,22.5,-0.003753967583179474,0.375,22.5,-0.002224467694759369,0.40625,0.5,6.232688874937594,apiaviz/output/mechanisms/20260929T022212.829824Z-63812
9,2,59,apiaviz,ant-9-seed-59-apiaviz.json,116b2def170d604b7825072eb9ca36d3fb6330d69e2fcce688bdb3441c52c3a0,948dab05520d047fbd4f65e7ff385167e93a4860649095959ea69758f32f6932,1a39144efd28c213375a81b8401d63c690175a3c9591d11accc80fcb406456be,fa79061120eb520b2a74fdd085e144200393189ca9232c2ef64e9c626ab95e04,729,True,0.12847014730422265,0.0335778650975593,0.0722688102558354,8.0,0,80,0,0.02534056744219924,0.0321773626332698,0.03150298348489261,0.0495469830930233,"[0.04614849016070366, 0.05294547230005264]",0.5630508661270142,0.44172364473342896,0.1213272213935852,54.8626594543457,0.6847500205039978,0.13624170422554016,21.25,-0.008919231593608856,0.34375,21.25,-0.010168023407459259,0.4375,5.75,6.8937082081101835,apiaviz/output/mechanisms/20260929T022212.829824Z-63812
9,2,59,gray,ant-9-seed-59-gray.json,116b2def170d604b7825072eb9ca36d3fb6330d69e2fcce688bdb3441c52c3a0,948dab05520d047fbd4f65e7ff385167e93a4860649095959ea69758f32f6932,1a39144efd28c213375a81b8401d63c690175a3c9591d11accc80fcb406456be,f8e8d2c710684d0713031003abd73f03de8a9d4e69fabec401d1f0f48bd1cd1e,729,True,0.16220561363304287,0.05722863931076147,0.13127519127775605,7.9,0,79,0,0.05559805922472245,0.057234551393939376,0.0532329708762984,0.05657990276813507,"[0.056993141770362854, 0.056166667491197586]",0.6836320161819458,0.5532230734825134,0.13040894269943237,37.155094146728516,0.5052499771118164,0.1667545735836029,21.25,-0.0068860724568367004,0.3125,21.25,-0.0068860724568367004,0.3125,0.0,4.995292417006567,apiaviz/output/mechanisms/20260929T022212.829824Z-63812
9,2,59,raw_colour,ant-9-seed-59-raw_colour.json,116b2def170d604b7825072eb9ca36d3fb6330d69e2fcce688bdb3441c52c3a0,948dab05520d047fbd4f65e7ff385167e93a4860649095959ea69758f32f6932,1a39144efd28c213375a81b8401d63c690175a3c9591d11accc80fcb406456be,a5b3c88dc66674e3edd740c1533df0ca9deaa9cb9a56e52902e68eff4c740166,729,True,0.16071906490088114,0.09004833850968695,0.16287772531309472,8.3,0,83,0,0.08851965994471253,0.05169233172324352,0.13204821468815667,0.05585133656859398,"[0.05547633767127991, 0.05622633919119835]",0.670124351978302,0.5601930618286133,0.10993129014968872,45.36087417602539,0.5741249918937683,0.16467535495758057,17.5,0.0008579045534133911,0.3125,17.5,0.0008579045534133911,0.3125,0.0,5.8566201669164,apiaviz/output/mechanisms/20260929T022212.829824Z-63812
9,2,59,opponent,ant-9-seed-59-opponent.json,116b2def170d604b7825072eb9ca36d3fb6330d69e2fcce688bdb3441c52c3a0,948dab05520d047fbd4f65e7ff385167e93a4860649095959ea69758f32f6932,1a39144efd28c213375a81b8401d63c690175a3c9591d11accc80fcb406456be,0f4982290ecb5b7edfc6e23ce3aed7b08fe8458e63151695ad811d15e944b477,729,True,0.18484471024399343,0.019354213945486313,0.055645360362809065,7.9,0,79,0,0.01807256389113548,0.013544155491078076,0.015374793403019822,0.05483041703701019,"[0.056993141770362854, 0.05266769602894783]",0.6020072102546692,0.4953683316707611,0.10663887858390808,53.399017333984375,0.6370000243186951,0.15306779742240906,18.75,-0.01291639357805252,0.28125,18.75,-0.01291639357805252,0.28125,0.0,4.550462167011574,apiaviz/output/mechanisms/20260929T022212.829824Z-63812
9,2,59,sobel_colour,ant-9-seed-59-sobel_colour.json,116b2def170d604b7825072eb9ca36d3fb6330d69e2fcce688bdb3441c52c3a0,948dab05520d047fbd4f65e7ff385167e93a4860649095959ea69758f32f6932,1a39144efd28c213375a81b8401d63c690175a3c9591d11accc80fcb406456be,1a2167271ed9d6b0e809fe53b04961ba968589ed7b09c8a2012a26b5b8836f9f,729,True,0.18104754542813808,0.05308281779545321,0.11859703923181172,8.0,0,80,0,0.049522299806113744,0.047517063358248374,0.05281762489249907,0.0501505471765995,"[0.04763340204954147, 0.05266769602894783]",0.5357493758201599,0.40996357798576355,0.12578579783439636,55.918209075927734,0.687874972820282,0.13206912577152252,21.25,-0.009464867413043976,0.46875,21.25,-0.00966230034828186,0.46875,0.0,6.215990874916315,apiaviz/output/mechanisms/20260929T022212.829824Z-63812
9,2,59,ardin_input,ant-9-seed-59-ardin_input.json,116b2def170d604b7825072eb9ca36d3fb6330d69e2fcce688bdb3441c52c3a0,948dab05520d047fbd4f65e7ff385167e93a4860649095959ea69758f32f6932,1a39144efd28c213375a81b8401d63c690175a3c9591d11accc80fcb406456be,ea2d5a56148d03d8f31e7050ccc5a085e94bb840a297cf02bc95d24662e0eb1f,729,False,3.4841425096442866,1.9077073714515926,4.811031113368844,20.0,0,200,0,1.9066497864529353,0.11334559271463464,1.0932364081561619,0.055545780807733536,"[0.05462448671460152, 0.05646707862615585]",0.6989427804946899,0.5903540253639221,0.10858875513076782,39.40312194824219,0.4698750078678131,0.16950178146362305,25.0,0.0034716278314590454,0.40625,25.0,0.0033031627535820007,0.40625,0.0,18.562553625088185,apiaviz/output/mechanisms/20260929T022212.829824Z-63812
9,2,59,no_hex,ant-9-seed-59-no_hex.json,116b2def170d604b7825072eb9ca36d3fb6330d69e2fcce688bdb3441c52c3a0,948dab05520d047fbd4f65e7ff385167e93a4860649095959ea69758f32f6932,1a39144efd28c213375a81b8401d63c690175a3c9591d11accc80fcb406456be,476ee157b0a347efc6fbeef7df3508372009153a89f5b0c8cc2fc2872beaba91,729,True,0.12425327029092882,0.04636800370711856,0.1176960989801672,8.1,0,81,0,0.04400378112243177,0.04538935065242424,0.04152271747855905,0.04992832615971565,"[0.047164950519800186, 0.05269170179963112]",0.5015568137168884,0.38720476627349854,0.11435204744338989,59.73177719116211,0.7227500081062317,0.12787608802318573,20.0,-0.01330127939581871,0.40625,21.25,-0.01297008991241455,0.40625,7.75,6.234744541812688,apiaviz/output/mechanisms/20260929T022212.829824Z-63812
9,2,59,no_adapt,ant-9-seed-59-no_adapt.json,116b2def170d604b7825072eb9ca36d3fb6330d69e2fcce688bdb3441c52c3a0,948dab05520d047fbd4f65e7ff385167e93a4860649095959ea69758f32f6932,1a39144efd28c213375a81b8401d63c690175a3c9591d11accc80fcb406456be,1f4e92c00e5f71dfb97b375b0b26d34f2a33d108701a9e3a2ddac3fb1ae3f7f9,729,True,0.17355391244607082,0.027576849871611013,0.07022326455818827,7.9,0,79,0,0.026266964781321015,0.017390731995660103,0.03110628254930614,0.05358607694506645,"[0.054721880704164505, 0.0524502731859684]",0.7216780781745911,0.6138192415237427,0.10785883665084839,43.01283645629883,0.5067499876022339,0.1697983592748642,17.5,-0.009846173226833344,0.46875,30.0,-0.025188617408275604,0.5625,21.5,5.368764000013471,apiaviz/output/mechanisms/20260929T022212.829824Z-63812
9,2,59,no_dog,ant-9-seed-59-no_dog.json,116b2def170d604b7825072eb9ca36d3fb6330d69e2fcce688bdb3441c52c3a0,948dab05520d047fbd4f65e7ff385167e93a4860649095959ea69758f32f6932,1a39144efd28c213375a81b8401d63c690175a3c9591d11accc80fcb406456be,6a90c996d39a86251800ec478ec2bb0acc66b29473f66ccf2f102cec705f81b2,729,True,0.1259350849208671,0.03553114693746991,0.06414327173942529,8.1,0,81,0,0.033474218218553016,0.03121305311934443,0.03682345173936776,0.051376715302467346,"[0.04980795457959175, 0.05294547230005264]",0.538189172744751,0.42028191685676575,0.11790725588798523,56.53219223022461,0.7351250052452087,0.1347072869539261,21.25,-0.013497970998287201,0.34375,21.25,-0.014302097260951996,0.3125,3.5,6.265126375015825,apiaviz/output/mechanisms/20260929T022212.829824Z-63812
9,2,59,apia_simple_colour,ant-9-seed-59-apia_simple_colour.json,116b2def170d604b7825072eb9ca36d3fb6330d69e2fcce688bdb3441c52c3a0,948dab05520d047fbd4f65e7ff385167e93a4860649095959ea69758f32f6932,1a39144efd28c213375a81b8401d63c690175a3c9591d11accc80fcb406456be,8639321f990b63016d14fbd5163c1d827293a71a658325e6de5543f10fba6a75,729,True,0.1139228924080061,0.05032256836590978,0.11532948070544605,8.0,0,80,0,0.04443073783745573,0.033866568099792556,0.047452767796949416,0.049408093094825745,"[0.04614849016070366, 0.05266769602894783]",0.5025886297225952,0.38424956798553467,0.11833906173706055,58.844764709472656,0.7081249952316284,0.1264263242483139,21.25,-0.0047320351004600525,0.34375,21.25,-0.004107534885406494,0.3125,2.0,5.738045082893223,apiaviz/output/mechanisms/20260929T022212.829824Z-63812
9,2,59,sobel_apia_colour,ant-9-seed-59-sobel_apia_colour.json,116b2def170d604b7825072eb9ca36d3fb6330d69e2fcce688bdb3441c52c3a0,948dab05520d047fbd4f65e7ff385167e93a4860649095959ea69758f32f6932,1a39144efd28c213375a81b8401d63c690175a3c9591d11accc80fcb406456be,2542a9d273046d11c08c8527a9683a4d25f66fb376d893d4e762d66cdd4454f4,729,True,0.1831198092314115,0.035057430585309544,0.08635899881940494,7.9,0,79,0,0.03193646863053788,0.020216053607840682,0.031053948857956568,0.05028943717479706,"[0.04763340204954147, 0.05294547230005264]",0.595058023929596,0.4667137563228607,0.12834426760673523,51.564552307128906,0.6644999980926514,0.14149287343025208,22.5,-0.011299028992652893,0.375,22.5,-0.013758711516857147,0.34375,0.75,6.676180416950956,apiaviz/output/mechanisms/20260929T022212.829824Z-63812
9,2,71,apiaviz,ant-9-seed-71-apiaviz.json,116b2def170d604b7825072eb9ca36d3fb6330d69e2fcce688bdb3441c52c3a0,948dab05520d047fbd4f65e7ff385167e93a4860649095959ea69758f32f6932,1a39144efd28c213375a81b8401d63c690175a3c9591d11accc80fcb406456be,d7ccdab491dd1f64bf4af2b65fefdb215ef4f15191d655e12559fa001d1b7a5a,729,False,1.721063710765229,0.7180796879906154,1.596182682649622,20.0,0,200,0,0.7167428772656413,0.26409155812648566,0.8368147622515876,0.04798782616853714,"[0.04685596749186516, 0.04911968484520912]",0.5591259598731995,0.448296457529068,0.11082950234413147,55.33137130737305,0.6797500252723694,0.13325057923793793,22.5,-0.0194009467959404,0.375,26.25,-0.013913005590438843,0.40625,6.75,11.776325207902119,apiaviz/output/mechanisms/20260929T022212.829824Z-63812
9,2,71,gray,ant-9-seed-71-gray.json,116b2def170d604b7825072eb9ca36d3fb6330d69e2fcce688bdb3441c52c3a0,948dab05520d047fbd4f65e7ff385167e93a4860649095959ea69758f32f6932,1a39144efd28c213375a81b8401d63c690175a3c9591d11accc80fcb406456be,c418ed2fabe31bd3acd1d4ff62840bd595bbb8316163aa592899279fec41e925,729,False,4.312404148342822,0.7309537630077584,2.3370384341709527,20.0,0,200,0,0.730210357264073,0.4205779121084724,0.6124831643376687,0.056100308895111084,"[0.056721191853284836, 0.055479422211647034]",0.6775878667831421,0.5438157320022583,0.1337721347808838,38.000648498535156,0.5081250071525574,0.1636647880077362,17.5,0.012071460485458374,0.40625,17.5,0.012071460485458374,0.40625,0.0,10.984855792019516,apiaviz/output/mechanisms/20260929T022212.829824Z-63812
9,2,71,raw_colour,ant-9-seed-71-raw_colour.json,116b2def170d604b7825072eb9ca36d3fb6330d69e2fcce688bdb3441c52c3a0,948dab05520d047fbd4f65e7ff385167e93a4860649095959ea69758f32f6932,1a39144efd28c213375a81b8401d63c690175a3c9591d11accc80fcb406456be,4cbe80f71c2f711d468462286b276cbda286b9cf9cf269d1f9b692a73a8c20a9,729,True,0.18363444568524445,0.13080496419359627,0.5547895609423177,9.600000000000001,0,96,0,0.1285443888290513,0.16955771479067633,0.08844156954689386,0.05654698237776756,"[0.055608369410037994, 0.05748559534549713]",0.6633526086807251,0.5513202548027039,0.11203235387802124,45.018470764160156,0.5797500014305115,0.16376855969429016,22.5,-0.00863376259803772,0.40625,22.5,-0.00863376259803772,0.40625,0.0,6.163334500044584,apiaviz/output/mechanisms/20260929T022212.829824Z-63812
9,2,71,opponent,ant-9-seed-71-opponent.json,116b2def170d604b7825072eb9ca36d3fb6330d69e2fcce688bdb3441c52c3a0,948dab05520d047fbd4f65e7ff385167e93a4860649095959ea69758f32f6932,1a39144efd28c213375a81b8401d63c690175a3c9591d11accc80fcb406456be,a9fa005633018254706f527dbdfa0cd7f40d81a6d7c13d57ab25280c2776cb3b,729,True,0.14245514695982894,0.019504054477833935,0.04953477276994813,8.0,0,80,0,0.014798570033715246,0.0167868900119873,0.01719004672105289,0.05326783284544945,"[0.056721191853284836, 0.04981447011232376]",0.6009581685066223,0.4984356164932251,0.10252255201339722,54.19593048095703,0.6263750195503235,0.15043480694293976,10.0,0.004105381667613983,0.40625,10.0,0.004309207201004028,0.40625,0.0,5.010063708061352,apiaviz/output/mechanisms/20260929T022212.829824Z-63812
9,2,71,sobel_colour,ant-9-seed-71-sobel_colour.json,116b2def170d604b7825072eb9ca36d3fb6330d69e2fcce688bdb3441c52c3a0,948dab05520d047fbd4f65e7ff385167e93a4860649095959ea69758f32f6932,1a39144efd28c213375a81b8401d63c690175a3c9591d11accc80fcb406456be,64162847cd1783c34bc2281b261ef086bcd6e4d9126d5a3865fa169a9b658574,729,True,0.18885993393033976,0.03126478003505405,0.0768099059510999,7.9,0,79,0,0.02717471117444112,0.02455712710940153,0.03141145296817867,0.05019392818212509,"[0.05057338997721672, 0.04981447011232376]",0.5457385182380676,0.42088836431503296,0.12485015392303467,54.29866027832031,0.6740000247955322,0.13326743245124817,13.75,-0.0005657151341438293,0.4375,13.75,-0.0005657151341438293,0.4375,0.0,5.462467667181045,apiaviz/output/mechanisms/20260929T022212.829824Z-63812
9,2,71,ardin_input,ant-9-seed-71-ardin_input.json,116b2def170d604b7825072eb9ca36d3fb6330d69e2fcce688bdb3441c52c3a0,948dab05520d047fbd4f65e7ff385167e93a4860649095959ea69758f32f6932,1a39144efd28c213375a81b8401d63c690175a3c9591d11accc80fcb406456be,d4d5fdc1c332de42dbbba0108dc3df199def207f8a3171732842dff7af244b1e,729,False,8.299074099075655,2.8522752636104824,4.190575091998856,20.0,0,200,0,2.8517707955443687,0.5057328908016921,3.6329046917193737,0.055142659693956375,"[0.05618998780846596, 0.05409533530473709]",0.683769702911377,0.5757288932800293,0.10804080963134766,39.66028594970703,0.47725000977516174,0.16587182879447937,18.75,0.00057973712682724,0.375,18.75,-0.00029323995113372803,0.375,0.0,18.155022708000615,apiaviz/output/mechanisms/20260929T022212.829824Z-63812
9,2,71,no_hex,ant-9-seed-71-no_hex.json,116b2def170d604b7825072eb9ca36d3fb6330d69e2fcce688bdb3441c52c3a0,948dab05520d047fbd4f65e7ff385167e93a4860649095959ea69758f32f6932,1a39144efd28c213375a81b8401d63c690175a3c9591d11accc80fcb406456be,bd6a8dbcbc7a17a91d3a77506374b07e8559888a0c0c3d2d2cf66f5aade5d881,729,False,7.955114130428253,1.064693446566733,2.474184724342609,20.0,0,200,0,1.063987845721886,0.2080491349442104,0.9636994616697087,0.0491013377904892,"[0.04819272831082344, 0.050009943544864655]",0.5047486424446106,0.3928625285625458,0.11188611388206482,58.95038986206055,0.7160000205039978,0.12690585851669312,18.75,-0.009362146258354187,0.34375,20.0,-0.004060499370098114,0.375,5.25,11.985700250137597,apiaviz/output/mechanisms/20260929T022212.829824Z-63812
9,2,71,no_adapt,ant-9-seed-71-no_adapt.json,116b2def170d604b7825072eb9ca36d3fb6330d69e2fcce688bdb3441c52c3a0,948dab05520d047fbd4f65e7ff385167e93a4860649095959ea69758f32f6932,1a39144efd28c213375a81b8401d63c690175a3c9591d11accc80fcb406456be,efa6af1e600dacbbb72ab32445dfa3791d7ae072cdfd3b3c5def3bbe8248d94e,729,True,0.16086696798858283,0.6118160295657216,2.0558516644924385,15.0,0,150,0,0.6094933303285524,0.11532472258019165,0.26088922305887735,0.049998972564935684,"[0.051444102078676224, 0.048553839325904846]",0.7239120006561279,0.637058436870575,0.08685356378555298,44.415523529052734,0.5011249780654907,0.16695822775363922,22.5,-0.015311285853385925,0.375,47.5,-0.05555310100317001,0.5625,25.25,8.912038208916783,apiaviz/output/mechanisms/20260929T022212.829824Z-63812
9,2,71,no_dog,ant-9-seed-71-no_dog.json,116b2def170d604b7825072eb9ca36d3fb6330d69e2fcce688bdb3441c52c3a0,948dab05520d047fbd4f65e7ff385167e93a4860649095959ea69758f32f6932,1a39144efd28c213375a81b8401d63c690175a3c9591d11accc80fcb406456be,10229bceceeace87d6d1ffadb4e8f1b38a67c86573f7c3ce0287ed306e5b513c,729,False,7.291672912298722,1.1057420375375426,2.5520795652054518,20.0,0,200,0,1.1050133829481195,0.17094464129018128,1.0367678394911848,0.04985905438661575,"[0.050598423928022385, 0.04911968484520912]",0.531100332736969,0.4205271005630493,0.11057323217391968,56.76654052734375,0.7296249866485596,0.13084495067596436,21.25,-0.018270350992679596,0.34375,21.25,-0.009607560932636261,0.34375,3.25,11.890262708067894,apiaviz/output/mechanisms/20260929T022212.829824Z-63812
9,2,71,apia_simple_colour,ant-9-seed-71-apia_simple_colour.json,116b2def170d604b7825072eb9ca36d3fb6330d69e2fcce688bdb3441c52c3a0,948dab05520d047fbd4f65e7ff385167e93a4860649095959ea69758f32f6932,1a39144efd28c213375a81b8401d63c690175a3c9591d11accc80fcb406456be,bfdaa3abc6b583a2ae329f5d2b8b6af500fa6ec4df81bd1256c0586338e15b57,729,True,0.1907235808437155,0.029566906566037384,0.0684162779605705,7.9,0,79,0,0.026291132394600646,0.02351141748733083,0.028856682461298112,0.04833522066473961,"[0.04685596749186516, 0.04981447011232376]",0.5101194977760315,0.3969440162181854,0.11317548155784607,58.529048919677734,0.6992499828338623,0.12609966099262238,11.25,-0.010772839188575745,0.34375,17.5,-0.011638075113296509,0.34375,1.75,6.256019541062415,apiaviz/output/mechanisms/20260929T022212.829824Z-63812
9,2,71,sobel_apia_colour,ant-9-seed-71-sobel_apia_colour.json,116b2def170d604b7825072eb9ca36d3fb6330d69e2fcce688bdb3441c52c3a0,948dab05520d047fbd4f65e7ff385167e93a4860649095959ea69758f32f6932,1a39144efd28c213375a81b8401d63c690175a3c9591d11accc80fcb406456be,04b7c679492646daf516030f4b8ac9d1829320787f3c1a10ffadc94b9505300a,729,True,0.16546748704779823,0.06997332349460124,0.18762269073718255,8.3,0,83,0,0.06631347778903561,0.037420545254532415,0.05769813204328606,0.04984653741121292,"[0.05057338997721672, 0.04911968484520912]",0.5926438570022583,0.46970832347869873,0.12293553352355957,51.23174285888672,0.6545000076293945,0.14005745947360992,18.75,-0.017128609120845795,0.40625,18.75,-0.012678496539592743,0.40625,1.25,6.1608722500968724,apiaviz/output/mechanisms/20260929T022212.829824Z-63812
10,2,19,apiaviz,ant-10-seed-19-apiaviz.json,0b7688b8ae80d998824c13a2774f0ba2c30461556644d8bc2db9dc16132659ab,49118112f4fe348f5ba73a824e394ad7ffab146db86a29cd38028cd576b2c196,141eef5be754dcb84d444280fcc67291b7570890370fd5254ba7d9c321010884,53c55c92ca0a89cad02e2ca9b5c4e34cbfe5b1ab69d7b93c3c3cb61ea6f944b5,738,True,0.15864659049490612,0.2042011604098974,0.7624440301951493,13.8,0,138,0,0.20081119376862033,0.15133094626373475,0.11806162118791319,0.049866870045661926,"[0.04674898460507393, 0.052984755486249924]",0.5527440905570984,0.43306562304496765,0.11967846751213074,54.222042083740234,0.6993749737739563,0.1381099671125412,3.75,0.01805732026696205,0.28125,3.75,0.016561560332775116,0.3125,0.25,10.163342542015016,apiaviz/output/mechanisms/20260929T022214.077846Z-63813
10,2,19,gray,ant-10-seed-19-gray.json,0b7688b8ae80d998824c13a2774f0ba2c30461556644d8bc2db9dc16132659ab,49118112f4fe348f5ba73a824e394ad7ffab146db86a29cd38028cd576b2c196,141eef5be754dcb84d444280fcc67291b7570890370fd5254ba7d9c321010884,e0b459f9b37bed61eabb21c3b927b966031270b68d39679804e83b858c1985e7,738,True,0.17323150286954225,0.055855826627363,0.15374295496451415,8.200000000000001,0,82,0,0.05431136464534807,0.011628462507149303,0.02170553589471574,0.057454947382211685,"[0.059063345193862915, 0.05584654584527016]",0.6634809374809265,0.5434579253196716,0.12002301216125488,43.949729919433594,0.5096250176429749,0.16813911497592926,17.5,-0.022087492048740387,0.40625,17.5,-0.022087492048740387,0.40625,0.0,5.765197791857645,apiaviz/output/mechanisms/20260929T022214.077846Z-63813
10,2,19,raw_colour,ant-10-seed-19-raw_colour.json,0b7688b8ae80d998824c13a2774f0ba2c30461556644d8bc2db9dc16132659ab,49118112f4fe348f5ba73a824e394ad7ffab146db86a29cd38028cd576b2c196,141eef5be754dcb84d444280fcc67291b7570890370fd5254ba7d9c321010884,947986e51b4551e641e34e8dde18cf1c7a7d74cc93d620e32cce1a116aee0ec7,738,True,0.11736488441020261,0.13549166081008152,0.6649448039410221,10.9,0,109,0,0.13210228376524788,0.09477403056178044,0.0894916250349325,0.05520257353782654,"[0.056338753551244736, 0.05406639724969864]",0.6419156193733215,0.5330562591552734,0.1088593602180481,49.774864196777344,0.5845000147819519,0.16183148324489594,10.0,-0.00338919460773468,0.34375,10.0,-0.00338919460773468,0.34375,0.0,6.34067887510173,apiaviz/output/mechanisms/20260929T022214.077846Z-63813
10,2,19,opponent,ant-10-seed-19-opponent.json,0b7688b8ae80d998824c13a2774f0ba2c30461556644d8bc2db9dc16132659ab,49118112f4fe348f5ba73a824e394ad7ffab146db86a29cd38028cd576b2c196,141eef5be754dcb84d444280fcc67291b7570890370fd5254ba7d9c321010884,054affdc283922a04e107b46c208209d261d71027a3c6e45e6de64b453e74a3f,738,True,0.16185614939874168,0.03943675476888597,0.15864781935691208,8.1,0,81,0,0.03719853216374597,0.009888630297425165,0.013769101457421086,0.05615159124135971,"[0.059063345193862915, 0.053239837288856506]",0.5996737480163574,0.49956151843070984,0.10011222958564758,55.55533218383789,0.6391249895095825,0.1571451872587204,11.25,-0.008396416902542114,0.34375,11.25,-0.008396416902542114,0.34375,0.0,5.246888916008174,apiaviz/output/mechanisms/20260929T022214.077846Z-63813
10,2,19,sobel_colour,ant-10-seed-19-sobel_colour.json,0b7688b8ae80d998824c13a2774f0ba2c30461556644d8bc2db9dc16132659ab,49118112f4fe348f5ba73a824e394ad7ffab146db86a29cd38028cd576b2c196,141eef5be754dcb84d444280fcc67291b7570890370fd5254ba7d9c321010884,964c2dc6ff99fb4303d3807cf9ccf8b8fbcc8d9e6e0e5fa3de1390f922b21f20,738,True,0.1478725437557008,0.03130613556949138,0.0788190069321446,8.1,0,81,0,0.02617896490165371,0.017329618103454358,0.03435459702118059,0.05008096247911453,"[0.04692208766937256, 0.053239837288856506]",0.5320214033126831,0.41498425602912903,0.11703714728355408,57.851322174072266,0.6832500100135803,0.13526272773742676,5.0,0.012614808976650238,0.3125,5.0,0.012614808976650238,0.3125,0.0,5.475732582854107,apiaviz/output/mechanisms/20260929T022214.077846Z-63813
10,2,19,ardin_input,ant-10-seed-19-ardin_input.json,0b7688b8ae80d998824c13a2774f0ba2c30461556644d8bc2db9dc16132659ab,49118112f4fe348f5ba73a824e394ad7ffab146db86a29cd38028cd576b2c196,141eef5be754dcb84d444280fcc67291b7570890370fd5254ba7d9c321010884,263a3fe816dba8b2ab2f80585f67c1ad3a04003868e757aaf1811fdc62d6612d,738,False,4.279698710149261,0.4733549948393041,1.2895068662100913,20.0,0,200,0,0.47209166882943476,0.43530037040548936,0.4771687406860746,0.05336500704288483,"[0.050086043775081635, 0.05664397031068802]",0.6765837669372559,0.5699325203895569,0.10665124654769897,43.97736358642578,0.48124998807907104,0.16581429541110992,18.75,-0.032204605638980865,0.5,18.75,-0.032204605638980865,0.5,0.0,19.23255691700615,apiaviz/output/mechanisms/20260929T022214.077846Z-63813
10,2,19,no_hex,ant-10-seed-19-no_hex.json,0b7688b8ae80d998824c13a2774f0ba2c30461556644d8bc2db9dc16132659ab,49118112f4fe348f5ba73a824e394ad7ffab146db86a29cd38028cd576b2c196,141eef5be754dcb84d444280fcc67291b7570890370fd5254ba7d9c321010884,ad18de3d38f048c66229bd18ef80680e5d8be13f18353a995d23560187d0e669,738,True,0.19962518508830104,0.1345371142567216,0.6721674503059435,8.4,0,84,0,0.13284328050884192,0.017329618103454358,0.03469833940032803,0.05050118640065193,"[0.04752066358923912, 0.053481705486774445]",0.49699336290359497,0.389228880405426,0.10776448249816895,60.289764404296875,0.7354999780654907,0.13075590133666992,6.25,-0.00024196505546569824,0.34375,5.0,0.0007099658250808716,0.3125,2.75,6.209181208861992,apiaviz/output/mechanisms/20260929T022214.077846Z-63813
10,2,19,no_adapt,ant-10-seed-19-no_adapt.json,0b7688b8ae80d998824c13a2774f0ba2c30461556644d8bc2db9dc16132659ab,49118112f4fe348f5ba73a824e394ad7ffab146db86a29cd38028cd576b2c196,141eef5be754dcb84d444280fcc67291b7570890370fd5254ba7d9c321010884,6d57c3fe892995c43fef0533b3b56a2260cb6152cb84348dca75836a9fad0b97,738,False,0.50880125100957,0.46201166057895393,1.660953884572991,20.0,0,200,0,0.45984666779261635,0.39914382743253474,0.3106808848365833,0.05310874059796333,"[0.05351592227816582, 0.05270155891776085]",0.7089162468910217,0.6091537475585938,0.09976249933242798,42.31999969482422,0.5121250152587891,0.1711079329252243,7.5,0.003126367926597595,0.40625,26.25,-0.026755034923553467,0.5,25.5,11.806475083110854,apiaviz/output/mechanisms/20260929T022214.077846Z-63813
10,2,19,no_dog,ant-10-seed-19-no_dog.json,0b7688b8ae80d998824c13a2774f0ba2c30461556644d8bc2db9dc16132659ab,49118112f4fe348f5ba73a824e394ad7ffab146db86a29cd38028cd576b2c196,141eef5be754dcb84d444280fcc67291b7570890370fd5254ba7d9c321010884,c4c8a4e06baca5415f67710bd43aea1c26b4da2caac1bd04561c90188b1a78ca,738,True,0.11962683212969491,0.021913237472374763,0.08347242079665312,8.200000000000001,0,82,0,0.017332380017176595,0.01488721025411027,0.021567263590321663,0.051843494176864624,"[0.05070223659276962, 0.052984755486249924]",0.5240803360939026,0.408944308757782,0.1151360273361206,56.416805267333984,0.7509999871253967,0.13628487288951874,6.25,0.013168852776288986,0.28125,6.25,0.012579012662172318,0.3125,3.75,6.221183749847114,apiaviz/output/mechanisms/20260929T022214.077846Z-63813
10,2,19,apia_simple_colour,ant-10-seed-19-apia_simple_colour.json,0b7688b8ae80d998824c13a2774f0ba2c30461556644d8bc2db9dc16132659ab,49118112f4fe348f5ba73a824e394ad7ffab146db86a29cd38028cd576b2c196,141eef5be754dcb84d444280fcc67291b7570890370fd5254ba7d9c321010884,ecdfecc73aba517d807a672c42abcda89dbcf79f63933d7825a4ec5496494f1c,738,True,0.10961568883460872,0.0323732431006415,0.09054339799310515,8.1,0,81,0,0.02896673600807492,0.017329618103454358,0.03435459702118059,0.04999440908432007,"[0.04674898460507393, 0.053239837288856506]",0.49471235275268555,0.3833850920200348,0.11132726073265076,59.37437438964844,0.721750020980835,0.12910622358322144,6.25,0.011877603828907013,0.40625,7.5,0.011329922825098038,0.40625,0.5,5.005021624965593,apiaviz/output/mechanisms/20260929T022214.077846Z-63813
10,2,19,sobel_apia_colour,ant-10-seed-19-sobel_apia_colour.json,0b7688b8ae80d998824c13a2774f0ba2c30461556644d8bc2db9dc16132659ab,49118112f4fe348f5ba73a824e394ad7ffab146db86a29cd38028cd576b2c196,141eef5be754dcb84d444280fcc67291b7570890370fd5254ba7d9c321010884,ef1c09b8734c9303d5be4a359fe1ba3e95165ac3c707133f4cec0355a1d20caa,738,True,0.150119906892684,0.025952254098366788,0.06872636791019945,8.1,0,81,0,0.022476886271156297,0.011628462507149303,0.02170553589471574,0.04995341971516609,"[0.04692208766937256, 0.052984755486249924]",0.5910418033599854,0.4654257595539093,0.12561604380607605,51.85500717163086,0.6608750224113464,0.14388179779052734,3.75,0.025385040789842606,0.21875,3.75,0.026362571865320206,0.21875,0.25,6.355907374992967,apiaviz/output/mechanisms/20260929T022214.077846Z-63813
10,2,31,apiaviz,ant-10-seed-31-apiaviz.json,0b7688b8ae80d998824c13a2774f0ba2c30461556644d8bc2db9dc16132659ab,49118112f4fe348f5ba73a824e394ad7ffab146db86a29cd38028cd576b2c196,141eef5be754dcb84d444280fcc67291b7570890370fd5254ba7d9c321010884,07e0f2197c40fad6fdd8ff97c61a3e1f1a7da55fb1a40cc48e214d111ae7d41e,738,True,0.14737908007391362,0.079990204880326,0.23232870682995502,8.5,0,85,0,0.07757756338910274,0.022539570650154633,0.06529656629843154,0.04989955946803093,"[0.04528319835662842, 0.05451592057943344]",0.5591514706611633,0.44189223647117615,0.11725923418998718,52.97728729248047,0.687250018119812,0.13986720144748688,5.0,0.02391166239976883,0.40625,5.0,0.023245781660079956,0.4375,4.5,6.5123140420764685,apiaviz/output/mechanisms/20260929T022214.077846Z-63813
10,2,31,gray,ant-10-seed-31-gray.json,0b7688b8ae80d998824c13a2774f0ba2c30461556644d8bc2db9dc16132659ab,49118112f4fe348f5ba73a824e394ad7ffab146db86a29cd38028cd576b2c196,141eef5be754dcb84d444280fcc67291b7570890370fd5254ba7d9c321010884,0275c4a2140373c18afb6135576b7316dd9d784f4526556a845505f9d5a2706d,738,True,0.18503591607383713,0.06820801649485168,0.2124320681251858,8.4,0,84,0,0.062372893808173936,0.07259366724415582,0.04661940160381292,0.0580679215490818,"[0.059288956224918365, 0.05684688314795494]",0.6643425226211548,0.5435531139373779,0.12078940868377686,44.33749771118164,0.5130000114440918,0.16914740204811096,16.25,-0.008488528430461884,0.3125,16.25,-0.008379422128200531,0.3125,0.0,5.3314762089867145,apiaviz/output/mechanisms/20260929T022214.077846Z-63813
10,2,31,raw_colour,ant-10-seed-31-raw_colour.json,0b7688b8ae80d998824c13a2774f0ba2c30461556644d8bc2db9dc16132659ab,49118112f4fe348f5ba73a824e394ad7ffab146db86a29cd38028cd576b2c196,141eef5be754dcb84d444280fcc67291b7570890370fd5254ba7d9c321010884,23b5d62fe464f2af5ba58bc05bf68214260062b21e5ff9c91c64825fa35424bf,738,True,0.17604412401860142,0.09896100668753995,0.4684321146319914,9.5,0,95,0,0.0943139902226702,0.0981377629108312,0.09495454381226345,0.054973747581243515,"[0.053828250616788864, 0.05611924082040787]",0.6501781940460205,0.5383281111717224,0.1118500828742981,49.16482162475586,0.5738750100135803,0.16273589432239532,13.75,-0.0005758404731750488,0.28125,13.75,-0.0005758404731750488,0.28125,0.0,5.951606832910329,apiaviz/output/mechanisms/20260929T022214.077846Z-63813
10,2,31,opponent,ant-10-seed-31-opponent.json,0b7688b8ae80d998824c13a2774f0ba2c30461556644d8bc2db9dc16132659ab,49118112f4fe348f5ba73a824e394ad7ffab146db86a29cd38028cd576b2c196,141eef5be754dcb84d444280fcc67291b7570890370fd5254ba7d9c321010884,684f86b5e254c4e9fdebfec4675d5eef1d4975287cda0889d64c92956e005a60,738,True,0.18915761058685193,0.17342459843155952,0.5910781061106916,13.100000000000001,0,131,0,0.17017836851142176,0.1342034030125559,0.10362491171281606,0.05634671449661255,"[0.059288956224918365, 0.05340447276830673]",0.5958195328712463,0.4894963502883911,0.10632318258285522,54.70773696899414,0.6426249742507935,0.15569597482681274,2.5,0.00806158035993576,0.375,2.5,0.00806158035993576,0.375,0.0,7.140074708033353,apiaviz/output/mechanisms/20260929T022214.077846Z-63813
10,2,31,sobel_colour,ant-10-seed-31-sobel_colour.json,0b7688b8ae80d998824c13a2774f0ba2c30461556644d8bc2db9dc16132659ab,49118112f4fe348f5ba73a824e394ad7ffab146db86a29cd38028cd576b2c196,141eef5be754dcb84d444280fcc67291b7570890370fd5254ba7d9c321010884,e2d992543ae49db526db3e16f37b0eef01852125ae21afa72fe3e9469df599ce,738,True,0.14944467536045872,0.06307259020732622,0.18750557930841852,8.4,0,84,0,0.05789991123362855,0.052156950076902776,0.05293133952650424,0.05153590813279152,"[0.049667343497276306, 0.05340447276830673]",0.5360119938850403,0.4136403501033783,0.12237164378166199,56.765785217285156,0.7012500166893005,0.13615679740905762,5.0,0.01179588958621025,0.28125,5.0,0.01179588958621025,0.28125,0.25,5.934905334142968,apiaviz/output/mechanisms/20260929T022214.077846Z-63813
10,2,31,ardin_input,ant-10-seed-31-ardin_input.json,0b7688b8ae80d998824c13a2774f0ba2c30461556644d8bc2db9dc16132659ab,49118112f4fe348f5ba73a824e394ad7ffab146db86a29cd38028cd576b2c196,141eef5be754dcb84d444280fcc67291b7570890370fd5254ba7d9c321010884,8f4bce378761e11cd654e08d4b063e7ac153e4b70e90d0fa896b2eb12f1eee32,738,False,6.998692711221205,1.3423179531216247,2.8021542042176493,20.0,0,200,0,1.340888886457565,0.10401894547053209,1.6641476943022917,0.05701219663023949,"[0.056013550609350204, 0.05801083892583847]",0.6660476326942444,0.5588052272796631,0.1072424054145813,44.404422760009766,0.4779999852180481,0.1695038080215454,20.0,-0.01122572273015976,0.625,20.0,-0.01095309853553772,0.625,0.0,18.51281529199332,apiaviz/output/mechanisms/20260929T022214.077846Z-63813
10,2,31,no_hex,ant-10-seed-31-no_hex.json,0b7688b8ae80d998824c13a2774f0ba2c30461556644d8bc2db9dc16132659ab,49118112f4fe348f5ba73a824e394ad7ffab146db86a29cd38028cd576b2c196,141eef5be754dcb84d444280fcc67291b7570890370fd5254ba7d9c321010884,e3af83d17b8375912d488f38ce528d6f6f34092ae344550833bc33a19ee77176,738,True,0.19861775754457422,0.0631905415948415,0.2889033288403054,8.200000000000001,0,82,0,0.06115725489118572,0.009888630297425165,0.017273699218970585,0.04999813809990883,"[0.04608028382062912, 0.05391598865389824]",0.5046579241752625,0.3946722745895386,0.10998564958572388,59.544960021972656,0.7225000262260437,0.13122868537902832,5.0,0.006936307996511459,0.5,5.0,0.0056788623332977295,0.53125,4.25,6.302101333858445,apiaviz/output/mechanisms/20260929T022214.077846Z-63813
10,2,31,no_adapt,ant-10-seed-31-no_adapt.json,0b7688b8ae80d998824c13a2774f0ba2c30461556644d8bc2db9dc16132659ab,49118112f4fe348f5ba73a824e394ad7ffab146db86a29cd38028cd576b2c196,141eef5be754dcb84d444280fcc67291b7570890370fd5254ba7d9c321010884,cf4ba81fbd284b560206673d834cc3396bb6fad74e178d281ae955ed37156a18,738,True,0.16175287188928478,0.038904147747458304,0.12083619498773422,8.1,0,81,0,0.03069288480699984,0.02200983522375585,0.041260604583206115,0.053504910320043564,"[0.05307045951485634, 0.05393936485052109]",0.7232743501663208,0.6192634105682373,0.1040109395980835,41.84487533569336,0.5145000219345093,0.17313335835933685,7.5,-0.007904164493083954,0.40625,25.0,-0.006525512784719467,0.40625,26.25,4.967119749868289,apiaviz/output/mechanisms/20260929T022214.077846Z-63813
10,2,31,no_dog,ant-10-seed-31-no_dog.json,0b7688b8ae80d998824c13a2774f0ba2c30461556644d8bc2db9dc16132659ab,49118112f4fe348f5ba73a824e394ad7ffab146db86a29cd38028cd576b2c196,141eef5be754dcb84d444280fcc67291b7570890370fd5254ba7d9c321010884,be5b6a666f3ccb3b430fe4f96c1616480f55a3be7fede6a42e4da38e76563860,738,False,1.154890066409318,0.30497932609168144,1.1284961092381656,20.0,0,200,0,0.30313935666649433,0.01497898673844733,0.28199704983552637,0.05171578750014305,"[0.04891565069556236, 0.05451592057943344]",0.5300339460372925,0.4148889183998108,0.11514502763748169,55.3040771484375,0.7390000224113464,0.1370319426059723,5.0,0.015759646892547607,0.46875,5.0,0.014072686433792114,0.4375,4.75,11.702251709066331,apiaviz/output/mechanisms/20260929T022214.077846Z-63813
10,2,31,apia_simple_colour,ant-10-seed-31-apia_simple_colour.json,0b7688b8ae80d998824c13a2774f0ba2c30461556644d8bc2db9dc16132659ab,49118112f4fe348f5ba73a824e394ad7ffab146db86a29cd38028cd576b2c196,141eef5be754dcb84d444280fcc67291b7570890370fd5254ba7d9c321010884,cbd10fdf2e7c22af6e8780331b67674d9e14b9e725b02b6c81220364bc4c07c1,738,False,4.656679602156412,1.5102467834803952,2.743273955708523,20.0,0,200,0,1.5091450743848178,0.18403249542599742,1.9253133724742946,0.049343835562467575,"[0.04528319835662842, 0.05340447276830673]",0.49815285205841064,0.38900506496429443,0.10914778709411621,58.985435485839844,0.7082499861717224,0.12961101531982422,5.0,0.006603937596082687,0.4375,5.0,0.007577091455459595,0.4375,0.0,12.267206249991432,apiaviz/output/mechanisms/20260929T022214.077846Z-63813
10,2,31,sobel_apia_colour,ant-10-seed-31-sobel_apia_colour.json,0b7688b8ae80d998824c13a2774f0ba2c30461556644d8bc2db9dc16132659ab,49118112f4fe348f5ba73a824e394ad7ffab146db86a29cd38028cd576b2c196,141eef5be754dcb84d444280fcc67291b7570890370fd5254ba7d9c321010884,45f5c92267270ea48fb6d66ccb43a2a838a0a616d58a9f1a9b295d010570eccc,738,True,0.10928573014699736,0.016877701198331273,0.045721845335093506,8.1,0,81,0,0.014738286422353919,0.009888630297425165,0.013680992519107421,0.052091632038354874,"[0.049667343497276306, 0.05451592057943344]",0.5938764214515686,0.46358829736709595,0.13028812408447266,50.59165954589844,0.6802499890327454,0.14594538509845734,2.5,0.018567059189081192,0.4375,2.5,0.018715184181928635,0.4375,5.5,6.656532207969576,apiaviz/output/mechanisms/20260929T022214.077846Z-63813
10,2,43,apiaviz,ant-10-seed-43-apiaviz.json,0b7688b8ae80d998824c13a2774f0ba2c30461556644d8bc2db9dc16132659ab,49118112f4fe348f5ba73a824e394ad7ffab146db86a29cd38028cd576b2c196,141eef5be754dcb84d444280fcc67291b7570890370fd5254ba7d9c321010884,3ba53963ae6143504d6743f7a3d02010e3c9117cda741616f4719986659770d9,738,True,0.19902298948831382,0.031205847238177053,0.10073288224898211,8.0,0,80,0,0.028697576417253578,0.009888630297425165,0.013827670915122579,0.04863211512565613,"[0.044903792440891266, 0.05236043408513069]",0.5669832825660706,0.4424421191215515,0.12454116344451904,53.28525161743164,0.6976249814033508,0.1379609853029251,11.25,-0.0007776245474815369,0.375,11.25,0.0011305399239063263,0.40625,2.25,4.41947645903565,apiaviz/output/mechanisms/20260929T022214.077846Z-63813
10,2,43,gray,ant-10-seed-43-gray.json,0b7688b8ae80d998824c13a2774f0ba2c30461556644d8bc2db9dc16132659ab,49118112f4fe348f5ba73a824e394ad7ffab146db86a29cd38028cd576b2c196,141eef5be754dcb84d444280fcc67291b7570890370fd5254ba7d9c321010884,be93674c3d4781480b84593e5431613dc77002a9933ed498f3adc1f8c9efb1de,738,True,0.1035701845646744,0.13245742370019656,0.593342627692015,13.0,0,130,0,0.1286916308229969,0.1221109938050183,0.06504102947518517,0.05796646326780319,"[0.057323846966028214, 0.05860907956957817]",0.667106032371521,0.5513772964477539,0.11572873592376709,44.23719787597656,0.512374997138977,0.16984432935714722,11.25,-0.0018471106886863708,0.34375,11.25,-0.0018471106886863708,0.34375,0.0,7.3403229580726475,apiaviz/output/mechanisms/20260929T022214.077846Z-63813
10,2,43,raw_colour,ant-10-seed-43-raw_colour.json,0b7688b8ae80d998824c13a2774f0ba2c30461556644d8bc2db9dc16132659ab,49118112f4fe348f5ba73a824e394ad7ffab146db86a29cd38028cd576b2c196,141eef5be754dcb84d444280fcc67291b7570890370fd5254ba7d9c321010884,b8f470bd32943d80d0125d211e4e2b39ec9ffec82e3918082e0279a4c0cbd93d,738,True,0.13254033885931152,0.05248704674900038,0.13175489725737488,8.200000000000001,0,82,0,0.050491455588510134,0.024789988066571428,0.07619481639399703,0.055465277284383774,"[0.05483197793364525, 0.0560985766351223]",0.643435537815094,0.5360848307609558,0.10735070705413818,49.209903717041016,0.5864999890327454,0.16277000308036804,16.25,-0.004395775496959686,0.34375,16.25,-0.004395775496959686,0.34375,0.0,5.7008244171738625,apiaviz/output/mechanisms/20260929T022214.077846Z-63813
10,2,43,opponent,ant-10-seed-43-opponent.json,0b7688b8ae80d998824c13a2774f0ba2c30461556644d8bc2db9dc16132659ab,49118112f4fe348f5ba73a824e394ad7ffab146db86a29cd38028cd576b2c196,141eef5be754dcb84d444280fcc67291b7570890370fd5254ba7d9c321010884,d3ece9e464e238410d01c14e35766751a8b0ee04771f9baaf64b2763344fc6ad,738,True,0.1937760528817989,0.10490178148699357,0.6516776448864682,9.700000000000001,0,97,0,0.10175954523846699,0.014845524597167127,0.03703395034358039,0.05530521646142006,"[0.057323846966028214, 0.053286585956811905]",0.6039928793907166,0.4997616708278656,0.10423120856285095,55.585716247558594,0.6346250176429749,0.15573693811893463,7.5,-0.006099782884120941,0.40625,7.5,-0.006099782884120941,0.40625,0.0,5.134739457862452,apiaviz/output/mechanisms/20260929T022214.077846Z-63813
10,2,43,sobel_colour,ant-10-seed-43-sobel_colour.json,0b7688b8ae80d998824c13a2774f0ba2c30461556644d8bc2db9dc16132659ab,49118112f4fe348f5ba73a824e394ad7ffab146db86a29cd38028cd576b2c196,141eef5be754dcb84d444280fcc67291b7570890370fd5254ba7d9c321010884,f04a1e35eeb6012e2de767f5644c9de9b5aac7308b8aa18a93190cc7debe2188,738,True,0.19602530612031463,0.019084504025705322,0.08897251200615855,8.1,0,81,0,0.01482340376752488,0.014845524597167127,0.01246987883382773,0.052144140005111694,"[0.051001694053411484, 0.053286585956811905]",0.5322321653366089,0.4092545211315155,0.12297764420509338,57.27594757080078,0.6928750276565552,0.13653431832790375,12.5,-0.0018212832510471344,0.28125,12.5,-0.0018212832510471344,0.28125,0.0,5.4863175000064075,apiaviz/output/mechanisms/20260929T022214.077846Z-63813
10,2,43,ardin_input,ant-10-seed-43-ardin_input.json,0b7688b8ae80d998824c13a2774f0ba2c30461556644d8bc2db9dc16132659ab,49118112f4fe348f5ba73a824e394ad7ffab146db86a29cd38028cd576b2c196,141eef5be754dcb84d444280fcc67291b7570890370fd5254ba7d9c321010884,ebe7bb84ecc7d0ed7f755b3020838193fa6b059d8e7e01909a97e45ecf9e6d7e,738,False,6.081334623235434,1.9464675990358473,4.740859091238781,20.0,0,200,0,1.9453273417867387,0.2017377535724717,1.9168389265254455,0.056535061448812485,"[0.05627066269516945, 0.05679945647716522]",0.6653298139572144,0.5550354719161987,0.11029434204101562,44.94395065307617,0.4937500059604645,0.1676793396472931,21.25,-0.020769916474819183,0.40625,21.25,-0.020626269280910492,0.40625,0.0,18.60175891709514,apiaviz/output/mechanisms/20260929T022214.077846Z-63813
10,2,43,no_hex,ant-10-seed-43-no_hex.json,0b7688b8ae80d998824c13a2774f0ba2c30461556644d8bc2db9dc16132659ab,49118112f4fe348f5ba73a824e394ad7ffab146db86a29cd38028cd576b2c196,141eef5be754dcb84d444280fcc67291b7570890370fd5254ba7d9c321010884,f2bce4234e450d271ed3a8254c6e3394684b32be3f27ce6f232c87e393009ec1,738,True,0.16770911385578285,0.025391564452394686,0.09848630496704094,8.1,0,81,0,0.02320973873690105,0.009888630297425165,0.017222768356385653,0.04938380792737007,"[0.04588685557246208, 0.05288076028227806]",0.5093541741371155,0.39426741003990173,0.11508676409721375,59.19688034057617,0.7241250276565552,0.1306774765253067,8.75,0.006123274564743042,0.4375,8.75,0.0035433731973171234,0.34375,7.75,6.0438087079674006,apiaviz/output/mechanisms/20260929T022214.077846Z-63813
10,2,43,no_adapt,ant-10-seed-43-no_adapt.json,0b7688b8ae80d998824c13a2774f0ba2c30461556644d8bc2db9dc16132659ab,49118112f4fe348f5ba73a824e394ad7ffab146db86a29cd38028cd576b2c196,141eef5be754dcb84d444280fcc67291b7570890370fd5254ba7d9c321010884,97116f98e41df0662cb2a3dff39dddee6ba7d69ba21f32deef8cfcfae7e0fd5d,738,True,0.17371009178045807,0.1619104477851681,0.6385179829352121,17.2,0,172,0,0.15740651361099542,0.08382199373683981,0.11507852992434037,0.05022493377327919,"[0.048600949347019196, 0.051848914474248886]",0.7191417217254639,0.6090443134307861,0.11009740829467773,40.64969253540039,0.5105000138282776,0.16635511815547943,10.0,-0.008847028017044067,0.3125,15.0,-0.010090004652738571,0.5625,22.25,9.848993374966085,apiaviz/output/mechanisms/20260929T022214.077846Z-63813
10,2,43,no_dog,ant-10-seed-43-no_dog.json,0b7688b8ae80d998824c13a2774f0ba2c30461556644d8bc2db9dc16132659ab,49118112f4fe348f5ba73a824e394ad7ffab146db86a29cd38028cd576b2c196,141eef5be754dcb84d444280fcc67291b7570890370fd5254ba7d9c321010884,84cea4d1c7fda1c0ec442592ec7f793db7473922e5d958242aadda875346939e,738,True,0.1105320163409787,0.01769844520434,0.058654059508836676,8.1,0,81,0,0.01614809117064024,0.009888630297425165,0.011175621344954388,0.05103658512234688,"[0.049712736159563065, 0.05236043408513069]",0.5328462719917297,0.4118438959121704,0.12100237607955933,55.185699462890625,0.7441250085830688,0.13592982292175293,5.0,0.0016392618417739868,0.40625,5.0,0.002978511154651642,0.40625,5.25,6.345984207931906,apiaviz/output/mechanisms/20260929T022214.077846Z-63813
10,2,43,apia_simple_colour,ant-10-seed-43-apia_simple_colour.json,0b7688b8ae80d998824c13a2774f0ba2c30461556644d8bc2db9dc16132659ab,49118112f4fe348f5ba73a824e394ad7ffab146db86a29cd38028cd576b2c196,141eef5be754dcb84d444280fcc67291b7570890370fd5254ba7d9c321010884,2e1777ec1be4f563f8ecfaee89b4ecc68ee8c68002e85b2e96df62460e953db0,738,True,0.19318122708417995,0.13718565729942073,0.5409378345968522,11.700000000000001,0,117,0,0.13567500627143883,0.009888630297425165,0.03815414690499102,0.049095191061496735,"[0.044903792440891266, 0.053286585956811905]",0.5099588632583618,0.39439982175827026,0.11555904150009155,59.15793991088867,0.7179999947547913,0.12963253259658813,7.5,-0.002330467104911804,0.40625,7.5,-0.003315623849630356,0.40625,0.0,5.857229166897014,apiaviz/output/mechanisms/20260929T022214.077846Z-63813
10,2,43,sobel_apia_colour,ant-10-seed-43-sobel_apia_colour.json,0b7688b8ae80d998824c13a2774f0ba2c30461556644d8bc2db9dc16132659ab,49118112f4fe348f5ba73a824e394ad7ffab146db86a29cd38028cd576b2c196,141eef5be754dcb84d444280fcc67291b7570890370fd5254ba7d9c321010884,a1269a6b4d2ced373a841f6060636cc1c25e05dfa7be2df5a6137df1a388ea4e,738,True,0.15380550861718723,0.025427196198805593,0.09166439210407777,8.1,0,81,0,0.023337478286385275,0.009888630297425165,0.017222768356385653,0.05168106406927109,"[0.051001694053411484, 0.05236043408513069]",0.585978090763092,0.4544825553894043,0.13149553537368774,51.33311462402344,0.6725000143051147,0.14447520673274994,13.75,0.009223304688930511,0.28125,11.25,0.008546378463506699,0.28125,4.0,6.644232375081629,apiaviz/output/mechanisms/20260929T022214.077846Z-63813
10,2,59,apiaviz,ant-10-seed-59-apiaviz.json,0b7688b8ae80d998824c13a2774f0ba2c30461556644d8bc2db9dc16132659ab,49118112f4fe348f5ba73a824e394ad7ffab146db86a29cd38028cd576b2c196,141eef5be754dcb84d444280fcc67291b7570890370fd5254ba7d9c321010884,dc9ebb1fa73f1d77010d3c4202604ca6d8247f6d90339b4579595207a241508b,738,True,0.1065960682925189,0.024204471233028112,0.05967615280429841,8.1,0,81,0,0.019033781491003356,0.017329618103454358,0.024015037527099953,0.04945359006524086,"[0.045942071825265884, 0.052965108305215836]",0.5539970397949219,0.4317965507507324,0.12220048904418945,54.291954040527344,0.6991249918937683,0.13690218329429626,3.75,0.023477695882320404,0.28125,3.75,0.021329153329133987,0.28125,1.25,5.236042124917731,apiaviz/output/mechanisms/20260929T022214.077846Z-63813
10,2,59,gray,ant-10-seed-59-gray.json,0b7688b8ae80d998824c13a2774f0ba2c30461556644d8bc2db9dc16132659ab,49118112f4fe348f5ba73a824e394ad7ffab146db86a29cd38028cd576b2c196,141eef5be754dcb84d444280fcc67291b7570890370fd5254ba7d9c321010884,e8c8caf97af44f96c52627bd08be2892c2838f50b30a780e538e7fefdb29e1fe,738,True,0.14814831412734575,0.03400001920300989,0.09345893595689868,8.200000000000001,0,82,0,0.028677546214367116,0.017329618103454358,0.03450317081356952,0.056483909487724304,"[0.05723848193883896, 0.05572933703660965]",0.659252941608429,0.5385785698890686,0.12067437171936035,43.200340270996094,0.5214999914169312,0.16610600054264069,8.75,-0.00469314306974411,0.40625,8.75,-0.00469314306974411,0.40625,0.0,4.651068459032103,apiaviz/output/mechanisms/20260929T022214.077846Z-63813
10,2,59,raw_colour,ant-10-seed-59-raw_colour.json,0b7688b8ae80d998824c13a2774f0ba2c30461556644d8bc2db9dc16132659ab,49118112f4fe348f5ba73a824e394ad7ffab146db86a29cd38028cd576b2c196,141eef5be754dcb84d444280fcc67291b7570890370fd5254ba7d9c321010884,46e6d4d9add4be001381f5e3850a6fe7c345efae28d7d56e2c5c64e177d725ce,738,True,0.16552553140944762,0.04512282316445779,0.13853425909062625,8.3,0,83,0,0.041862891685279915,0.01863296046679781,0.04167709986724295,0.055840615183115005,"[0.05547595024108887, 0.05620528385043144]",0.6510351896286011,0.545458197593689,0.10557699203491211,49.817569732666016,0.5952500104904175,0.16493307054042816,11.25,-0.0008784160017967224,0.34375,11.25,-0.0008784160017967224,0.34375,0.0,4.328199707902968,apiaviz/output/mechanisms/20260929T022214.077846Z-63813
10,2,59,opponent,ant-10-seed-59-opponent.json,0b7688b8ae80d998824c13a2774f0ba2c30461556644d8bc2db9dc16132659ab,49118112f4fe348f5ba73a824e394ad7ffab146db86a29cd38028cd576b2c196,141eef5be754dcb84d444280fcc67291b7570890370fd5254ba7d9c321010884,c4ac645cef8da518f1ac30f0ac2031094b9b5b456c2aa41d1ac9c1f7e9e1f552,738,False,1.7731444317460148,1.1386202180969855,2.7431925788413816,20.0,0,200,0,1.137385620702929,0.021718852815198777,1.0570492222900474,0.05498339980840683,"[0.05723848193883896, 0.052728321403265]",0.5914067625999451,0.4927051365375519,0.09870162606239319,56.20124816894531,0.6516249775886536,0.15432988107204437,6.25,0.0008675232529640198,0.34375,6.25,0.0008675232529640198,0.34375,0.0,9.987963166786358,apiaviz/output/mechanisms/20260929T022214.077846Z-63813
10,2,59,sobel_colour,ant-10-seed-59-sobel_colour.json,0b7688b8ae80d998824c13a2774f0ba2c30461556644d8bc2db9dc16132659ab,49118112f4fe348f5ba73a824e394ad7ffab146db86a29cd38028cd576b2c196,141eef5be754dcb84d444280fcc67291b7570890370fd5254ba7d9c321010884,6df15a65b63758a8a675f80273c8805c1a9e7f2feceb5597829dcbd340fd8b35,738,True,0.13569401023976152,0.029262918954082135,0.06315102959581219,8.1,0,81,0,0.025211187007734708,0.017329618103454358,0.032936678900372246,0.0500497967004776,"[0.0473712719976902, 0.052728321403265]",0.5257799625396729,0.40422314405441284,0.12155681848526001,57.68953323364258,0.6911249756813049,0.13319778442382812,5.0,0.00915064662694931,0.25,5.0,0.00915064662694931,0.25,0.0,5.910336584085599,apiaviz/output/mechanisms/20260929T022214.077846Z-63813
10,2,59,ardin_input,ant-10-seed-59-ardin_input.json,0b7688b8ae80d998824c13a2774f0ba2c30461556644d8bc2db9dc16132659ab,49118112f4fe348f5ba73a824e394ad7ffab146db86a29cd38028cd576b2c196,141eef5be754dcb84d444280fcc67291b7570890370fd5254ba7d9c321010884,7424f2f18139b6d08530ea6ed938349d4f51ec09bc6cd10890f3837cdcafbf3f,738,False,1.6838314382435904,0.7147959327277384,1.8712380205317116,20.0,0,200,0,0.7131165605891684,0.1860844995862568,0.5527063625894405,0.055198002606630325,"[0.054576218128204346, 0.055819783359766006]",0.6782592535018921,0.5734601020812988,0.10479915142059326,44.6318473815918,0.4884999990463257,0.16872067749500275,20.0,-0.01593232899904251,0.4375,20.0,-0.015573710203170776,0.40625,1.0,18.67474341695197,apiaviz/output/mechanisms/20260929T022214.077846Z-63813
10,2,59,no_hex,ant-10-seed-59-no_hex.json,0b7688b8ae80d998824c13a2774f0ba2c30461556644d8bc2db9dc16132659ab,49118112f4fe348f5ba73a824e394ad7ffab146db86a29cd38028cd576b2c196,141eef5be754dcb84d444280fcc67291b7570890370fd5254ba7d9c321010884,ccd193ed5d08bfd70ab360a00e370a1ef5bd71f3cdc1dfbb7516ef55f3d67571,738,True,0.16127803000516835,0.03173694604034166,0.07931198365726316,8.1,0,81,0,0.02679931023206894,0.017329618103454358,0.03435459702118059,0.04992124065756798,"[0.04709620773792267, 0.05274627357721329]",0.49728134274482727,0.3860851526260376,0.11119619011878967,59.90924072265625,0.7302500009536743,0.12915413081645966,6.25,0.0119202621281147,0.28125,6.25,0.013665542006492615,0.28125,1.75,6.013966916827485,apiaviz/output/mechanisms/20260929T022214.077846Z-63813
10,2,59,no_adapt,ant-10-seed-59-no_adapt.json,0b7688b8ae80d998824c13a2774f0ba2c30461556644d8bc2db9dc16132659ab,49118112f4fe348f5ba73a824e394ad7ffab146db86a29cd38028cd576b2c196,141eef5be754dcb84d444280fcc67291b7570890370fd5254ba7d9c321010884,1366790a060a2d3eba84fcb312c86be2cbf12bd3f9f23c784bd66c72aaf4ba41,738,True,0.1137236765664449,0.026162545461922936,0.08927449618143463,8.1,0,81,0,0.024047468376042932,0.009888630297425165,0.012638713680663395,0.05386534705758095,"[0.05508096143603325, 0.05264972895383835]",0.7162394523620605,0.60013347864151,0.11610597372055054,42.42100524902344,0.5224999785423279,0.17085428535938263,10.0,0.004924073815345764,0.34375,11.25,-0.0031555481255054474,0.375,11.0,5.136154582956806,apiaviz/output/mechanisms/20260929T022214.077846Z-63813
10,2,59,no_dog,ant-10-seed-59-no_dog.json,0b7688b8ae80d998824c13a2774f0ba2c30461556644d8bc2db9dc16132659ab,49118112f4fe348f5ba73a824e394ad7ffab146db86a29cd38028cd576b2c196,141eef5be754dcb84d444280fcc67291b7570890370fd5254ba7d9c321010884,f8f942bcc540b7761b29173472757bb4fb0f68f419d4b6881f342f01f1dc0844,738,True,0.1379939389058616,0.027492342736719473,0.07568672023620183,8.1,0,81,0,0.019645723315557313,0.017329618103454358,0.028652282901830636,0.05156317725777626,"[0.050161246210336685, 0.052965108305215836]",0.5294784903526306,0.4133516550064087,0.11612683534622192,56.54111099243164,0.750374972820282,0.13594138622283936,6.25,0.015450391918420792,0.28125,6.25,0.012206047773361206,0.25,1.75,6.098925583064556,apiaviz/output/mechanisms/20260929T022214.077846Z-63813
10,2,59,apia_simple_colour,ant-10-seed-59-apia_simple_colour.json,0b7688b8ae80d998824c13a2774f0ba2c30461556644d8bc2db9dc16132659ab,49118112f4fe348f5ba73a824e394ad7ffab146db86a29cd38028cd576b2c196,141eef5be754dcb84d444280fcc67291b7570890370fd5254ba7d9c321010884,39c9932d7f365c1d13601b51799ba750ac7ea7a691c26b80087e22e78e60709c,738,True,0.11211976240094257,0.020012465252083996,0.04704923029393037,8.1,0,81,0,0.014967725416558698,0.010572058758575318,0.018809269595271044,0.04933519661426544,"[0.045942071825265884, 0.052728321403265]",0.49036115407943726,0.3786541819572449,0.11170697212219238,59.7879753112793,0.7167500257492065,0.12727536261081696,5.0,0.009612739086151123,0.375,5.0,0.008793823421001434,0.375,0.75,5.835359458113089,apiaviz/output/mechanisms/20260929T022214.077846Z-63813
10,2,59,sobel_apia_colour,ant-10-seed-59-sobel_apia_colour.json,0b7688b8ae80d998824c13a2774f0ba2c30461556644d8bc2db9dc16132659ab,49118112f4fe348f5ba73a824e394ad7ffab146db86a29cd38028cd576b2c196,141eef5be754dcb84d444280fcc67291b7570890370fd5254ba7d9c321010884,64d8c531bcaf2ffea65f4c2378651d342ba0af7b86f31e2ca747344954ee932d,738,True,0.15035740793495173,0.03059053878983415,0.07568672023620183,8.1,0,81,0,0.02737347489999089,0.017329618103454358,0.030140588798428833,0.05016819015145302,"[0.0473712719976902, 0.052965108305215836]",0.5889220833778381,0.4568934738636017,0.13202860951423645,51.7362174987793,0.6735000014305115,0.14242427051067352,3.75,0.020801983773708344,0.28125,3.75,0.01895485445857048,0.28125,0.0,6.792160541051999,apiaviz/output/mechanisms/20260929T022214.077846Z-63813
10,2,71,apiaviz,ant-10-seed-71-apiaviz.json,0b7688b8ae80d998824c13a2774f0ba2c30461556644d8bc2db9dc16132659ab,49118112f4fe348f5ba73a824e394ad7ffab146db86a29cd38028cd576b2c196,141eef5be754dcb84d444280fcc67291b7570890370fd5254ba7d9c321010884,05515a45ce62da8c655406d63c6e5e08b43118bfe9bd12a9158c52b867788f75,738,True,0.17503160794768297,0.16408040557639206,0.5468526479279223,12.700000000000001,0,127,0,0.1618669865789675,0.1210047180663492,0.13980630612561737,0.0485801137983799,"[0.04720596224069595, 0.04995426908135414]",0.5428710579872131,0.4241003692150116,0.11877068877220154,54.46986389160156,0.6967499852180481,0.1348588615655899,3.75,0.018024031072854996,0.46875,3.75,0.01923876628279686,0.375,3.75,8.03390625002794,apiaviz/output/mechanisms/20260929T022214.077846Z-63813
10,2,71,gray,ant-10-seed-71-gray.json,0b7688b8ae80d998824c13a2774f0ba2c30461556644d8bc2db9dc16132659ab,49118112f4fe348f5ba73a824e394ad7ffab146db86a29cd38028cd576b2c196,141eef5be754dcb84d444280fcc67291b7570890370fd5254ba7d9c321010884,30d6d6bb2d39cd1230f9ae751927d92062d1f4e6c9460b7f169d27fc51dd9a86,738,True,0.18463903936548987,0.09411491066252206,0.2270947380476757,8.4,0,84,0,0.09133456515153981,0.05865054601825066,0.12634121596887038,0.05609383434057236,"[0.056983739137649536, 0.05520392954349518]",0.6493484377861023,0.5244450569152832,0.12490338087081909,43.61064910888672,0.5178750157356262,0.16332529485225677,15.0,-0.004310503602027893,0.40625,15.0,-0.004310503602027893,0.40625,0.0,5.456421667011455,apiaviz/output/mechanisms/20260929T022214.077846Z-63813
10,2,71,raw_colour,ant-10-seed-71-raw_colour.json,0b7688b8ae80d998824c13a2774f0ba2c30461556644d8bc2db9dc16132659ab,49118112f4fe348f5ba73a824e394ad7ffab146db86a29cd38028cd576b2c196,141eef5be754dcb84d444280fcc67291b7570890370fd5254ba7d9c321010884,1beb89bd65cc2b5307359f6e25925cd27c1cb597777574f3b779d7aab15c6833,738,True,0.19788925760420512,0.06360998174772614,0.14296381805161318,8.200000000000001,0,82,0,0.060551476155151586,0.03451743313855228,0.06741312863828205,0.05624119192361832,"[0.05570697784423828, 0.05677540600299835]",0.6442795991897583,0.5367608666419983,0.10751873254776001,48.92650604248047,0.5945000052452087,0.16381560266017914,7.5,-0.009870611131191254,0.40625,7.5,-0.009870611131191254,0.40625,0.0,5.351885000010952,apiaviz/output/mechanisms/20260929T022214.077846Z-63813
10,2,71,opponent,ant-10-seed-71-opponent.json,0b7688b8ae80d998824c13a2774f0ba2c30461556644d8bc2db9dc16132659ab,49118112f4fe348f5ba73a824e394ad7ffab146db86a29cd38028cd576b2c196,141eef5be754dcb84d444280fcc67291b7570890370fd5254ba7d9c321010884,2ffcd25c9654953f8aa3dd4bc6fdccfd8008295b52188a621ac0497ef4fc5fbc,738,True,0.16097487322324106,0.041704430774125036,0.13644127640125728,8.1,0,81,0,0.03821068811974138,0.01765956387100385,0.033905568354319196,0.05363025143742561,"[0.056983739137649536, 0.05027676001191139]",0.5842747688293457,0.4847196936607361,0.09955507516860962,56.18868637084961,0.6412500143051147,0.15122349560260773,5.0,-0.001401469111442566,0.34375,5.0,-0.001401469111442566,0.34375,0.0,5.279343290952966,apiaviz/output/mechanisms/20260929T022214.077846Z-63813
10,2,71,sobel_colour,ant-10-seed-71-sobel_colour.json,0b7688b8ae80d998824c13a2774f0ba2c30461556644d8bc2db9dc16132659ab,49118112f4fe348f5ba73a824e394ad7ffab146db86a29cd38028cd576b2c196,141eef5be754dcb84d444280fcc67291b7570890370fd5254ba7d9c321010884,2e1eec470253231c2d529c7749ebf83255acd3b09ea4e912d5c7df32fc0acaac,738,True,0.15381738980959989,0.035284713128709864,0.11820857242917658,8.1,0,81,0,0.031116555167370653,0.009888630297425165,0.017222768356385653,0.05074508860707283,"[0.05121341347694397, 0.05027676001191139]",0.5323386788368225,0.4162186086177826,0.11612007021903992,56.79338073730469,0.6917499899864197,0.13510161638259888,6.25,0.01617461070418358,0.21875,6.25,0.01617461070418358,0.21875,0.0,5.359451500000432,apiaviz/output/mechanisms/20260929T022214.077846Z-63813
10,2,71,ardin_input,ant-10-seed-71-ardin_input.json,0b7688b8ae80d998824c13a2774f0ba2c30461556644d8bc2db9dc16132659ab,49118112f4fe348f5ba73a824e394ad7ffab146db86a29cd38028cd576b2c196,141eef5be754dcb84d444280fcc67291b7570890370fd5254ba7d9c321010884,a2c17a5ea212357c79754a3a72f04ade4541e9cd51abc691f617c370796cfca6,738,True,0.14574545874395056,0.11004791681838086,0.4095185113689719,10.100000000000001,0,101,0,0.1064527182425031,0.08709750399283818,0.09815801122790849,0.05589956045150757,"[0.05721002817153931, 0.05458909273147583]",0.6657962799072266,0.5579078197479248,0.10788846015930176,44.49742889404297,0.49674999713897705,0.16729947924613953,20.0,-0.018090829253196716,0.40625,20.0,-0.018102161586284637,0.40625,0.0,11.225981916999444,apiaviz/output/mechanisms/20260929T022214.077846Z-63813
10,2,71,no_hex,ant-10-seed-71-no_hex.json,0b7688b8ae80d998824c13a2774f0ba2c30461556644d8bc2db9dc16132659ab,49118112f4fe348f5ba73a824e394ad7ffab146db86a29cd38028cd576b2c196,141eef5be754dcb84d444280fcc67291b7570890370fd5254ba7d9c321010884,f1ba035bdf98ff8f2268f84e1819532a5dbc034e7f52bd717b5b2a0dca5f78fa,738,True,0.1237011337006579,0.04389492101029655,0.12491684043421444,8.1,0,81,0,0.040754575014458304,0.017329618103454358,0.03435459702118059,0.04957909882068634,"[0.04872933775186539, 0.05042886361479759]",0.4893718361854553,0.3828669786453247,0.10650485754013062,60.40760040283203,0.7304999828338623,0.12813298404216766,6.25,-0.0036478452384471893,0.4375,7.5,-0.0028645172715187073,0.40625,6.25,5.524995082989335,apiaviz/output/mechanisms/20260929T022214.077846Z-63813
10,2,71,no_adapt,ant-10-seed-71-no_adapt.json,0b7688b8ae80d998824c13a2774f0ba2c30461556644d8bc2db9dc16132659ab,49118112f4fe348f5ba73a824e394ad7ffab146db86a29cd38028cd576b2c196,141eef5be754dcb84d444280fcc67291b7570890370fd5254ba7d9c321010884,359db68195204a72ea95d8ed9a0577ab3e4972a14d8f3839d59710790966e4af,738,True,0.15560815211029036,0.26225191009101595,1.143145198195289,13.0,0,130,0,0.25964899869875685,0.07709230305174299,0.14309908081570752,0.05022984370589256,"[0.05149051547050476, 0.048969171941280365]",0.7227543592453003,0.6202247738838196,0.10252958536148071,43.30303955078125,0.5148749947547913,0.1676342487335205,5.0,0.014268055558204651,0.34375,27.5,-0.02978121116757393,0.4375,26.5,7.9422106659039855,apiaviz/output/mechanisms/20260929T022214.077846Z-63813
10,2,71,no_dog,ant-10-seed-71-no_dog.json,0b7688b8ae80d998824c13a2774f0ba2c30461556644d8bc2db9dc16132659ab,49118112f4fe348f5ba73a824e394ad7ffab146db86a29cd38028cd576b2c196,141eef5be754dcb84d444280fcc67291b7570890370fd5254ba7d9c321010884,b856b84f977703ced5bbcc0a96b9c0b15a63d7ce2357fbd36c0ebba656c31632,738,True,0.15864004908506657,0.039543402276396106,0.14243776034850453,8.1,0,81,0,0.03693328498525526,0.009888630297425165,0.017222768356385653,0.05054894834756851,"[0.05114363133907318, 0.04995426908135414]",0.5123693943023682,0.39879849553108215,0.11357089877128601,57.02891540527344,0.7458750009536743,0.13270030915737152,3.75,0.008097410202026367,0.4375,3.75,0.006716776639223099,0.4375,7.0,5.6927312079351395,apiaviz/output/mechanisms/20260929T022214.077846Z-63813
10,2,71,apia_simple_colour,ant-10-seed-71-apia_simple_colour.json,0b7688b8ae80d998824c13a2774f0ba2c30461556644d8bc2db9dc16132659ab,49118112f4fe348f5ba73a824e394ad7ffab146db86a29cd38028cd576b2c196,141eef5be754dcb84d444280fcc67291b7570890370fd5254ba7d9c321010884,e3ea47b3b1b5aa13373d4e235fca3204c1f7c7195ead61f86ecb3f9ba8e56ef6,738,True,0.1948188368389759,0.0778381084812179,0.3628983467965267,8.4,0,84,0,0.075568707957151,0.017329618103454358,0.03450317081356952,0.04874136298894882,"[0.04720596224069595, 0.05027676001191139]",0.49132710695266724,0.3831597864627838,0.10816732048988342,59.534942626953125,0.7152500152587891,0.12702427804470062,3.75,0.01128121092915535,0.40625,5.0,0.008315596729516983,0.40625,0.25,5.901895374991,apiaviz/output/mechanisms/20260929T022214.077846Z-63813
10,2,71,sobel_apia_colour,ant-10-seed-71-sobel_apia_colour.json,0b7688b8ae80d998824c13a2774f0ba2c30461556644d8bc2db9dc16132659ab,49118112f4fe348f5ba73a824e394ad7ffab146db86a29cd38028cd576b2c196,141eef5be754dcb84d444280fcc67291b7570890370fd5254ba7d9c321010884,4198ca4cd3f9a63e108330b326cd2b7faef8f10727be5b1f6264f2bc9912988a,738,False,6.325859487698004,1.7512777489904943,3.489772738329145,20.0,0,200,0,1.7503099137910447,0.06027883910883032,2.073649120967764,0.050583843141794205,"[0.05121341347694397, 0.04995426908135414]",0.5828185677528381,0.45626920461654663,0.1265493631362915,51.45665740966797,0.6732500195503235,0.1424950510263443,5.0,0.021903399378061295,0.34375,5.0,0.02660243958234787,0.3125,3.25,12.539184249937534,apiaviz/output/mechanisms/20260929T022214.077846Z-63813
12,2,19,apiaviz,ant-12-seed-19-apiaviz.json,ad36be3676b38840801443f78e5e535796a0c16adb6a2d3dbdb2202a835845ff,4228918f776d5efb5fc3da7f864979d46dbc4083c80fa08bc6e6de7b33e73d2f,4b789495b7d0118b7158f4b1eef13d33892714a46cdbb3f07ad124aa30aad087,22c04039d50c1326596ca73dcc43ee7f286b4e72c148e36361bb4345790dfb7a,711,True,0.170839902102042,0.031169781657714113,0.12714530893691128,7.800000000000001,0,78,0,0.030022853204324525,0.008536087687245264,0.011669178375778867,0.04978111758828163,"[0.046528831124305725, 0.05303340405225754]",0.5518040060997009,0.4127040207386017,0.13909998536109924,51.70261764526367,0.7124999761581421,0.13419289886951447,11.25,0.026184700429439545,0.34375,11.25,0.02601442113518715,0.3125,1.5,5.947616166900843,apiaviz/output/mechanisms/20260929T022214.077846Z-63813
12,2,19,gray,ant-12-seed-19-gray.json,ad36be3676b38840801443f78e5e535796a0c16adb6a2d3dbdb2202a835845ff,4228918f776d5efb5fc3da7f864979d46dbc4083c80fa08bc6e6de7b33e73d2f,4b789495b7d0118b7158f4b1eef13d33892714a46cdbb3f07ad124aa30aad087,81d61c4dada5f09bed32e837cec5573f51dbc9214be849b8c2c34d94cc34acce,711,False,2.369021155440678,1.195646903095271,2.7505451042866866,20.0,0,200,0,1.1949816446286774,0.06789607549852923,1.117681704046022,0.057284459471702576,"[0.058545008301734924, 0.05602391064167023]",0.679904580116272,0.5493708848953247,0.13053369522094727,36.76887512207031,0.5132499933242798,0.1679789274930954,12.5,0.01601693034172058,0.3125,12.5,0.01601693034172058,0.3125,0.0,10.520298416959122,apiaviz/output/mechanisms/20260929T022214.077846Z-63813
12,2,19,raw_colour,ant-12-seed-19-raw_colour.json,ad36be3676b38840801443f78e5e535796a0c16adb6a2d3dbdb2202a835845ff,4228918f776d5efb5fc3da7f864979d46dbc4083c80fa08bc6e6de7b33e73d2f,4b789495b7d0118b7158f4b1eef13d33892714a46cdbb3f07ad124aa30aad087,6f19ddf1b280f086cfd48e51388c5b1a7cf74731dc5a2b0b5efc62636500ef97,711,True,0.1127131977586941,0.03775173926403018,0.09751983993480419,7.9,0,79,0,0.03307645645682654,0.023138123020458666,0.040380055246368965,0.055265821516513824,"[0.05632629990577698, 0.05420534312725067]",0.6478657126426697,0.5251892805099487,0.12267643213272095,43.98613739013672,0.5926250219345093,0.1606086790561676,18.75,0.002488158643245697,0.3125,18.75,0.002488158643245697,0.3125,0.0,5.244611083064228,apiaviz/output/mechanisms/20260929T022214.077846Z-63813
12,2,19,opponent,ant-12-seed-19-opponent.json,ad36be3676b38840801443f78e5e535796a0c16adb6a2d3dbdb2202a835845ff,4228918f776d5efb5fc3da7f864979d46dbc4083c80fa08bc6e6de7b33e73d2f,4b789495b7d0118b7158f4b1eef13d33892714a46cdbb3f07ad124aa30aad087,69836367011b4182652d660b7f7f9701c72b530c5556e86145581245d1b15ede,711,True,0.15442421475155704,0.4839314236467683,1.4468719973869486,18.900000000000002,0,189,0,0.48241303837434235,0.18325066404117213,0.401059385912123,0.05575808882713318,"[0.058545008301734924, 0.052971165627241135]",0.5931774973869324,0.486665815114975,0.1065116822719574,52.14249038696289,0.6522499918937683,0.15408797562122345,21.25,0.0038634613156318665,0.375,21.25,0.0038634613156318665,0.375,0.0,10.094987958902493,apiaviz/output/mechanisms/20260929T022214.077846Z-63813
12,2,19,sobel_colour,ant-12-seed-19-sobel_colour.json,ad36be3676b38840801443f78e5e535796a0c16adb6a2d3dbdb2202a835845ff,4228918f776d5efb5fc3da7f864979d46dbc4083c80fa08bc6e6de7b33e73d2f,4b789495b7d0118b7158f4b1eef13d33892714a46cdbb3f07ad124aa30aad087,f670b140ab2edf4ace48d1ef78a0650c00c5b881c47a0cb0ae0535457b6af0b5,711,True,0.17451883071241808,0.06030087050727802,0.23808052881666236,8.0,0,80,0,0.05808680792272021,0.010045085502563642,0.01735596322637944,0.0499136783182621,"[0.04685618728399277, 0.052971165627241135]",0.5302086472511292,0.3999541401863098,0.13025450706481934,53.67060852050781,0.6959999799728394,0.1321823000907898,11.25,0.02379900962114334,0.40625,11.25,0.02379900962114334,0.40625,0.0,5.944134374847636,apiaviz/output/mechanisms/20260929T022214.077846Z-63813
12,2,19,ardin_input,ant-12-seed-19-ardin_input.json,ad36be3676b38840801443f78e5e535796a0c16adb6a2d3dbdb2202a835845ff,4228918f776d5efb5fc3da7f864979d46dbc4083c80fa08bc6e6de7b33e73d2f,4b789495b7d0118b7158f4b1eef13d33892714a46cdbb3f07ad124aa30aad087,05807f065212db0c78e3759ae9ab6d8ec9c525b6746766299cd5e9576c80ac0f,711,False,2.665249186342783,0.6675298045066329,2.665249186342783,20.0,0,200,0,0.6664785569444756,0.029356327834132154,0.5069113287494643,0.05357208102941513,"[0.05046061798930168, 0.05668354406952858]",0.691319465637207,0.5776593089103699,0.11366015672683716,36.269168853759766,0.4906249940395355,0.16620531678199768,13.75,0.0010853931307792664,0.3125,13.75,0.000825241208076477,0.3125,0.0,18.66052412497811,apiaviz/output/mechanisms/20260929T022214.077846Z-63813
12,2,19,no_hex,ant-12-seed-19-no_hex.json,ad36be3676b38840801443f78e5e535796a0c16adb6a2d3dbdb2202a835845ff,4228918f776d5efb5fc3da7f864979d46dbc4083c80fa08bc6e6de7b33e73d2f,4b789495b7d0118b7158f4b1eef13d33892714a46cdbb3f07ad124aa30aad087,2b8b6f2f24fc381e070177393a9a6b373380e0a5301917fb39245af85bd483a5,711,False,0.8785516713994268,0.432336730505339,1.652948408125105,20.0,0,200,0,0.43089149709014224,0.09872715932334256,0.1754761582950655,0.0505986288189888,"[0.04781891778111458, 0.05337833985686302]",0.4999266266822815,0.3712441027164459,0.12868252396583557,56.3337287902832,0.7493749856948853,0.12755832076072693,12.5,0.02466905117034912,0.3125,12.5,0.03398790583014488,0.34375,2.0,12.1020872911904,apiaviz/output/mechanisms/20260929T022214.077846Z-63813
12,2,19,no_adapt,ant-12-seed-19-no_adapt.json,ad36be3676b38840801443f78e5e535796a0c16adb6a2d3dbdb2202a835845ff,4228918f776d5efb5fc3da7f864979d46dbc4083c80fa08bc6e6de7b33e73d2f,4b789495b7d0118b7158f4b1eef13d33892714a46cdbb3f07ad124aa30aad087,94836b01eee27e82a08c222259722597c9e1d171f160d8657a5ad08a11944869,711,True,0.12604095427703085,0.029873121879373164,0.10147778085154643,7.800000000000001,0,78,0,0.026066076920785573,0.01665271891418674,0.021766659539691688,0.05356311425566673,"[0.054260898381471634, 0.05286533012986183]",0.6970210075378418,0.5942266583442688,0.102794349193573,41.97314453125,0.5248749852180481,0.16888384521007538,23.75,0.006861291825771332,0.40625,32.5,-0.017357241362333298,0.375,23.5,5.726724332896993,apiaviz/output/mechanisms/20260929T022214.077846Z-63813
12,2,19,no_dog,ant-12-seed-19-no_dog.json,ad36be3676b38840801443f78e5e535796a0c16adb6a2d3dbdb2202a835845ff,4228918f776d5efb5fc3da7f864979d46dbc4083c80fa08bc6e6de7b33e73d2f,4b789495b7d0118b7158f4b1eef13d33892714a46cdbb3f07ad124aa30aad087,9a4e60878fca48aac9e7b999d49788ef79a9268ae50346ad859b218597c92880,711,True,0.1962384437023777,0.01396721557246763,0.05472067520936177,7.7,0,77,0,0.012234860660248092,0.013890911898069604,0.010521223010267432,0.0520288310945034,"[0.051024261862039566, 0.05303340405225754]",0.5241361856460571,0.39099252223968506,0.13314366340637207,53.97710037231445,0.765500009059906,0.13273945450782776,16.25,0.027312595397233963,0.40625,16.25,0.026660148054361343,0.375,4.5,5.263405750039965,apiaviz/output/mechanisms/20260929T022214.077846Z-63813
12,2,19,apia_simple_colour,ant-12-seed-19-apia_simple_colour.json,ad36be3676b38840801443f78e5e535796a0c16adb6a2d3dbdb2202a835845ff,4228918f776d5efb5fc3da7f864979d46dbc4083c80fa08bc6e6de7b33e73d2f,4b789495b7d0118b7158f4b1eef13d33892714a46cdbb3f07ad124aa30aad087,52266e415bf5eca31c59bd9c4906dad158be757d33151b36962d1dafcf7f3ebf,711,True,0.14453201798417875,0.048761063177238904,0.09681738048616782,7.800000000000001,0,78,0,0.043536216321232564,0.03221492306191476,0.05709856934622508,0.04975000023841858,"[0.046528831124305725, 0.052971165627241135]",0.4978269338607788,0.3642463982105255,0.1335805356502533,56.009883880615234,0.7327499985694885,0.12565888464450836,12.5,0.022799845784902573,0.28125,11.25,0.023130767047405243,0.3125,1.75,6.0404185419902205,apiaviz/output/mechanisms/20260929T022214.077846Z-63813
12,2,19,sobel_apia_colour,ant-12-seed-19-sobel_apia_colour.json,ad36be3676b38840801443f78e5e535796a0c16adb6a2d3dbdb2202a835845ff,4228918f776d5efb5fc3da7f864979d46dbc4083c80fa08bc6e6de7b33e73d2f,4b789495b7d0118b7158f4b1eef13d33892714a46cdbb3f07ad124aa30aad087,337ff9ebe8d425e732915daeaacb9cf9a2de08004d607d651e0709bdc0e12438,711,True,0.14795117957384268,0.02108193735456147,0.0991576600747573,7.800000000000001,0,78,0,0.02042139201562795,0.008884657561268825,0.011717245862736687,0.04994479566812515,"[0.04685618728399277, 0.05303340405225754]",0.5843515992164612,0.44808730483055115,0.13626429438591003,49.05000686645508,0.6757500171661377,0.1403200924396515,8.75,0.027653858065605164,0.4375,8.75,0.028554268181324005,0.5,6.5,6.12150749983266,apiaviz/output/mechanisms/20260929T022214.077846Z-63813
12,2,31,apiaviz,ant-12-seed-31-apiaviz.json,ad36be3676b38840801443f78e5e535796a0c16adb6a2d3dbdb2202a835845ff,4228918f776d5efb5fc3da7f864979d46dbc4083c80fa08bc6e6de7b33e73d2f,4b789495b7d0118b7158f4b1eef13d33892714a46cdbb3f07ad124aa30aad087,48b8be156096f57127c588b241f4e27d5ec1ccf6d659dec37f2010e75c8952b8,711,True,0.10805352712949463,0.02035616597439351,0.053054588512059186,7.800000000000001,0,78,0,0.018408110833114097,0.012482953813633933,0.01678572020221033,0.049601443111896515,"[0.04513748362660408, 0.05406540259718895]",0.5577349662780762,0.41930538415908813,0.13842958211898804,50.12800979614258,0.7071250081062317,0.13548243045806885,15.0,0.016274292021989822,0.40625,21.25,0.013919655233621597,0.40625,5.25,5.936595541890711,apiaviz/output/mechanisms/20260929T022214.077846Z-63813
12,2,31,gray,ant-12-seed-31-gray.json,ad36be3676b38840801443f78e5e535796a0c16adb6a2d3dbdb2202a835845ff,4228918f776d5efb5fc3da7f864979d46dbc4083c80fa08bc6e6de7b33e73d2f,4b789495b7d0118b7158f4b1eef13d33892714a46cdbb3f07ad124aa30aad087,3f82fb73b33ecc9be9f6d0743ca80132bd5f8e988f03dedf1358d2faffdad2c6,711,True,0.13823477944607576,0.1386103227574284,0.8782965982119038,10.700000000000001,0,107,0,0.13343896350231826,0.011272973911126315,0.04680215075362167,0.058143988251686096,"[0.059066105633974075, 0.05722187086939812]",0.6856585144996643,0.5536394715309143,0.13201904296875,36.931968688964844,0.5161250233650208,0.16978318989276886,23.75,0.014847293496131897,0.375,23.75,0.014847293496131897,0.375,0.0,5.6779638337902725,apiaviz/output/mechanisms/20260929T022214.077846Z-63813
12,2,31,raw_colour,ant-12-seed-31-raw_colour.json,ad36be3676b38840801443f78e5e535796a0c16adb6a2d3dbdb2202a835845ff,4228918f776d5efb5fc3da7f864979d46dbc4083c80fa08bc6e6de7b33e73d2f,4b789495b7d0118b7158f4b1eef13d33892714a46cdbb3f07ad124aa30aad087,a001809c7d0379171ad3ab35085a7ccad1357d5921b7d4636440887e277752eb,711,False,1.0576239545668755,0.5979596074924026,1.6127897603355577,20.0,0,200,0,0.5968490341849784,0.22099803524560444,0.5283137509238034,0.055598802864551544,"[0.054731011390686035, 0.05646659806370735]",0.6526867747306824,0.5366159081459045,0.11607086658477783,45.05735778808594,0.5870000123977661,0.1624450385570526,11.25,0.00243329256772995,0.375,11.25,0.0025391504168510437,0.375,0.0,11.151924000121653,apiaviz/output/mechanisms/20260929T022214.077846Z-63813
12,2,31,opponent,ant-12-seed-31-opponent.json,ad36be3676b38840801443f78e5e535796a0c16adb6a2d3dbdb2202a835845ff,4228918f776d5efb5fc3da7f864979d46dbc4083c80fa08bc6e6de7b33e73d2f,4b789495b7d0118b7158f4b1eef13d33892714a46cdbb3f07ad124aa30aad087,ead124f10bd07d67ab48935abbe394fb041adadd94aee8433f959e579bc82cbc,711,True,0.12751412045327254,0.054054980785560036,0.17292014722131957,7.800000000000001,0,78,0,0.05228660970945102,0.03832454781288791,0.054274267663538156,0.05591754615306854,"[0.059066105633974075, 0.05276898667216301]",0.5944353938102722,0.47859859466552734,0.11583679914474487,50.41286849975586,0.6488749980926514,0.15294043719768524,18.75,0.006807431578636169,0.40625,18.75,0.006807431578636169,0.40625,0.0,5.439099167007953,apiaviz/output/mechanisms/20260929T022214.077846Z-63813
12,2,31,sobel_colour,ant-12-seed-31-sobel_colour.json,ad36be3676b38840801443f78e5e535796a0c16adb6a2d3dbdb2202a835845ff,4228918f776d5efb5fc3da7f864979d46dbc4083c80fa08bc6e6de7b33e73d2f,4b789495b7d0118b7158f4b1eef13d33892714a46cdbb3f07ad124aa30aad087,a90c40dbc05de8cdad1dd8a35f5ccb51aeeb049041fc291283748eb9553e0c31,711,True,0.15065051328092802,0.5821738372404124,1.4795447247389477,20.0,0,200,0,0.5814971405120067,0.011787978618957173,0.4251053356194553,0.05138343945145607,"[0.04999788850545883, 0.05276898667216301]",0.5345013737678528,0.3937545418739319,0.1407468318939209,51.61424255371094,0.7066249847412109,0.13269004225730896,12.5,0.032542310655117035,0.375,12.5,0.032542310655117035,0.375,0.0,11.06327349995263,apiaviz/output/mechanisms/20260929T022214.077846Z-63813
12,2,31,ardin_input,ant-12-seed-31-ardin_input.json,ad36be3676b38840801443f78e5e535796a0c16adb6a2d3dbdb2202a835845ff,4228918f776d5efb5fc3da7f864979d46dbc4083c80fa08bc6e6de7b33e73d2f,4b789495b7d0118b7158f4b1eef13d33892714a46cdbb3f07ad124aa30aad087,ccc63deba5e507c2cae513750d22e476887ee1d8b8367c6796c9fa5a9c6979f4,711,False,0.9558898898117433,0.23283154234893047,0.7459810597866755,20.0,0,200,0,0.2271821893860204,0.13576022290112047,0.1870089820253285,0.0571351982653141,"[0.056181084364652634, 0.05808931216597557]",0.6804355382919312,0.5557073950767517,0.12472814321517944,37.00668716430664,0.4897499978542328,0.1693718433380127,13.75,0.005366265773773193,0.3125,13.75,0.005366265773773193,0.3125,0.0,18.169207957806066,apiaviz/output/mechanisms/20260929T022214.077846Z-63813
12,2,31,no_hex,ant-12-seed-31-no_hex.json,ad36be3676b38840801443f78e5e535796a0c16adb6a2d3dbdb2202a835845ff,4228918f776d5efb5fc3da7f864979d46dbc4083c80fa08bc6e6de7b33e73d2f,4b789495b7d0118b7158f4b1eef13d33892714a46cdbb3f07ad124aa30aad087,6c82cd9a821878638b9bdf53492c8343303e821d125cacbbe4824b3722e94f97,711,True,0.15193488268709518,0.0562609437569652,0.16834984291757157,7.9,0,79,0,0.054361024198004156,0.01872371105783133,0.026400525775328972,0.049903832376003265,"[0.046365682035684586, 0.053441982716321945]",0.5031310319900513,0.3778974115848541,0.12523362040519714,55.4493522644043,0.7360000014305115,0.1275324672460556,20.0,0.006341159343719482,0.40625,21.25,0.0012936368584632874,0.3125,5.0,5.672160832909867,apiaviz/output/mechanisms/20260929T022214.077846Z-63813
12,2,31,no_adapt,ant-12-seed-31-no_adapt.json,ad36be3676b38840801443f78e5e535796a0c16adb6a2d3dbdb2202a835845ff,4228918f776d5efb5fc3da7f864979d46dbc4083c80fa08bc6e6de7b33e73d2f,4b789495b7d0118b7158f4b1eef13d33892714a46cdbb3f07ad124aa30aad087,b0d29b9438d5a63f999d9a1b12a87fb9bf287d7cddcfed00f11231786f6c56fe,711,True,0.10866133710790357,0.0428978780822209,0.14759218705830807,7.9,0,79,0,0.04045065545187681,0.034646520205162436,0.036838745382379995,0.05333509296178818,"[0.05324050784111023, 0.053429678082466125]",0.7021816372871399,0.5993147492408752,0.10286688804626465,42.09778594970703,0.5296249985694885,0.16958534717559814,25.0,0.008326724171638489,0.40625,27.5,-0.006832711398601532,0.4375,15.0,4.500720167066902,apiaviz/output/mechanisms/20260929T022214.077846Z-63813
12,2,31,no_dog,ant-12-seed-31-no_dog.json,ad36be3676b38840801443f78e5e535796a0c16adb6a2d3dbdb2202a835845ff,4228918f776d5efb5fc3da7f864979d46dbc4083c80fa08bc6e6de7b33e73d2f,4b789495b7d0118b7158f4b1eef13d33892714a46cdbb3f07ad124aa30aad087,9f4381a8c78abc88f7031713344fa7cc5fdac2e7014cf0dae1d245882c61ae28,711,False,8.341069862801726,2.5730024034206282,6.99455348623997,20.0,0,200,0,2.5717450577087018,0.08423555301822848,2.1669690814317706,0.051598627120256424,"[0.0491318553686142, 0.05406540259718895]",0.5250199437141418,0.393215537071228,0.13180440664291382,53.248695373535156,0.7592499852180481,0.13296344876289368,17.5,0.0176519975066185,0.4375,17.5,0.01681051403284073,0.4375,2.25,11.391589374979958,apiaviz/output/mechanisms/20260929T022214.077846Z-63813
12,2,31,apia_simple_colour,ant-12-seed-31-apia_simple_colour.json,ad36be3676b38840801443f78e5e535796a0c16adb6a2d3dbdb2202a835845ff,4228918f776d5efb5fc3da7f864979d46dbc4083c80fa08bc6e6de7b33e73d2f,4b789495b7d0118b7158f4b1eef13d33892714a46cdbb3f07ad124aa30aad087,2fb9d83f3f33b5498b3910c68fc600d789946244f4b8b1d985582763b17ecdf0,711,True,0.1511506317728995,0.05115988439589647,0.1674691961829061,7.9,0,79,0,0.049133876767005306,0.012133959260911945,0.017337976500004848,0.048953235149383545,"[0.04513748362660408, 0.05276898667216301]",0.5068740248680115,0.3719773590564728,0.1348966658115387,54.18435287475586,0.7203750014305115,0.12589344382286072,15.0,0.012950442731380463,0.34375,15.0,0.01320568472146988,0.375,1.75,6.26600258378312,apiaviz/output/mechanisms/20260929T022214.077846Z-63813
12,2,31,sobel_apia_colour,ant-12-seed-31-sobel_apia_colour.json,ad36be3676b38840801443f78e5e535796a0c16adb6a2d3dbdb2202a835845ff,4228918f776d5efb5fc3da7f864979d46dbc4083c80fa08bc6e6de7b33e73d2f,4b789495b7d0118b7158f4b1eef13d33892714a46cdbb3f07ad124aa30aad087,1fa59b72992933dd4810ce1777cb6e4715f6f52397e95ae5741898856ea0b109,711,True,0.11069190534008662,0.04550672445646997,0.16946425339947738,7.9,0,79,0,0.042832888379337505,0.008320617291600411,0.014360387503672656,0.05203164741396904,"[0.04999788850545883, 0.05406540259718895]",0.5828865170478821,0.43895813822746277,0.1439283788204193,47.50809097290039,0.6933749914169312,0.1418091058731079,17.5,0.028933528810739517,0.40625,17.5,0.02807614579796791,0.4375,1.25,5.457554416032508,apiaviz/output/mechanisms/20260929T022214.077846Z-63813
12,2,43,apiaviz,ant-12-seed-43-apiaviz.json,ad36be3676b38840801443f78e5e535796a0c16adb6a2d3dbdb2202a835845ff,4228918f776d5efb5fc3da7f864979d46dbc4083c80fa08bc6e6de7b33e73d2f,4b789495b7d0118b7158f4b1eef13d33892714a46cdbb3f07ad124aa30aad087,e9b0fecd1f9560dae46e46a08fe302f296fd42e0b40a9f212d0b6796e14e2765,711,True,0.12097455370333052,0.015798987979801917,0.04931081044335669,7.800000000000001,0,78,0,0.01017166137143701,0.007381313539121613,0.013382764715144529,0.04828815162181854,"[0.04473910108208656, 0.05183720216155052]",0.5592248439788818,0.42225438356399536,0.13697046041488647,50.06427764892578,0.7043750286102295,0.13347916305065155,12.5,0.02608020231127739,0.375,11.25,0.025478333234786987,0.4375,4.25,5.503570250002667,apiaviz/output/mechanisms/20260929T022214.077846Z-63813
12,2,43,gray,ant-12-seed-43-gray.json,ad36be3676b38840801443f78e5e535796a0c16adb6a2d3dbdb2202a835845ff,4228918f776d5efb5fc3da7f864979d46dbc4083c80fa08bc6e6de7b33e73d2f,4b789495b7d0118b7158f4b1eef13d33892714a46cdbb3f07ad124aa30aad087,0e6232d8f88f365e46a910228b89265e0c836b395c2d4edf65b3208423622572,711,True,0.19071509178863333,0.32937687312837255,1.5933542893613726,15.9,0,159,0,0.32474421860499747,0.04104546430763076,0.09081548897430063,0.05785038694739342,"[0.05732032284140587, 0.058380451053380966]",0.6892215013504028,0.5520216226577759,0.13719987869262695,35.9783821105957,0.5167499780654907,0.16979381442070007,15.0,0.0047522857785224915,0.28125,15.0,0.0047522857785224915,0.28125,0.0,9.257314375136048,apiaviz/output/mechanisms/20260929T022214.077846Z-63813
12,2,43,raw_colour,ant-12-seed-43-raw_colour.json,ad36be3676b38840801443f78e5e535796a0c16adb6a2d3dbdb2202a835845ff,4228918f776d5efb5fc3da7f864979d46dbc4083c80fa08bc6e6de7b33e73d2f,4b789495b7d0118b7158f4b1eef13d33892714a46cdbb3f07ad124aa30aad087,5fdeabc7093f6882b86aeafc10a8d6288eda748bbeffde85b02ee236f135080c,711,False,2.7152647685345026,0.17143159866544586,0.8151267058572574,20.0,0,200,0,0.16858317610724177,0.0866593891372975,0.12116454866807258,0.05554623901844025,"[0.055426862090826035, 0.05566561222076416]",0.6503169536590576,0.5285030603408813,0.12181389331817627,43.15564727783203,0.5975000262260437,0.16176240146160126,13.75,0.004636824131011963,0.46875,13.75,0.004636824131011963,0.46875,0.0,10.941273542121053,apiaviz/output/mechanisms/20260929T022214.077846Z-63813
12,2,43,opponent,ant-12-seed-43-opponent.json,ad36be3676b38840801443f78e5e535796a0c16adb6a2d3dbdb2202a835845ff,4228918f776d5efb5fc3da7f864979d46dbc4083c80fa08bc6e6de7b33e73d2f,4b789495b7d0118b7158f4b1eef13d33892714a46cdbb3f07ad124aa30aad087,c9f2ed570941d061af491ccb01c3e57883e83ac51250ea3560a5073e62ff8535,711,False,2.2492328094852527,0.5712461961914748,1.88414361227413,20.0,0,200,0,0.5679829301995086,0.04042251175658037,0.4284016074283409,0.055056434124708176,"[0.05732032284140587, 0.05279254540801048]",0.5975853800773621,0.48069992661476135,0.11688545346260071,50.72046661376953,0.6487500071525574,0.1530238538980484,10.0,0.014305353164672852,0.3125,10.0,0.014125928282737732,0.3125,0.0,12.011510042008013,apiaviz/output/mechanisms/20260929T022214.077846Z-63813
12,2,43,sobel_colour,ant-12-seed-43-sobel_colour.json,ad36be3676b38840801443f78e5e535796a0c16adb6a2d3dbdb2202a835845ff,4228918f776d5efb5fc3da7f864979d46dbc4083c80fa08bc6e6de7b33e73d2f,4b789495b7d0118b7158f4b1eef13d33892714a46cdbb3f07ad124aa30aad087,f289ef8cb8e8cde62438444072b65929bd133edf139a6f2566fc7e9b631c99d8,711,True,0.10741786888517799,0.014554605813257635,0.05148210547001523,7.800000000000001,0,78,0,0.013680154387204636,0.010626514469820316,0.01166634738054827,0.051773734390735626,"[0.05075492337346077, 0.05279254540801048]",0.5301171541213989,0.39216333627700806,0.13795381784439087,52.341495513916016,0.703000009059906,0.13326700031757355,8.75,0.028543293476104736,0.34375,8.75,0.028362877666950226,0.34375,0.0,6.042894791113213,apiaviz/output/mechanisms/20260929T022214.077846Z-63813
12,2,43,ardin_input,ant-12-seed-43-ardin_input.json,ad36be3676b38840801443f78e5e535796a0c16adb6a2d3dbdb2202a835845ff,4228918f776d5efb5fc3da7f864979d46dbc4083c80fa08bc6e6de7b33e73d2f,4b789495b7d0118b7158f4b1eef13d33892714a46cdbb3f07ad124aa30aad087,a58d9c4e78f5742cb531da71a4e3122c867391cdf489e07d3c31337e3dfbe879,711,False,1.9107015003457186,0.4845245385112348,1.3413518017062427,20.0,0,200,0,0.48345318878886245,0.32616378586115075,0.40077667999067784,0.05655467510223389,"[0.056336499750614166, 0.056772854179143906]",0.6791173219680786,0.5577523708343506,0.12136495113372803,37.793209075927734,0.49674999713897705,0.16800226271152496,21.25,0.005389600992202759,0.34375,21.25,0.005473896861076355,0.34375,0.0,20.027864082949236,apiaviz/output/mechanisms/20260929T022214.077846Z-63813
12,2,43,no_hex,ant-12-seed-43-no_hex.json,ad36be3676b38840801443f78e5e535796a0c16adb6a2d3dbdb2202a835845ff,4228918f776d5efb5fc3da7f864979d46dbc4083c80fa08bc6e6de7b33e73d2f,4b789495b7d0118b7158f4b1eef13d33892714a46cdbb3f07ad124aa30aad087,aa5cb365fd9a54e01a880aeffea28a9153420ba0838f57c8f27c4ce4f1b22168,711,True,0.19292544634187989,0.008550834782322077,0.024642516342343344,7.7,0,77,0,0.007739711818716296,0.006454116906092062,0.007046566426940982,0.04933597147464752,"[0.045693036168813705, 0.05297890305519104]",0.5081727504730225,0.3800281286239624,0.12814462184906006,55.4262580871582,0.7387499809265137,0.12730446457862854,11.25,0.02048308029770851,0.375,11.25,0.019985713064670563,0.4375,2.0,6.199827499920502,apiaviz/output/mechanisms/20260929T022214.077846Z-63813
12,2,43,no_adapt,ant-12-seed-43-no_adapt.json,ad36be3676b38840801443f78e5e535796a0c16adb6a2d3dbdb2202a835845ff,4228918f776d5efb5fc3da7f864979d46dbc4083c80fa08bc6e6de7b33e73d2f,4b789495b7d0118b7158f4b1eef13d33892714a46cdbb3f07ad124aa30aad087,78f64122e9ddccf7b6b3e5a0dcd210e3147aa525373b8ebd9477e77d8f307cbb,711,False,8.209688454263407,1.4479990968139667,2.912476601131059,20.0,0,200,0,1.4476703302252443,0.49652568358674687,1.4408406058036771,0.049580167979002,"[0.047945499420166016, 0.05121483653783798]",0.6970546841621399,0.5943507552146912,0.10270392894744873,40.07451248168945,0.5189999938011169,0.16222132742404938,10.0,0.008653752505779266,0.4375,17.5,-0.008262928575277328,0.46875,22.5,11.815168417058885,apiaviz/output/mechanisms/20260929T022214.077846Z-63813
12,2,43,no_dog,ant-12-seed-43-no_dog.json,ad36be3676b38840801443f78e5e535796a0c16adb6a2d3dbdb2202a835845ff,4228918f776d5efb5fc3da7f864979d46dbc4083c80fa08bc6e6de7b33e73d2f,4b789495b7d0118b7158f4b1eef13d33892714a46cdbb3f07ad124aa30aad087,4dec0f14df5ca583c6769df170e285c965bed672bcfc65fc8e732a09666e06e7,711,True,0.17238072107536107,0.4751559802776508,1.5405577091915295,15.200000000000001,0,152,0,0.47407356237399334,0.06641188176188392,0.33817836849175725,0.05061550810933113,"[0.04939381033182144, 0.05183720216155052]",0.5280466675758362,0.39436525106430054,0.13368141651153564,52.65934371948242,0.7571250200271606,0.1312820166349411,11.25,0.016252707690000534,0.40625,12.5,0.017069201916456223,0.34375,3.0,10.418134625069797,apiaviz/output/mechanisms/20260929T022214.077846Z-63813
12,2,43,apia_simple_colour,ant-12-seed-43-apia_simple_colour.json,ad36be3676b38840801443f78e5e535796a0c16adb6a2d3dbdb2202a835845ff,4228918f776d5efb5fc3da7f864979d46dbc4083c80fa08bc6e6de7b33e73d2f,4b789495b7d0118b7158f4b1eef13d33892714a46cdbb3f07ad124aa30aad087,967da63fd2359c68ad7343e5fc588f69853525bcde49749d176c9682219a7cda,711,True,0.1960479978050223,0.008326132517372777,0.024642516342343344,7.7,0,77,0,0.007649837536217855,0.007240569282207755,0.006968828553666138,0.04876582324504852,"[0.04473910108208656, 0.05279254540801048]",0.5089653134346008,0.3759157955646515,0.13304951786994934,54.23477554321289,0.7242500185966492,0.1260642260313034,11.25,0.02552487701177597,0.46875,11.25,0.02563091367483139,0.46875,0.5,6.589891291921958,apiaviz/output/mechanisms/20260929T022214.077846Z-63813
12,2,43,sobel_apia_colour,ant-12-seed-43-sobel_apia_colour.json,ad36be3676b38840801443f78e5e535796a0c16adb6a2d3dbdb2202a835845ff,4228918f776d5efb5fc3da7f864979d46dbc4083c80fa08bc6e6de7b33e73d2f,4b789495b7d0118b7158f4b1eef13d33892714a46cdbb3f07ad124aa30aad087,44ce72e2fa74112f3867f08c7266980feff5f58cb4b3007b39adfefdfd912cb0,711,True,0.10513829792975253,0.012374360967340518,0.03593026139758418,7.800000000000001,0,78,0,0.010015216990130894,0.007907159959771084,0.01183768246653956,0.051296062767505646,"[0.05075492337346077, 0.05183720216155052]",0.5783529281616211,0.43640828132629395,0.14194464683532715,48.11131286621094,0.6831250190734863,0.14031203091144562,13.75,0.027941878885030746,0.25,15.0,0.030352815985679626,0.25,2.75,6.287765708984807,apiaviz/output/mechanisms/20260929T022214.077846Z-63813
12,2,59,apiaviz,ant-12-seed-59-apiaviz.json,ad36be3676b38840801443f78e5e535796a0c16adb6a2d3dbdb2202a835845ff,4228918f776d5efb5fc3da7f864979d46dbc4083c80fa08bc6e6de7b33e73d2f,4b789495b7d0118b7158f4b1eef13d33892714a46cdbb3f07ad124aa30aad087,3e4e6735a23ada1dbf13befa74a134e5f530484fc36141e9f17af20bb774b42a,711,True,0.1450485746401664,0.0845993491326164,0.17726613339789826,7.9,0,79,0,0.07899747275028969,0.08078694992167755,0.08976421146967607,0.049640823155641556,"[0.04643319174647331, 0.0528484545648098]",0.5490414500236511,0.4125223159790039,0.13651913404464722,51.130680084228516,0.7046250104904175,0.13352268934249878,11.25,0.02288791909813881,0.46875,11.25,0.025513742119073868,0.46875,2.5,6.507899084128439,apiaviz/output/mechanisms/20260929T022214.077846Z-63813
12,2,59,gray,ant-12-seed-59-gray.json,ad36be3676b38840801443f78e5e535796a0c16adb6a2d3dbdb2202a835845ff,4228918f776d5efb5fc3da7f864979d46dbc4083c80fa08bc6e6de7b33e73d2f,4b789495b7d0118b7158f4b1eef13d33892714a46cdbb3f07ad124aa30aad087,313d226c18abfb48d6c617221d3ccc18428c5b767f3586278c0333cef98e74ac,711,True,0.11987175760344071,0.14250240196541927,0.6943559350454648,9.0,0,90,0,0.1373551498387969,0.20137756445303076,0.09802304720086147,0.05661023035645485,"[0.057240504771471024, 0.05597995966672897]",0.6830981969833374,0.5435770750045776,0.13952112197875977,34.31297302246094,0.5295000076293945,0.16640125215053558,16.25,0.019088707864284515,0.28125,16.25,0.019088707864284515,0.28125,0.0,5.85865499987267,apiaviz/output/mechanisms/20260929T022214.077846Z-63813
12,2,59,raw_colour,ant-12-seed-59-raw_colour.json,ad36be3676b38840801443f78e5e535796a0c16adb6a2d3dbdb2202a835845ff,4228918f776d5efb5fc3da7f864979d46dbc4083c80fa08bc6e6de7b33e73d2f,4b789495b7d0118b7158f4b1eef13d33892714a46cdbb3f07ad124aa30aad087,d525bb3fcc347c8a16daf786f1c80ff5fa80b09806147193bb4fa3c6e25d9558,711,True,0.19711205181400782,0.08756082472369232,0.41527849494857266,11.0,0,110,0,0.08516585014008823,0.1358749083560556,0.028187754739929755,0.05565594136714935,"[0.05574578046798706, 0.055566102266311646]",0.6560586094856262,0.5361421704292297,0.11991643905639648,42.88270950317383,0.6038749814033508,0.16312147676944733,15.0,0.012982197105884552,0.3125,15.0,0.012982197105884552,0.3125,0.0,7.5475899579469115,apiaviz/output/mechanisms/20260929T022214.077846Z-63813
12,2,59,opponent,ant-12-seed-59-opponent.json,ad36be3676b38840801443f78e5e535796a0c16adb6a2d3dbdb2202a835845ff,4228918f776d5efb5fc3da7f864979d46dbc4083c80fa08bc6e6de7b33e73d2f,4b789495b7d0118b7158f4b1eef13d33892714a46cdbb3f07ad124aa30aad087,4604215b3278e14de54e30df8044cb7021750771128e4ce100d94eb033420d0e,711,True,0.1729018344237528,0.08440982824553904,0.2997957872679836,8.1,0,81,0,0.07907342884936057,0.08416377253112492,0.032322185981811205,0.054964661598205566,"[0.057240504771471024, 0.05268881842494011]",0.5909687280654907,0.4749492406845093,0.11601948738098145,50.533355712890625,0.6618750095367432,0.1511537730693817,18.75,0.009488217532634735,0.375,18.75,0.009488217532634735,0.375,0.0,5.469297874951735,apiaviz/output/mechanisms/20260929T022214.077846Z-63813
12,2,59,sobel_colour,ant-12-seed-59-sobel_colour.json,ad36be3676b38840801443f78e5e535796a0c16adb6a2d3dbdb2202a835845ff,4228918f776d5efb5fc3da7f864979d46dbc4083c80fa08bc6e6de7b33e73d2f,4b789495b7d0118b7158f4b1eef13d33892714a46cdbb3f07ad124aa30aad087,68e1df6068b5b32309ceeb070c3133eb34dfe656df719cdfed4cba0ab2490418,711,True,0.14750712124228527,0.05096437385226815,0.13509852589687205,7.800000000000001,0,78,0,0.049162352812632794,0.02812276235736606,0.03842011379981168,0.049785513430833817,"[0.046882208436727524, 0.05268881842494011]",0.5278356671333313,0.3896128237247467,0.1382228434085846,52.90605926513672,0.7020000219345093,0.12961414456367493,16.25,0.009135585278272629,0.375,16.25,0.009135585278272629,0.375,0.0,5.477254291065037,apiaviz/output/mechanisms/20260929T022214.077846Z-63813
12,2,59,ardin_input,ant-12-seed-59-ardin_input.json,ad36be3676b38840801443f78e5e535796a0c16adb6a2d3dbdb2202a835845ff,4228918f776d5efb5fc3da7f864979d46dbc4083c80fa08bc6e6de7b33e73d2f,4b789495b7d0118b7158f4b1eef13d33892714a46cdbb3f07ad124aa30aad087,7c5ba4dc695b35bb74b2e788c40a3683d23682fb946ce73ba6a9bfdcc59fd4de,711,False,0.3827720807495867,0.323844701603917,1.5027868834136964,20.0,0,200,0,0.321667572308003,0.18768607932949607,0.1874436216833269,0.055386777967214584,"[0.05457489565014839, 0.056198664009571075]",0.6926131844520569,0.5784744024276733,0.11413878202438354,36.836097717285156,0.4911249876022339,0.16895681619644165,30.0,-0.00871187448501587,0.40625,30.0,-0.00871187448501587,0.40625,0.0,20.10636774986051,apiaviz/output/mechanisms/20260929T022214.077846Z-63813
12,2,59,no_hex,ant-12-seed-59-no_hex.json,ad36be3676b38840801443f78e5e535796a0c16adb6a2d3dbdb2202a835845ff,4228918f776d5efb5fc3da7f864979d46dbc4083c80fa08bc6e6de7b33e73d2f,4b789495b7d0118b7158f4b1eef13d33892714a46cdbb3f07ad124aa30aad087,e3c82685faf227cbb581246049fa8e474823dfee39a58cf14c47dc31c4dd4c2b,711,True,0.18717573738938167,0.018234493185492726,0.04996627512843749,7.7,0,77,0,0.016050732655409898,0.013409496368218886,0.019040236625319083,0.04984651878476143,"[0.046850915998220444, 0.05284212529659271]",0.49744293093681335,0.36797216534614563,0.12947076559066772,55.78123092651367,0.7382500171661377,0.1254616528749466,20.0,0.0029152296483516693,0.375,12.5,0.008604194968938828,0.375,5.75,6.1916001660283655,apiaviz/output/mechanisms/20260929T022214.077846Z-63813
12,2,59,no_adapt,ant-12-seed-59-no_adapt.json,ad36be3676b38840801443f78e5e535796a0c16adb6a2d3dbdb2202a835845ff,4228918f776d5efb5fc3da7f864979d46dbc4083c80fa08bc6e6de7b33e73d2f,4b789495b7d0118b7158f4b1eef13d33892714a46cdbb3f07ad124aa30aad087,727395859ab304338929d9a9877f8d3aa6e48bd391380c26351b872faeacb6b1,711,True,0.18650493937044826,0.047050821714651865,0.09489372729995885,7.800000000000001,0,78,0,0.03732893888531318,0.047327317691950255,0.04658781682073885,0.05362289026379585,"[0.054749999195337296, 0.05249578133225441]",0.7008916139602661,0.5850844979286194,0.11580711603164673,41.10731887817383,0.5302500128746033,0.16722352802753448,10.0,0.013768807053565979,0.40625,10.0,-0.0035433992743492126,0.40625,14.0,5.704301416873932,apiaviz/output/mechanisms/20260929T022214.077846Z-63813
12,2,59,no_dog,ant-12-seed-59-no_dog.json,ad36be3676b38840801443f78e5e535796a0c16adb6a2d3dbdb2202a835845ff,4228918f776d5efb5fc3da7f864979d46dbc4083c80fa08bc6e6de7b33e73d2f,4b789495b7d0118b7158f4b1eef13d33892714a46cdbb3f07ad124aa30aad087,dd1e92892badc942ef3cdd09350cd1562c7f4d411ca6d6ff5ad5c6b1a508e8da,711,False,4.372732061760889,1.102188897544017,2.1542964742096835,20.0,0,200,0,1.1017835168187036,0.3177574394498465,1.1804488521679808,0.05120815709233284,"[0.04956786334514618, 0.0528484545648098]",0.5242224335670471,0.3915446102619171,0.13267782330513,53.456504821777344,0.7540000081062317,0.13156923651695251,11.25,0.018775630742311478,0.34375,11.25,0.016374271363019943,0.3125,1.0,13.092564083868638,apiaviz/output/mechanisms/20260929T022214.077846Z-63813
12,2,59,apia_simple_colour,ant-12-seed-59-apia_simple_colour.json,ad36be3676b38840801443f78e5e535796a0c16adb6a2d3dbdb2202a835845ff,4228918f776d5efb5fc3da7f864979d46dbc4083c80fa08bc6e6de7b33e73d2f,4b789495b7d0118b7158f4b1eef13d33892714a46cdbb3f07ad124aa30aad087,a0b571bbe3b77262eae1d4d9f78280d3d3587b7e56ec0b8ad94dbd89e73c9fbe,711,True,0.1960479978050223,0.008051686170186147,0.024642516342343344,7.7,0,77,0,0.007361843092586706,0.006797057839015784,0.006949460659928535,0.04956100508570671,"[0.04643319174647331, 0.05268881842494011]",0.4950673580169678,0.3620002567768097,0.13306710124015808,54.87453842163086,0.721750020980835,0.12432903051376343,11.25,0.020152464509010315,0.3125,11.25,0.020668458193540573,0.34375,1.0,6.57196916709654,apiaviz/output/mechanisms/20260929T022214.077846Z-63813
12,2,59,sobel_apia_colour,ant-12-seed-59-sobel_apia_colour.json,ad36be3676b38840801443f78e5e535796a0c16adb6a2d3dbdb2202a835845ff,4228918f776d5efb5fc3da7f864979d46dbc4083c80fa08bc6e6de7b33e73d2f,4b789495b7d0118b7158f4b1eef13d33892714a46cdbb3f07ad124aa30aad087,482e4d0fb8ed5d23dfef1297977c0aa05123ed7f86c1ad07645faf155b890cf5,711,True,0.16020678614491693,0.03878942517297675,0.1151838061589133,7.800000000000001,0,78,0,0.03664538806197928,0.016660698743933097,0.024737765011739354,0.04986533150076866,"[0.046882208436727524, 0.0528484545648098]",0.5816477537155151,0.4399792551994324,0.14166849851608276,48.92372131347656,0.6848750114440918,0.13845717906951904,15.0,0.009792987257242203,0.34375,16.25,0.012462519109249115,0.34375,5.25,6.519985416904092,apiaviz/output/mechanisms/20260929T022214.077846Z-63813
12,2,71,apiaviz,ant-12-seed-71-apiaviz.json,ad36be3676b38840801443f78e5e535796a0c16adb6a2d3dbdb2202a835845ff,4228918f776d5efb5fc3da7f864979d46dbc4083c80fa08bc6e6de7b33e73d2f,4b789495b7d0118b7158f4b1eef13d33892714a46cdbb3f07ad124aa30aad087,f9b89bc4329c46b78278ac6457be1b28480593346784133af1f0114b7ebae2a1,711,True,0.13538798105436495,0.028275088583742385,0.08768214052668404,7.800000000000001,0,78,0,0.024746137883405805,0.010529472480255857,0.020049298629830813,0.04813484475016594,"[0.04661427438259125, 0.04965541511774063]",0.5480230450630188,0.4087948203086853,0.1392282247543335,50.863792419433594,0.706375002861023,0.1311887502670288,10.0,0.03157944977283478,0.34375,10.0,0.02728736400604248,0.375,7.0,5.96448070788756,apiaviz/output/mechanisms/20260929T022214.077846Z-63813
12,2,71,gray,ant-12-seed-71-gray.json,ad36be3676b38840801443f78e5e535796a0c16adb6a2d3dbdb2202a835845ff,4228918f776d5efb5fc3da7f864979d46dbc4083c80fa08bc6e6de7b33e73d2f,4b789495b7d0118b7158f4b1eef13d33892714a46cdbb3f07ad124aa30aad087,94a4c677e19fb2503a50e02243a0ceaec70ca3860d0552bc8267c1adae1dea72,711,True,0.1222696125798261,0.02071954876460097,0.07557550882886238,7.800000000000001,0,78,0,0.015775674665125413,0.011098958482522054,0.013640725936540248,0.05627056956291199,"[0.05663713067770004, 0.05590400844812393]",0.6690691113471985,0.5271807909011841,0.1418883204460144,36.27054214477539,0.5168750286102295,0.1630364954471588,11.25,0.013711117208003998,0.4375,11.25,0.013711117208003998,0.4375,0.0,5.2268884589429945,apiaviz/output/mechanisms/20260929T022214.077846Z-63813
12,2,71,raw_colour,ant-12-seed-71-raw_colour.json,ad36be3676b38840801443f78e5e535796a0c16adb6a2d3dbdb2202a835845ff,4228918f776d5efb5fc3da7f864979d46dbc4083c80fa08bc6e6de7b33e73d2f,4b789495b7d0118b7158f4b1eef13d33892714a46cdbb3f07ad124aa30aad087,a3ca369a78ef1c564b0293d3aeacab4172b73d4b0d500a3ec74ddd2c91951263,711,True,0.16694737027813505,0.039127820848849575,0.17715152064321,7.9,0,79,0,0.03793377118079711,0.009005421399257035,0.015066828538189641,0.05648171529173851,"[0.05533263087272644, 0.05763080343604088]",0.6503742933273315,0.5268840789794922,0.12349021434783936,42.37430191040039,0.5997499823570251,0.16246198117733002,18.75,0.0007602125406265259,0.28125,18.75,0.0007602125406265259,0.28125,0.0,4.398149291984737,apiaviz/output/mechanisms/20260929T022214.077846Z-63813
12,2,71,opponent,ant-12-seed-71-opponent.json,ad36be3676b38840801443f78e5e535796a0c16adb6a2d3dbdb2202a835845ff,4228918f776d5efb5fc3da7f864979d46dbc4083c80fa08bc6e6de7b33e73d2f,4b789495b7d0118b7158f4b1eef13d33892714a46cdbb3f07ad124aa30aad087,298b03dfe8e5e9c31091d49caa3df4d73f78ae9b6fddb36d09d95e8382618a5f,711,True,0.19810406550567075,0.0972030773641928,0.5868929323004328,9.600000000000001,0,96,0,0.09535848509629215,0.03230433656158637,0.04237875477977491,0.05350667983293533,"[0.05663713067770004, 0.050376228988170624]",0.5836303234100342,0.47067156434059143,0.11295875906944275,51.70478439331055,0.643625020980835,0.14850777387619019,11.25,0.011541225016117096,0.5,11.25,0.011541225016117096,0.5,0.0,6.478074375074357,apiaviz/output/mechanisms/20260929T022214.077846Z-63813
12,2,71,sobel_colour,ant-12-seed-71-sobel_colour.json,ad36be3676b38840801443f78e5e535796a0c16adb6a2d3dbdb2202a835845ff,4228918f776d5efb5fc3da7f864979d46dbc4083c80fa08bc6e6de7b33e73d2f,4b789495b7d0118b7158f4b1eef13d33892714a46cdbb3f07ad124aa30aad087,1e7c05b4c59ba3b0ae360acdd7582a84e592673874d63dcc8fed1893edf66980,711,True,0.14101875109902365,0.03318696128669949,0.09810377816398676,7.800000000000001,0,78,0,0.03180000900573801,0.016935796341636236,0.02625314531403674,0.05063888803124428,"[0.05090154707431793, 0.050376228988170624]",0.5333398580551147,0.3961339294910431,0.13720592856407166,51.91774368286133,0.6974999904632568,0.13240332901477814,17.5,0.02141490951180458,0.375,17.5,0.02141490951180458,0.375,0.0,5.407894584117457,apiaviz/output/mechanisms/20260929T022214.077846Z-63813
12,2,71,ardin_input,ant-12-seed-71-ardin_input.json,ad36be3676b38840801443f78e5e535796a0c16adb6a2d3dbdb2202a835845ff,4228918f776d5efb5fc3da7f864979d46dbc4083c80fa08bc6e6de7b33e73d2f,4b789495b7d0118b7158f4b1eef13d33892714a46cdbb3f07ad124aa30aad087,5de6c8f61660c692c23cf90d9d04fd82fb72986a188be1952aaebd1f8fd1a1f3,711,False,0.7743555497194173,0.5936120902895371,1.7097843263112666,20.0,0,200,0,0.591614739546438,0.08351112545618626,0.5305679538228867,0.05497521162033081,"[0.05589345842599869, 0.054056961089372635]",0.6761661171913147,0.5540198087692261,0.12214630842208862,36.66439437866211,0.4959999918937683,0.16539514064788818,20.0,0.01042235642671585,0.21875,20.0,0.01042235642671585,0.21875,0.0,21.162315624998882,apiaviz/output/mechanisms/20260929T022214.077846Z-63813
12,2,71,no_hex,ant-12-seed-71-no_hex.json,ad36be3676b38840801443f78e5e535796a0c16adb6a2d3dbdb2202a835845ff,4228918f776d5efb5fc3da7f864979d46dbc4083c80fa08bc6e6de7b33e73d2f,4b789495b7d0118b7158f4b1eef13d33892714a46cdbb3f07ad124aa30aad087,f0988aa8d41f0911900ca3365f62fda6aa79800a5bf870861b7f4a058c547d91,711,True,0.12386056859213293,0.0386597669909658,0.14184214158510283,7.800000000000001,0,78,0,0.03746781789198823,0.0189377803494879,0.02651363861458856,0.04941684380173683,"[0.04855871945619583, 0.050274964421987534]",0.49625709652900696,0.3704519271850586,0.12580516934394836,56.288272857666016,0.7394999861717224,0.1252899318933487,12.5,0.025146961212158203,0.3125,13.75,0.024704687297344208,0.34375,6.5,6.376288875006139,apiaviz/output/mechanisms/20260929T022214.077846Z-63813
12,2,71,no_adapt,ant-12-seed-71-no_adapt.json,ad36be3676b38840801443f78e5e535796a0c16adb6a2d3dbdb2202a835845ff,4228918f776d5efb5fc3da7f864979d46dbc4083c80fa08bc6e6de7b33e73d2f,4b789495b7d0118b7158f4b1eef13d33892714a46cdbb3f07ad124aa30aad087,84cd29a60d3d51c763ebe6185457eadb8f6201cc59b3ab6c26b08e6f0e057070,711,False,4.912730785033574,2.4896994261482654,4.8073988192332715,20.0,0,200,0,2.488969906858595,0.1759648962740893,2.5797422409849506,0.05036638677120209,"[0.051450420171022415, 0.04928234964609146]",0.703823447227478,0.5978088974952698,0.10601454973220825,41.72239303588867,0.5242499709129333,0.1651313304901123,13.75,0.013227783143520355,0.3125,37.5,-0.04133765399456024,0.28125,29.75,12.0394864580594,apiaviz/output/mechanisms/20260929T022214.077846Z-63813
12,2,71,no_dog,ant-12-seed-71-no_dog.json,ad36be3676b38840801443f78e5e535796a0c16adb6a2d3dbdb2202a835845ff,4228918f776d5efb5fc3da7f864979d46dbc4083c80fa08bc6e6de7b33e73d2f,4b789495b7d0118b7158f4b1eef13d33892714a46cdbb3f07ad124aa30aad087,4ce960c7d7f85f50e40b314812e1030350bb552cb70a0bec7a0ff5249f323856,711,True,0.19559122600778742,0.020003022400964625,0.04145811633425905,7.7,0,77,0,0.01827881825183351,0.014427756011756453,0.01778595630345497,0.05023365095257759,"[0.05081188306212425, 0.04965541511774063]",0.5179553627967834,0.3833432197570801,0.13461214303970337,53.40848922729492,0.7452499866485596,0.12896877527236938,11.25,0.025314025580883026,0.28125,11.25,0.018890120089054108,0.28125,3.5,6.258170708082616,apiaviz/output/mechanisms/20260929T022214.077846Z-63813
12,2,71,apia_simple_colour,ant-12-seed-71-apia_simple_colour.json,ad36be3676b38840801443f78e5e535796a0c16adb6a2d3dbdb2202a835845ff,4228918f776d5efb5fc3da7f864979d46dbc4083c80fa08bc6e6de7b33e73d2f,4b789495b7d0118b7158f4b1eef13d33892714a46cdbb3f07ad124aa30aad087,daa469ceeb9cac2f0d4134e694287aa495715c540a199ca55cbb353d889dfc0d,711,False,6.400076213478837,0.7482382524393638,2.1936371338401948,20.0,0,200,0,0.7472032425556889,0.17471229535736016,0.6657918615940317,0.048495251685380936,"[0.04661427438259125, 0.050376228988170624]",0.4977699816226959,0.36733725666999817,0.13043272495269775,54.72688674926758,0.7248749732971191,0.12433727830648422,12.5,0.033815108239650726,0.3125,12.5,0.03388229385018349,0.34375,1.25,12.441554541932419,apiaviz/output/mechanisms/20260929T022214.077846Z-63813
12,2,71,sobel_apia_colour,ant-12-seed-71-sobel_apia_colour.json,ad36be3676b38840801443f78e5e535796a0c16adb6a2d3dbdb2202a835845ff,4228918f776d5efb5fc3da7f864979d46dbc4083c80fa08bc6e6de7b33e73d2f,4b789495b7d0118b7158f4b1eef13d33892714a46cdbb3f07ad124aa30aad087,ef0e2b830bd49ac7c80c5d1b42e452edd7df3657bb3418ac8944be562bb3ed28,711,True,0.1585139466239799,0.04927743908706295,0.13633535071162453,7.800000000000001,0,78,0,0.04703359631132885,0.01942635246871091,0.035184186351390576,0.05027848109602928,"[0.05090154707431793, 0.04965541511774063]",0.5809658765792847,0.43501025438308716,0.1459556221961975,47.99381637573242,0.6790000200271606,0.13886293768882751,17.5,0.017252236604690552,0.3125,17.5,0.015303339809179306,0.3125,1.75,6.867162375012413,apiaviz/output/mechanisms/20260929T022214.077846Z-63813
13,2,19,apiaviz,ant-13-seed-19-apiaviz.json,ce1ef5f2ada734ac04e5401287442a9e4ee62f2312b4a61a37355792ca3e0c0f,4396a3b16655acfebad64e0aa4fa643fcf16101f1cfc5d3d6189f66e48f58800,f704bf33b3e7dae176173526ea91fc4c30d6b2839083d8756e94db48856b3046,dcd675a17a99fbdac022c0f4fa89fc1b0060a03a450e27419cad46ed2cc83be7,783,True,0.19294094326624497,0.11316371006068059,0.3818793164433637,9.5,0,95,0,0.11020557824093584,0.0505514371637777,0.08362059437454247,0.04965166002511978,"[0.046537354588508606, 0.05276596546173096]",0.5351381301879883,0.41045019030570984,0.12468793988227844,58.62898254394531,0.718625009059906,0.130928635597229,16.25,0.006120167672634125,0.34375,17.5,0.00902486965060234,0.28125,5.0,8.147025000071153,apiaviz/output/mechanisms/20260929T022215.257048Z-63815
13,2,19,gray,ant-13-seed-19-gray.json,ce1ef5f2ada734ac04e5401287442a9e4ee62f2312b4a61a37355792ca3e0c0f,4396a3b16655acfebad64e0aa4fa643fcf16101f1cfc5d3d6189f66e48f58800,f704bf33b3e7dae176173526ea91fc4c30d6b2839083d8756e94db48856b3046,3b7472191c8bda9dfe8c0a04512c84cc1435c17d9b015e89efe1e1983aebe6d6,783,True,0.17418539021167811,0.0699707676944725,0.2671976970403085,8.6,0,86,0,0.0659488934106894,0.035972782776408384,0.0542162204944502,0.05732407420873642,"[0.05848722904920578, 0.05616091936826706]",0.6752806901931763,0.5500549674034119,0.1252257227897644,42.59275436401367,0.5223749876022339,0.16668139398097992,20.0,-0.011316053569316864,0.25,20.0,-0.011155948042869568,0.25,0.0,5.3387792920693755,apiaviz/output/mechanisms/20260929T022215.257048Z-63815
13,2,19,raw_colour,ant-13-seed-19-raw_colour.json,ce1ef5f2ada734ac04e5401287442a9e4ee62f2312b4a61a37355792ca3e0c0f,4396a3b16655acfebad64e0aa4fa643fcf16101f1cfc5d3d6189f66e48f58800,f704bf33b3e7dae176173526ea91fc4c30d6b2839083d8756e94db48856b3046,9684612bf19426dde54f13ee909ae4682d72580816231cb97043beaed423fb69,783,False,0.6916936899260963,0.41844569327026676,1.3209488837719734,20.0,0,200,0,0.4168473592602442,0.02421589509486161,0.33568388657626,0.05497940629720688,"[0.0556117482483387, 0.05434706434607506]",0.6476542949676514,0.5296867489814758,0.11796754598617554,50.46247482299805,0.5896250009536743,0.15916197001934052,20.0,-0.006679229438304901,0.25,20.0,-0.0068512484431266785,0.25,0.0,11.38462220900692,apiaviz/output/mechanisms/20260929T022215.257048Z-63815
13,2,19,opponent,ant-13-seed-19-opponent.json,ce1ef5f2ada734ac04e5401287442a9e4ee62f2312b4a61a37355792ca3e0c0f,4396a3b16655acfebad64e0aa4fa643fcf16101f1cfc5d3d6189f66e48f58800,f704bf33b3e7dae176173526ea91fc4c30d6b2839083d8756e94db48856b3046,d14b440b102a7ddaaf582565cae1c437feda795d315acafbdb680635ef96b8e7,783,False,1.9898340818966833,0.7375354884013708,1.6909395953911157,20.0,0,200,0,0.7366503673324971,0.06330766589768377,0.8696202149500567,0.05564192309975624,"[0.05848722904920578, 0.0527966171503067]",0.5896250009536743,0.4839738607406616,0.1056511402130127,59.59125900268555,0.6545000076293945,0.15226207673549652,11.25,0.00361517071723938,0.3125,11.25,0.00361517071723938,0.3125,0.0,11.116936458041891,apiaviz/output/mechanisms/20260929T022215.257048Z-63815
13,2,19,sobel_colour,ant-13-seed-19-sobel_colour.json,ce1ef5f2ada734ac04e5401287442a9e4ee62f2312b4a61a37355792ca3e0c0f,4396a3b16655acfebad64e0aa4fa643fcf16101f1cfc5d3d6189f66e48f58800,f704bf33b3e7dae176173526ea91fc4c30d6b2839083d8756e94db48856b3046,9cac37d604d172356145b5c0b71b38a9bd9969b04529be11e625d2b99a06f2ef,783,True,0.10601937586703794,0.06395545105231588,0.11292734879672311,8.8,0,88,0,0.060830485601540134,0.05497571412583725,0.07439064203675419,0.049943964928388596,"[0.04709131643176079, 0.0527966171503067]",0.5198689699172974,0.3953668475151062,0.12450212240219116,61.50399398803711,0.6927499771118164,0.1292979121208191,11.25,0.014634829014539719,0.375,11.25,0.014634829014539719,0.375,0.0,6.203125499887392,apiaviz/output/mechanisms/20260929T022215.257048Z-63815
13,2,19,ardin_input,ant-13-seed-19-ardin_input.json,ce1ef5f2ada734ac04e5401287442a9e4ee62f2312b4a61a37355792ca3e0c0f,4396a3b16655acfebad64e0aa4fa643fcf16101f1cfc5d3d6189f66e48f58800,f704bf33b3e7dae176173526ea91fc4c30d6b2839083d8756e94db48856b3046,631acca75994880fa1e14a6cea826769989a5f516ba5241051442e3aff6a0a11,783,False,3.74110824551438,0.4685934767306347,1.686660851388795,20.0,0,200,0,0.46639500860397987,0.09248732782409308,0.2330123060820173,0.0536990724503994,"[0.05065900459885597, 0.056739144027233124]",0.6856569051742554,0.5757331848144531,0.10992372035980225,42.64560317993164,0.4896250069141388,0.16477429866790771,18.75,0.003010980784893036,0.40625,18.75,0.003010980784893036,0.40625,0.0,18.46656391606666,apiaviz/output/mechanisms/20260929T022215.257048Z-63815
13,2,19,no_hex,ant-13-seed-19-no_hex.json,ce1ef5f2ada734ac04e5401287442a9e4ee62f2312b4a61a37355792ca3e0c0f,4396a3b16655acfebad64e0aa4fa643fcf16101f1cfc5d3d6189f66e48f58800,f704bf33b3e7dae176173526ea91fc4c30d6b2839083d8756e94db48856b3046,790114590a8caf1dee648f55e76e3e0ac9b925e73b484bca72c2adc972a15a8e,783,True,0.1813365646941832,0.05924748980936548,0.11721674356001406,8.6,0,86,0,0.055694407729562294,0.049799360839974535,0.06135449608282784,0.05035456642508507,"[0.0476519800722599, 0.05305715277791023]",0.4770413637161255,0.3660399913787842,0.11100137233734131,64.75550079345703,0.7507500052452087,0.12355318665504456,12.5,0.01504402607679367,0.40625,12.5,0.014732055366039276,0.375,1.75,6.574532500002533,apiaviz/output/mechanisms/20260929T022215.257048Z-63815
13,2,19,no_adapt,ant-13-seed-19-no_adapt.json,ce1ef5f2ada734ac04e5401287442a9e4ee62f2312b4a61a37355792ca3e0c0f,4396a3b16655acfebad64e0aa4fa643fcf16101f1cfc5d3d6189f66e48f58800,f704bf33b3e7dae176173526ea91fc4c30d6b2839083d8756e94db48856b3046,d0081041e05e9df4ee471379c6f9a647b4f2c0fb970ef371ba1f28e262746c50,783,True,0.17448724360860643,0.04744436506764745,0.16761307795330577,8.6,0,86,0,0.04267879970002633,0.0186691341064824,0.027400901679658564,0.05234658345580101,"[0.05216091871261597, 0.05253224819898605]",0.6945146918296814,0.5841027498245239,0.11041194200515747,47.43470764160156,0.5176249742507935,0.16512548923492432,10.0,-0.004813231527805328,0.375,36.25,-0.03708800673484802,0.375,30.25,5.6654431249480695,apiaviz/output/mechanisms/20260929T022215.257048Z-63815
13,2,19,no_dog,ant-13-seed-19-no_dog.json,ce1ef5f2ada734ac04e5401287442a9e4ee62f2312b4a61a37355792ca3e0c0f,4396a3b16655acfebad64e0aa4fa643fcf16101f1cfc5d3d6189f66e48f58800,f704bf33b3e7dae176173526ea91fc4c30d6b2839083d8756e94db48856b3046,538f02127e790fc135f9949752129cecc5e752be613c6ece42e32d0b4e8c2543,783,False,3.461740864129716,0.8044580433005579,1.7421445309114896,20.0,0,200,0,0.803349577304823,0.052256653499627964,0.9131798662377664,0.05170498043298721,"[0.05064399912953377, 0.05276596546173096]",0.5054323077201843,0.3883756995201111,0.11705660820007324,61.54572677612305,0.7672500014305115,0.12894438207149506,23.75,0.003296680748462677,0.34375,23.75,0.0012307055294513702,0.3125,3.0,12.23385929199867,apiaviz/output/mechanisms/20260929T022215.257048Z-63815
13,2,19,apia_simple_colour,ant-13-seed-19-apia_simple_colour.json,ce1ef5f2ada734ac04e5401287442a9e4ee62f2312b4a61a37355792ca3e0c0f,4396a3b16655acfebad64e0aa4fa643fcf16101f1cfc5d3d6189f66e48f58800,f704bf33b3e7dae176173526ea91fc4c30d6b2839083d8756e94db48856b3046,ef0966ed44706f354fe12ede28646cbc2b000da09df488cac757b2fa59f85530,783,True,0.19318370586513103,0.057787347402709716,0.11475601689902315,8.700000000000001,0,87,0,0.0547509610087607,0.04769489310519563,0.06206536658489084,0.049666985869407654,"[0.046537354588508606, 0.0527966171503067]",0.4787561297416687,0.3613302707672119,0.11742585897445679,63.61369323730469,0.7372499704360962,0.12198015302419662,11.25,0.02136984094977379,0.4375,11.25,0.020817380398511887,0.375,2.5,6.590488292044029,apiaviz/output/mechanisms/20260929T022215.257048Z-63815
13,2,19,sobel_apia_colour,ant-13-seed-19-sobel_apia_colour.json,ce1ef5f2ada734ac04e5401287442a9e4ee62f2312b4a61a37355792ca3e0c0f,4396a3b16655acfebad64e0aa4fa643fcf16101f1cfc5d3d6189f66e48f58800,f704bf33b3e7dae176173526ea91fc4c30d6b2839083d8756e94db48856b3046,9ccf71d339c48f3862282123bb4381639794f4ddf4a108534231f33a6bab2a38,783,True,0.11105073168904163,0.0660811252191967,0.12013965065235654,8.6,0,86,0,0.06293143279807586,0.04755797694375504,0.06850277416039434,0.04992863908410072,"[0.04709131643176079, 0.05276596546173096]",0.575580358505249,0.44370442628860474,0.1318759322166443,56.24864196777344,0.6741250157356262,0.13777193427085876,13.75,0.0006448440253734589,0.3125,13.75,0.0004155375063419342,0.34375,0.75,5.948653416940942,apiaviz/output/mechanisms/20260929T022215.257048Z-63815
13,2,31,apiaviz,ant-13-seed-31-apiaviz.json,ce1ef5f2ada734ac04e5401287442a9e4ee62f2312b4a61a37355792ca3e0c0f,4396a3b16655acfebad64e0aa4fa643fcf16101f1cfc5d3d6189f66e48f58800,f704bf33b3e7dae176173526ea91fc4c30d6b2839083d8756e94db48856b3046,20817390d2d6b7284e2f1031d76058776eeeda22da981405e25f664401a9bd03,783,True,0.12897927586230568,0.06694287871148166,0.11571151474474892,8.700000000000001,0,87,0,0.0641429292100763,0.04996029625392053,0.07084969522616062,0.049456097185611725,"[0.045136336237192154, 0.053775861859321594]",0.5445476174354553,0.41848745942115784,0.12606015801429749,57.8572998046875,0.7067499756813049,0.13294588029384613,7.5,0.003743007779121399,0.28125,10.0,0.005531437695026398,0.25,2.5,6.324037000071257,apiaviz/output/mechanisms/20260929T022215.257048Z-63815
13,2,31,gray,ant-13-seed-31-gray.json,ce1ef5f2ada734ac04e5401287442a9e4ee62f2312b4a61a37355792ca3e0c0f,4396a3b16655acfebad64e0aa4fa643fcf16101f1cfc5d3d6189f66e48f58800,f704bf33b3e7dae176173526ea91fc4c30d6b2839083d8756e94db48856b3046,a53ffcb66f4d79f6bbfc3049c06ad261f66e3b2f7ab29b858bcc76eaf9fa3c67,783,True,0.12784989754741033,0.07786936441212236,0.33295686685872905,10.600000000000001,0,106,0,0.07418266541652832,0.09278787678785662,0.043737162582338604,0.058357760310173035,"[0.059693485498428345, 0.057022031396627426]",0.6820294260978699,0.5548756122589111,0.12715381383895874,42.72595977783203,0.5207499861717224,0.1687754988670349,27.5,-0.010788053274154663,0.375,27.5,-0.010788053274154663,0.375,0.0,6.376833125017583,apiaviz/output/mechanisms/20260929T022215.257048Z-63815
13,2,31,raw_colour,ant-13-seed-31-raw_colour.json,ce1ef5f2ada734ac04e5401287442a9e4ee62f2312b4a61a37355792ca3e0c0f,4396a3b16655acfebad64e0aa4fa643fcf16101f1cfc5d3d6189f66e48f58800,f704bf33b3e7dae176173526ea91fc4c30d6b2839083d8756e94db48856b3046,9df9a27e20c985793d912d5d7aaf1ff5b4085f3246f43668b73759c4024a98e5,783,True,0.15541231856746104,0.0656467888831862,0.15011939252639853,8.700000000000001,0,87,0,0.06179828220531541,0.03984930116429,0.0651756085973222,0.05574026331305504,"[0.05546775087714195, 0.056012772023677826]",0.6482858061790466,0.5340635180473328,0.11422228813171387,50.79734802246094,0.5842499732971191,0.1615341752767563,15.0,-0.011428963392972946,0.34375,15.0,-0.011428963392972946,0.34375,0.0,5.865290750050917,apiaviz/output/mechanisms/20260929T022215.257048Z-63815
13,2,31,opponent,ant-13-seed-31-opponent.json,ce1ef5f2ada734ac04e5401287442a9e4ee62f2312b4a61a37355792ca3e0c0f,4396a3b16655acfebad64e0aa4fa643fcf16101f1cfc5d3d6189f66e48f58800,f704bf33b3e7dae176173526ea91fc4c30d6b2839083d8756e94db48856b3046,859bc84cacc222841b3b647a3aa56be9375935b18f79c9edc570b9657c384cfa,783,False,4.207054265884175,0.5621243861360393,1.3223232018852362,20.0,0,200,0,0.5608461245550282,0.053364665881214225,0.6234784449237585,0.056404054164886475,"[0.059693485498428345, 0.053114622831344604]",0.5858522653579712,0.47288838028907776,0.11296388506889343,58.9075927734375,0.653249979019165,0.15168893337249756,8.75,0.005393587052822113,0.3125,8.75,0.005393587052822113,0.3125,0.0,10.064705291995779,apiaviz/output/mechanisms/20260929T022215.257048Z-63815
13,2,31,sobel_colour,ant-13-seed-31-sobel_colour.json,ce1ef5f2ada734ac04e5401287442a9e4ee62f2312b4a61a37355792ca3e0c0f,4396a3b16655acfebad64e0aa4fa643fcf16101f1cfc5d3d6189f66e48f58800,f704bf33b3e7dae176173526ea91fc4c30d6b2839083d8756e94db48856b3046,aa65e9f6108be00d8d14badfd49a23a22fa5c4de6c5c52a5dfeb2a01c3b20633,783,True,0.18612817801118994,0.06289366785504082,0.11721674356001406,8.6,0,86,0,0.05960744036974935,0.049799360839974535,0.06850277416039434,0.05217017978429794,"[0.05122573301196098, 0.053114622831344604]",0.5150818228721619,0.38813212513923645,0.12694969773292542,61.025577545166016,0.7103750109672546,0.13064293563365936,5.0,0.032183196395635605,0.34375,5.0,0.03228946402668953,0.34375,0.0,6.233857625164092,apiaviz/output/mechanisms/20260929T022215.257048Z-63815
13,2,31,ardin_input,ant-13-seed-31-ardin_input.json,ce1ef5f2ada734ac04e5401287442a9e4ee62f2312b4a61a37355792ca3e0c0f,4396a3b16655acfebad64e0aa4fa643fcf16101f1cfc5d3d6189f66e48f58800,f704bf33b3e7dae176173526ea91fc4c30d6b2839083d8756e94db48856b3046,2efc5d42f54444875d6ce6e0a169a5c4594d03c0f8cf1dabfab3d55ab9f5c324,783,True,0.16359725763047323,0.07264360218699928,0.17073963739443326,9.9,0,99,0,0.0662629398141172,0.03193609211153652,0.06649029161101332,0.05706369876861572,"[0.05633365362882614, 0.057793740183115005]",0.6759209036827087,0.5619869828224182,0.11393392086029053,42.98869323730469,0.4958750009536743,0.16779355704784393,16.25,-0.0026104673743247986,0.46875,16.25,-0.002570599317550659,0.46875,0.25,10.99658279097639,apiaviz/output/mechanisms/20260929T022215.257048Z-63815
13,2,31,no_hex,ant-13-seed-31-no_hex.json,ce1ef5f2ada734ac04e5401287442a9e4ee62f2312b4a61a37355792ca3e0c0f,4396a3b16655acfebad64e0aa4fa643fcf16101f1cfc5d3d6189f66e48f58800,f704bf33b3e7dae176173526ea91fc4c30d6b2839083d8756e94db48856b3046,215defb64c07b59d2e5bcc8504ff139163c8454736f13cd183beffd460b0e1f4,783,False,1.2516698290372374,0.3600431219222112,1.2798291714710772,20.0,0,200,0,0.3569130322956691,0.049799360839974535,0.1471340840597222,0.04956034570932388,"[0.045472223311662674, 0.05364846810698509]",0.4828841984272003,0.3683401346206665,0.11454406380653381,64.31971740722656,0.7388749718666077,0.12429193407297134,10.0,0.01650957763195038,0.3125,11.25,0.0160033218562603,0.3125,4.25,11.869458625093102,apiaviz/output/mechanisms/20260929T022215.257048Z-63815
13,2,31,no_adapt,ant-13-seed-31-no_adapt.json,ce1ef5f2ada734ac04e5401287442a9e4ee62f2312b4a61a37355792ca3e0c0f,4396a3b16655acfebad64e0aa4fa643fcf16101f1cfc5d3d6189f66e48f58800,f704bf33b3e7dae176173526ea91fc4c30d6b2839083d8756e94db48856b3046,975b0ee5f63aafaab611aeb4191928019bb83334afce78fb63c041dbd3f11c96,783,True,0.19784885594756838,0.30719414695803926,0.8097243589606502,18.8,0,188,0,0.3037379041228434,0.3547290722146983,0.30477747004803607,0.05263202264904976,"[0.051695723086595535, 0.05356832593679428]",0.7044605016708374,0.597255289554596,0.10720521211624146,46.94281768798828,0.528124988079071,0.1667090505361557,21.25,-0.008795902132987976,0.375,18.75,-0.03167596831917763,0.375,20.25,11.132099207956344,apiaviz/output/mechanisms/20260929T022215.257048Z-63815
13,2,31,no_dog,ant-13-seed-31-no_dog.json,ce1ef5f2ada734ac04e5401287442a9e4ee62f2312b4a61a37355792ca3e0c0f,4396a3b16655acfebad64e0aa4fa643fcf16101f1cfc5d3d6189f66e48f58800,f704bf33b3e7dae176173526ea91fc4c30d6b2839083d8756e94db48856b3046,4186d17bd32e990f55e4506215f6074cfc486b10d5faf49f28af0a76a280fd22,783,True,0.19810109011859062,0.3010446243974197,0.876771748336739,17.3,0,173,0,0.29781917079271086,0.045760587138892216,0.19682474981399586,0.050884898751974106,"[0.04799393191933632, 0.053775861859321594]",0.5134366750717163,0.3924652338027954,0.1209714412689209,60.374210357666016,0.7571250200271606,0.12970834970474243,21.25,-0.00414140522480011,0.25,16.25,0.0006224773824214935,0.21875,2.75,10.994762291898951,apiaviz/output/mechanisms/20260929T022215.257048Z-63815
13,2,31,apia_simple_colour,ant-13-seed-31-apia_simple_colour.json,ce1ef5f2ada734ac04e5401287442a9e4ee62f2312b4a61a37355792ca3e0c0f,4396a3b16655acfebad64e0aa4fa643fcf16101f1cfc5d3d6189f66e48f58800,f704bf33b3e7dae176173526ea91fc4c30d6b2839083d8756e94db48856b3046,0e0833c06bf9320ff54d4de7f7e52d84ed498d485eaa4d94133a249fdaa156ae,783,False,2.339895638304164,0.6029648272004962,1.3410350386040912,20.0,0,200,0,0.6015962452718511,0.05260522337365153,0.6698190367625692,0.04912547767162323,"[0.045136336237192154, 0.053114622831344604]",0.48623403906822205,0.3678552210330963,0.11837881803512573,63.2806282043457,0.7192500233650208,0.12312326580286026,12.5,0.023425329476594925,0.28125,12.5,0.02406878024339676,0.28125,0.0,12.43544299993664,apiaviz/output/mechanisms/20260929T022215.257048Z-63815
13,2,31,sobel_apia_colour,ant-13-seed-31-sobel_apia_colour.json,ce1ef5f2ada734ac04e5401287442a9e4ee62f2312b4a61a37355792ca3e0c0f,4396a3b16655acfebad64e0aa4fa643fcf16101f1cfc5d3d6189f66e48f58800,f704bf33b3e7dae176173526ea91fc4c30d6b2839083d8756e94db48856b3046,9d4d0cfacc34809b275367cbfcceffb3a0af98cc0361449abc4475eb2498a409,783,True,0.13783490057770928,0.0635523961187664,0.1197164241836792,8.700000000000001,0,87,0,0.06053526851019602,0.04370683770275027,0.06752558420660365,0.05250079929828644,"[0.05122573301196098, 0.053775861859321594]",0.570136308670044,0.4363718628883362,0.13376444578170776,55.83574676513672,0.6978750228881836,0.13993152976036072,8.75,0.01038401573896408,0.40625,8.75,0.00938320904970169,0.34375,1.75,7.082055541919544,apiaviz/output/mechanisms/20260929T022215.257048Z-63815
13,2,43,apiaviz,ant-13-seed-43-apiaviz.json,ce1ef5f2ada734ac04e5401287442a9e4ee62f2312b4a61a37355792ca3e0c0f,4396a3b16655acfebad64e0aa4fa643fcf16101f1cfc5d3d6189f66e48f58800,f704bf33b3e7dae176173526ea91fc4c30d6b2839083d8756e94db48856b3046,d21369e45b403396211c52bfd95ee2fd75413ed886c6a7bc9a73f333965d8ffe,783,True,0.19885487292723325,0.40859250074604464,1.481063896926454,14.0,0,140,0,0.4054504538432098,0.018484005417673706,0.08020044996559951,0.048642080277204514,"[0.045124202966690063, 0.05215996131300926]",0.5442268252372742,0.417215496301651,0.12701132893562317,57.300140380859375,0.7105000019073486,0.13064812123775482,12.5,0.014303173869848251,0.4375,15.0,0.017775647342205048,0.4375,3.0,8.610386583022773,apiaviz/output/mechanisms/20260929T022215.257048Z-63815
13,2,43,gray,ant-13-seed-43-gray.json,ce1ef5f2ada734ac04e5401287442a9e4ee62f2312b4a61a37355792ca3e0c0f,4396a3b16655acfebad64e0aa4fa643fcf16101f1cfc5d3d6189f66e48f58800,f704bf33b3e7dae176173526ea91fc4c30d6b2839083d8756e94db48856b3046,1bbf8f60d38cbaddaf83aaa52b5ee70d2996cf948d532689da77703a3d9c04f1,783,True,0.14027947228250842,0.4593699898701523,1.4191062543119752,19.400000000000002,0,194,0,0.45773126130291425,0.042132056534748975,0.3330581731033993,0.057654693722724915,"[0.057125478982925415, 0.058183908462524414]",0.6824491024017334,0.5574225783348083,0.12502652406692505,42.693565368652344,0.5268750190734863,0.16827058792114258,20.0,-0.005541175603866577,0.375,20.0,-0.005541175603866577,0.375,0.0,10.319021916016936,apiaviz/output/mechanisms/20260929T022215.257048Z-63815
13,2,43,raw_colour,ant-13-seed-43-raw_colour.json,ce1ef5f2ada734ac04e5401287442a9e4ee62f2312b4a61a37355792ca3e0c0f,4396a3b16655acfebad64e0aa4fa643fcf16101f1cfc5d3d6189f66e48f58800,f704bf33b3e7dae176173526ea91fc4c30d6b2839083d8756e94db48856b3046,d180c5d8f48222982559369c6794abaeb9256aae49835d01a6c2ea4dd3dffb3a,783,True,0.11192273469707639,0.04521700018110256,0.09126290770228568,8.6,0,86,0,0.036482719379731576,0.04050932550448163,0.046882944080464464,0.05561143159866333,"[0.05566762387752533, 0.05555523559451103]",0.645957350730896,0.5287898182868958,0.11716753244400024,50.11382293701172,0.5951250195503235,0.16069713234901428,35.0,-0.015297044068574905,0.40625,35.0,-0.015297044068574905,0.40625,0.0,5.918692582985386,apiaviz/output/mechanisms/20260929T022215.257048Z-63815
13,2,43,opponent,ant-13-seed-43-opponent.json,ce1ef5f2ada734ac04e5401287442a9e4ee62f2312b4a61a37355792ca3e0c0f,4396a3b16655acfebad64e0aa4fa643fcf16101f1cfc5d3d6189f66e48f58800,f704bf33b3e7dae176173526ea91fc4c30d6b2839083d8756e94db48856b3046,92539c653a5a6a0cf0029f875d12947202f0eaa81544d0835b3ed8442cffcb5d,783,True,0.16660944738035927,0.06483418759872488,0.16006402397755176,8.700000000000001,0,87,0,0.05877698587166074,0.03773418843371509,0.05483643294613641,0.05500862002372742,"[0.057125478982925415, 0.05289176106452942]",0.5888179540634155,0.4772762060165405,0.111541748046875,59.45958709716797,0.6557499766349792,0.1510934829711914,11.25,0.007069934159517288,0.3125,11.25,0.007069934159517288,0.3125,0.0,5.448521874845028,apiaviz/output/mechanisms/20260929T022215.257048Z-63815
13,2,43,sobel_colour,ant-13-seed-43-sobel_colour.json,ce1ef5f2ada734ac04e5401287442a9e4ee62f2312b4a61a37355792ca3e0c0f,4396a3b16655acfebad64e0aa4fa643fcf16101f1cfc5d3d6189f66e48f58800,f704bf33b3e7dae176173526ea91fc4c30d6b2839083d8756e94db48856b3046,4fab2010b7fc67f1c28e23697001f290c28eaaab0dc2d50a1d2192abe53b9ca1,783,False,2.9757372114245126,0.882252084011029,3.1536010450221768,20.0,0,200,0,0.8797478579604409,0.04085667427078044,0.5694821506471749,0.05167001858353615,"[0.05044827610254288, 0.05289176106452942]",0.5222118496894836,0.39270222187042236,0.12950962781906128,60.38054656982422,0.7178750038146973,0.13010933995246887,17.5,0.013991311192512512,0.3125,17.5,0.013991311192512512,0.3125,0.0,11.734710416058078,apiaviz/output/mechanisms/20260929T022215.257048Z-63815
13,2,43,ardin_input,ant-13-seed-43-ardin_input.json,ce1ef5f2ada734ac04e5401287442a9e4ee62f2312b4a61a37355792ca3e0c0f,4396a3b16655acfebad64e0aa4fa643fcf16101f1cfc5d3d6189f66e48f58800,f704bf33b3e7dae176173526ea91fc4c30d6b2839083d8756e94db48856b3046,b0ef342398da906df0a2cde0a6e16bf76f9149511f7c4ac0264d8975c4cb129b,783,False,6.709738857570572,1.6109768040499082,3.854603063521501,20.0,0,200,0,1.609947451567376,0.09601754356582604,1.588620592325481,0.056552521884441376,"[0.05646328255534172, 0.05664176121354103]",0.6694868803024292,0.5570600032806396,0.11242687702178955,44.5125617980957,0.5052499771118164,0.16632801294326782,18.75,0.0026590898633003235,0.40625,18.75,0.0026590898633003235,0.40625,0.0,18.93503508414142,apiaviz/output/mechanisms/20260929T022215.257048Z-63815
13,2,43,no_hex,ant-13-seed-43-no_hex.json,ce1ef5f2ada734ac04e5401287442a9e4ee62f2312b4a61a37355792ca3e0c0f,4396a3b16655acfebad64e0aa4fa643fcf16101f1cfc5d3d6189f66e48f58800,f704bf33b3e7dae176173526ea91fc4c30d6b2839083d8756e94db48856b3046,b03cbab82f31de70ed5a7b7631e1333598a13b191d0475db83a31ed1c45e0b00,783,True,0.1856306929091103,0.213121055899222,1.156020274535488,10.8,0,108,0,0.20980697740992404,0.04424264589584026,0.07191846912425535,0.04958652704954147,"[0.04595593735575676, 0.05321711301803589]",0.48829323053359985,0.37424683570861816,0.11404639482498169,64.14346313476562,0.7455000281333923,0.12416358292102814,6.25,0.01926444098353386,0.40625,17.5,0.01661030948162079,0.40625,8.5,7.5561622499953955,apiaviz/output/mechanisms/20260929T022215.257048Z-63815
13,2,43,no_adapt,ant-13-seed-43-no_adapt.json,ce1ef5f2ada734ac04e5401287442a9e4ee62f2312b4a61a37355792ca3e0c0f,4396a3b16655acfebad64e0aa4fa643fcf16101f1cfc5d3d6189f66e48f58800,f704bf33b3e7dae176173526ea91fc4c30d6b2839083d8756e94db48856b3046,41d5f795c95b2b9b81b6def2b92172faf3374fd42e2c42c4d081eb9b32278195,783,True,0.19979126950600767,0.5724132160323908,1.6416967328068628,18.900000000000002,0,189,0,0.56804002498215,0.0271907917847038,0.37941259012053336,0.05013904720544815,"[0.04898212105035782, 0.05129597708582878]",0.700050413608551,0.5913897156715393,0.10866069793701172,47.43119812011719,0.5170000195503235,0.1617891788482666,22.5,-0.01624644547700882,0.375,27.5,-0.01861671730875969,0.375,24.5,10.119846916990355,apiaviz/output/mechanisms/20260929T022215.257048Z-63815
13,2,43,no_dog,ant-13-seed-43-no_dog.json,ce1ef5f2ada734ac04e5401287442a9e4ee62f2312b4a61a37355792ca3e0c0f,4396a3b16655acfebad64e0aa4fa643fcf16101f1cfc5d3d6189f66e48f58800,f704bf33b3e7dae176173526ea91fc4c30d6b2839083d8756e94db48856b3046,1f73670582aed58420cf2088dea1c1475a468b7af18741070d6de32709aa6efb,783,True,0.19333996341807802,0.041992328072542745,0.09115459292835336,8.6,0,86,0,0.03935232845069635,0.04482148807844321,0.036041875862044444,0.05092209577560425,"[0.049684226512908936, 0.05215996131300926]",0.5149796009063721,0.39004483819007874,0.12493476271629333,60.16975402832031,0.7632499933242798,0.12827838957309723,22.5,0.015555903315544128,0.3125,10.0,0.022544141858816147,0.28125,9.5,6.262405707966536,apiaviz/output/mechanisms/20260929T022215.257048Z-63815
13,2,43,apia_simple_colour,ant-13-seed-43-apia_simple_colour.json,ce1ef5f2ada734ac04e5401287442a9e4ee62f2312b4a61a37355792ca3e0c0f,4396a3b16655acfebad64e0aa4fa643fcf16101f1cfc5d3d6189f66e48f58800,f704bf33b3e7dae176173526ea91fc4c30d6b2839083d8756e94db48856b3046,c9dd969ac2aecfb20f700853e0b2193c160193d48dc91774a19d0a8f38d1bea3,783,True,0.17139152845580413,0.06336815469511543,0.13930195887223626,8.8,0,88,0,0.05776570074499106,0.04669853023300675,0.046726841097511136,0.04900798201560974,"[0.045124202966690063, 0.05289176106452942]",0.4864397644996643,0.367873877286911,0.1185658872127533,63.11405944824219,0.7310000061988831,0.12240900844335556,18.75,0.022441092878580093,0.40625,18.75,0.02192572131752968,0.375,2.5,6.172192374942824,apiaviz/output/mechanisms/20260929T022215.257048Z-63815
13,2,43,sobel_apia_colour,ant-13-seed-43-sobel_apia_colour.json,ce1ef5f2ada734ac04e5401287442a9e4ee62f2312b4a61a37355792ca3e0c0f,4396a3b16655acfebad64e0aa4fa643fcf16101f1cfc5d3d6189f66e48f58800,f704bf33b3e7dae176173526ea91fc4c30d6b2839083d8756e94db48856b3046,53cb0c9c20fc377be1d74cbebb47d1bb131a3859a5ecaadd4793c15f08a5057a,783,True,0.18148631770392792,0.048279844832707836,0.1698221284622421,8.6,0,86,0,0.04328071458828781,0.010438502136096357,0.024206864020624625,0.05130412057042122,"[0.05044827610254288, 0.05215996131300926]",0.5769947171211243,0.4389137327671051,0.13808098435401917,54.665077209472656,0.6973749995231628,0.13789616525173187,17.5,0.006882529705762863,0.375,10.0,0.010109152644872665,0.375,3.5,6.732485125074163,apiaviz/output/mechanisms/20260929T022215.257048Z-63815
13,2,59,apiaviz,ant-13-seed-59-apiaviz.json,ce1ef5f2ada734ac04e5401287442a9e4ee62f2312b4a61a37355792ca3e0c0f,4396a3b16655acfebad64e0aa4fa643fcf16101f1cfc5d3d6189f66e48f58800,f704bf33b3e7dae176173526ea91fc4c30d6b2839083d8756e94db48856b3046,83b1945f008651b0a4455bfc26347e1f79f70bcf1082039f01e4195a8fd7b512,783,True,0.1483272836144158,0.05568306608590251,0.11520860537472663,8.6,0,86,0,0.046831122580180747,0.036970664141784154,0.04964900233380337,0.04965070262551308,"[0.046456579118967056, 0.0528448261320591]",0.5353049635887146,0.4120294153690338,0.12327554821968079,59.47756576538086,0.7146250009536743,0.13107559084892273,16.25,0.011357836425304413,0.28125,17.5,0.007234446704387665,0.3125,3.5,6.0068430420942605,apiaviz/output/mechanisms/20260929T022215.257048Z-63815
13,2,59,gray,ant-13-seed-59-gray.json,ce1ef5f2ada734ac04e5401287442a9e4ee62f2312b4a61a37355792ca3e0c0f,4396a3b16655acfebad64e0aa4fa643fcf16101f1cfc5d3d6189f66e48f58800,f704bf33b3e7dae176173526ea91fc4c30d6b2839083d8756e94db48856b3046,2bdf770d51ce313b1cc15f500543381c130196b71db0700284454a67c2149ca7,783,False,5.840294452552538,0.2474776913939016,0.9132816663707414,20.0,0,200,0,0.24395928569076678,0.0651208983001392,0.1665888061382215,0.056523147970438004,"[0.05712420120835304, 0.055922094732522964]",0.6756137609481812,0.5460438132286072,0.12956994771957397,40.232383728027344,0.531624972820282,0.16435612738132477,20.0,-0.0026864558458328247,0.46875,20.0,-0.0026864558458328247,0.46875,0.0,10.624533750116825,apiaviz/output/mechanisms/20260929T022215.257048Z-63815
13,2,59,raw_colour,ant-13-seed-59-raw_colour.json,ce1ef5f2ada734ac04e5401287442a9e4ee62f2312b4a61a37355792ca3e0c0f,4396a3b16655acfebad64e0aa4fa643fcf16101f1cfc5d3d6189f66e48f58800,f704bf33b3e7dae176173526ea91fc4c30d6b2839083d8756e94db48856b3046,8318fbf0be8cd97e90cdf45424abb076ba9fb686b2b5a1ff15190418bac1a431,783,False,4.149568797888551,0.5112719074813156,1.3372038995951305,20.0,0,200,0,0.5097301263144994,0.1936985176006987,0.5279008663843272,0.055679917335510254,"[0.0558876134455204, 0.05547222122550011]",0.6557213664054871,0.5354212522506714,0.12030011415481567,49.7177848815918,0.5996249914169312,0.1616266816854477,27.5,-0.012966476380825043,0.375,27.5,-0.012966476380825043,0.375,0.0,10.961027124896646,apiaviz/output/mechanisms/20260929T022215.257048Z-63815
13,2,59,opponent,ant-13-seed-59-opponent.json,ce1ef5f2ada734ac04e5401287442a9e4ee62f2312b4a61a37355792ca3e0c0f,4396a3b16655acfebad64e0aa4fa643fcf16101f1cfc5d3d6189f66e48f58800,f704bf33b3e7dae176173526ea91fc4c30d6b2839083d8756e94db48856b3046,e34993bdd5c9874d4c872e06e4eeb686040d3d787cf3d4ffaa5e760de8e3dc96,783,True,0.12601410758192017,0.059834898043692665,0.11008395254261738,8.6,0,86,0,0.05465259077518142,0.04086205275414885,0.06162723978249969,0.05504070967435837,"[0.05712420120835304, 0.052957214415073395]",0.5764438509941101,0.4708240330219269,0.10561981797218323,58.11093521118164,0.6614999771118164,0.14927344024181366,27.5,-0.01211228221654892,0.25,27.5,-0.01211228221654892,0.25,0.0,5.791672582970932,apiaviz/output/mechanisms/20260929T022215.257048Z-63815
13,2,59,sobel_colour,ant-13-seed-59-sobel_colour.json,ce1ef5f2ada734ac04e5401287442a9e4ee62f2312b4a61a37355792ca3e0c0f,4396a3b16655acfebad64e0aa4fa643fcf16101f1cfc5d3d6189f66e48f58800,f704bf33b3e7dae176173526ea91fc4c30d6b2839083d8756e94db48856b3046,7eccba82080def35647b81d3f65b1f20ebe343f528dc056cfb2c02ee9da704fa,783,True,0.18071175027663214,0.04869271380503201,0.11489387454934585,8.6,0,86,0,0.04393616771336867,0.04645772688693934,0.05411610142656051,0.04989767074584961,"[0.046838123351335526, 0.052957214415073395]",0.510114312171936,0.38657158613204956,0.12354272603988647,61.2418098449707,0.7055000066757202,0.12748120725154877,10.0,0.023287102580070496,0.34375,10.0,0.023287102580070496,0.34375,0.0,4.997540042037144,apiaviz/output/mechanisms/20260929T022215.257048Z-63815
13,2,59,ardin_input,ant-13-seed-59-ardin_input.json,ce1ef5f2ada734ac04e5401287442a9e4ee62f2312b4a61a37355792ca3e0c0f,4396a3b16655acfebad64e0aa4fa643fcf16101f1cfc5d3d6189f66e48f58800,f704bf33b3e7dae176173526ea91fc4c30d6b2839083d8756e94db48856b3046,08c1caa55f003159ab540db9d36f5893a8a23e763950856c34478205cd5dcb3b,783,False,10.801415409657174,1.5458737847846333,4.137974551206698,20.0,0,200,0,1.54545564905363,0.3233823273274995,1.6401082147963055,0.055295180529356,"[0.054221585392951965, 0.05636877566576004]",0.6821762919425964,0.5799722075462341,0.1022040843963623,43.12578582763672,0.5,0.16720734536647797,25.0,-0.0039421916007995605,0.375,25.0,-0.0039421916007995605,0.375,0.0,18.98325275001116,apiaviz/output/mechanisms/20260929T022215.257048Z-63815
13,2,59,no_hex,ant-13-seed-59-no_hex.json,ce1ef5f2ada734ac04e5401287442a9e4ee62f2312b4a61a37355792ca3e0c0f,4396a3b16655acfebad64e0aa4fa643fcf16101f1cfc5d3d6189f66e48f58800,f704bf33b3e7dae176173526ea91fc4c30d6b2839083d8756e94db48856b3046,e59ff9de32dc0fac57b8c673bcdc85c864dd3be17f014cac87e785a8151c8774,783,False,2.047729036713019,0.9028729631449692,2.0287509343233707,20.0,0,200,0,0.9017693499377727,0.06151750678841497,1.0055625036199825,0.05020035058259964,"[0.04709482938051224, 0.05330587550997734]",0.47585996985435486,0.3636646866798401,0.11219528317451477,64.57355499267578,0.7441250085830688,0.12318889796733856,12.5,0.015449989587068558,0.3125,8.75,0.011037133634090424,0.28125,5.25,12.00386599986814,apiaviz/output/mechanisms/20260929T022215.257048Z-63815
13,2,59,no_adapt,ant-13-seed-59-no_adapt.json,ce1ef5f2ada734ac04e5401287442a9e4ee62f2312b4a61a37355792ca3e0c0f,4396a3b16655acfebad64e0aa4fa643fcf16101f1cfc5d3d6189f66e48f58800,f704bf33b3e7dae176173526ea91fc4c30d6b2839083d8756e94db48856b3046,9e76d2078a8cfa4763d24cfba8e31af6b0173b8b6af2b60dc9717cc1035e469b,783,True,0.14776827732217496,0.056578740244874325,0.10522381866632591,8.6,0,86,0,0.049021153374328,0.043000359016149375,0.05967602413703619,0.053731001913547516,"[0.05510472506284714, 0.052357278764247894]",0.7069817185401917,0.5883335471153259,0.11864817142486572,46.369529724121094,0.5337499976158142,0.16688625514507294,16.25,-0.004606105387210846,0.40625,31.25,-0.026465758681297302,0.3125,16.75,6.153605707921088,apiaviz/output/mechanisms/20260929T022215.257048Z-63815
13,2,59,no_dog,ant-13-seed-59-no_dog.json,ce1ef5f2ada734ac04e5401287442a9e4ee62f2312b4a61a37355792ca3e0c0f,4396a3b16655acfebad64e0aa4fa643fcf16101f1cfc5d3d6189f66e48f58800,f704bf33b3e7dae176173526ea91fc4c30d6b2839083d8756e94db48856b3046,c1f3eb371873f03f4d316f39167f123bd2bb441f7ea07136e5428cfcd0cbfb3d,783,True,0.13283066602117957,0.3136427006631562,1.3943714589453893,12.200000000000001,0,122,0,0.30930219855693786,0.03374440104138295,0.0741923945935635,0.05148930475115776,"[0.050133779644966125, 0.0528448261320591]",0.5103965401649475,0.39390531182289124,0.11649122834205627,61.916629791259766,0.762374997138977,0.12938737869262695,21.25,0.012079108506441116,0.25,20.0,0.010750647634267807,0.21875,0.75,7.612660916987807,apiaviz/output/mechanisms/20260929T022215.257048Z-63815
13,2,59,apia_simple_colour,ant-13-seed-59-apia_simple_colour.json,ce1ef5f2ada734ac04e5401287442a9e4ee62f2312b4a61a37355792ca3e0c0f,4396a3b16655acfebad64e0aa4fa643fcf16101f1cfc5d3d6189f66e48f58800,f704bf33b3e7dae176173526ea91fc4c30d6b2839083d8756e94db48856b3046,eb60c8026dbfd86a4afdea220ee3be3b8f0fadc045ead35551e725d2f80282e1,783,True,0.19547369195664002,0.054254129386458995,0.12308304487388198,8.6,0,86,0,0.04992563394525421,0.05368423331542096,0.05127900717255235,0.049706894904375076,"[0.046456579118967056, 0.052957214415073395]",0.4721057713031769,0.3576928675174713,0.11441290378570557,63.96742248535156,0.7303749918937683,0.12165495753288269,12.5,0.01243114098906517,0.28125,12.5,0.011763986200094223,0.28125,0.0,6.543702458962798,apiaviz/output/mechanisms/20260929T022215.257048Z-63815
13,2,59,sobel_apia_colour,ant-13-seed-59-sobel_apia_colour.json,ce1ef5f2ada734ac04e5401287442a9e4ee62f2312b4a61a37355792ca3e0c0f,4396a3b16655acfebad64e0aa4fa643fcf16101f1cfc5d3d6189f66e48f58800,f704bf33b3e7dae176173526ea91fc4c30d6b2839083d8756e94db48856b3046,4b086b8bec273c1c18e3e84115245d426608e34cfdd5df56e9a1ed0166b9b1dd,783,True,0.1867025780699241,0.19626863556850427,1.1304510072603255,12.3,0,123,0,0.1932508705087688,0.05486790159387103,0.07630402745241467,0.04984147474169731,"[0.046838123351335526, 0.0528448261320591]",0.5733090043067932,0.44085338711738586,0.13245561718940735,56.22932434082031,0.6897500157356262,0.13650040328502655,11.25,0.020129140466451645,0.34375,11.25,0.01916322112083435,0.3125,1.75,8.452442332869396,apiaviz/output/mechanisms/20260929T022215.257048Z-63815
13,2,71,apiaviz,ant-13-seed-71-apiaviz.json,ce1ef5f2ada734ac04e5401287442a9e4ee62f2312b4a61a37355792ca3e0c0f,4396a3b16655acfebad64e0aa4fa643fcf16101f1cfc5d3d6189f66e48f58800,f704bf33b3e7dae176173526ea91fc4c30d6b2839083d8756e94db48856b3046,84e5695d0e024cc47bf6cf81fb8f9e9aff6f7debc4a8de37a9a1198d137330ca,783,True,0.10611221490189554,0.04329193912042312,0.08061109729032351,8.6,0,86,0,0.035566389207980435,0.034384949401853715,0.04353102136297659,0.04825463145971298,"[0.04678161069750786, 0.04972764849662781]",0.530207097530365,0.410457968711853,0.11974912881851196,58.482948303222656,0.7117499709129333,0.12873411178588867,13.75,0.005960345268249512,0.3125,13.75,0.007477648556232452,0.28125,2.5,6.237102457787842,apiaviz/output/mechanisms/20260929T022215.257048Z-63815
13,2,71,gray,ant-13-seed-71-gray.json,ce1ef5f2ada734ac04e5401287442a9e4ee62f2312b4a61a37355792ca3e0c0f,4396a3b16655acfebad64e0aa4fa643fcf16101f1cfc5d3d6189f66e48f58800,f704bf33b3e7dae176173526ea91fc4c30d6b2839083d8756e94db48856b3046,c25f72ccc742f8a55cb86db7bb44b4626fed936d72e01fffa7d9a46d7e689f1a,783,False,3.844618829002005,0.6275395211781012,1.5291653206351565,20.0,0,200,0,0.6255324138372044,0.09646197810512454,0.6623667572564396,0.05605810880661011,"[0.05661877244710922, 0.05549744516611099]",0.6632359623908997,0.5324581861495972,0.1307777762413025,42.09062194824219,0.5292500257492065,0.16175410151481628,20.0,-0.006318308413028717,0.375,20.0,-0.006318308413028717,0.375,0.0,10.870866332901642,apiaviz/output/mechanisms/20260929T022215.257048Z-63815
13,2,71,raw_colour,ant-13-seed-71-raw_colour.json,ce1ef5f2ada734ac04e5401287442a9e4ee62f2312b4a61a37355792ca3e0c0f,4396a3b16655acfebad64e0aa4fa643fcf16101f1cfc5d3d6189f66e48f58800,f704bf33b3e7dae176173526ea91fc4c30d6b2839083d8756e94db48856b3046,50d7fe3231a123e5034b8f81d735657b05f57cfb01e211a439613c3e8001881b,783,False,5.828091107967812,0.5567430592108825,1.5922590176384805,20.0,0,200,0,0.5534653445438518,0.04101653027201386,0.4175634846292937,0.056166667491197586,"[0.05530140548944473, 0.05703192949295044]",0.6447820663452148,0.5277156829833984,0.1170663833618164,49.0588264465332,0.5963749885559082,0.16028736531734467,25.0,0.007423602044582367,0.28125,25.0,0.0073459818959236145,0.28125,0.0,11.129753791959956,apiaviz/output/mechanisms/20260929T022215.257048Z-63815
13,2,71,opponent,ant-13-seed-71-opponent.json,ce1ef5f2ada734ac04e5401287442a9e4ee62f2312b4a61a37355792ca3e0c0f,4396a3b16655acfebad64e0aa4fa643fcf16101f1cfc5d3d6189f66e48f58800,f704bf33b3e7dae176173526ea91fc4c30d6b2839083d8756e94db48856b3046,a43fd853cbc2d1d1a5836ba831299433a12ce4eec729f9909a6249f07deb9307,783,True,0.1066046308030759,0.08489845823970725,0.15499969580715778,8.700000000000001,0,87,0,0.08136731390556334,0.06871739097310624,0.09938569535154511,0.0533754788339138,"[0.05661877244710922, 0.050132185220718384]",0.5745177865028381,0.46765264868736267,0.10686513781547546,58.962127685546875,0.653124988079071,0.14666827023029327,15.0,-0.007072292268276215,0.375,16.25,-0.007072292268276215,0.375,0.25,6.11963895894587,apiaviz/output/mechanisms/20260929T022215.257048Z-63815
13,2,71,sobel_colour,ant-13-seed-71-sobel_colour.json,ce1ef5f2ada734ac04e5401287442a9e4ee62f2312b4a61a37355792ca3e0c0f,4396a3b16655acfebad64e0aa4fa643fcf16101f1cfc5d3d6189f66e48f58800,f704bf33b3e7dae176173526ea91fc4c30d6b2839083d8756e94db48856b3046,ecbf17536b1f83e6f0cf7480fcb02c0ce6a29b795b45e59ca1d80b1da001d007,783,False,2.190517494363187,0.4880911912652131,1.28637696302869,20.0,0,200,0,0.4868233555154092,0.05128768520366126,0.48974817391876185,0.05048579350113869,"[0.05083939805626869, 0.050132185220718384]",0.5147994160652161,0.39251431822776794,0.12228509783744812,60.15803909301758,0.6991249918937683,0.12902715802192688,12.5,0.010577648878097534,0.40625,12.5,0.010577648878097534,0.40625,0.25,10.741311667021364,apiaviz/output/mechanisms/20260929T022215.257048Z-63815
13,2,71,ardin_input,ant-13-seed-71-ardin_input.json,ce1ef5f2ada734ac04e5401287442a9e4ee62f2312b4a61a37355792ca3e0c0f,4396a3b16655acfebad64e0aa4fa643fcf16101f1cfc5d3d6189f66e48f58800,f704bf33b3e7dae176173526ea91fc4c30d6b2839083d8756e94db48856b3046,2537f78044ca91f6d305142251b976dbef5bdd627e1c231f06fafcc0cb96f7a3,783,False,4.214132414780288,0.24946260822141567,1.0019650664964388,20.0,0,200,0,0.2454912412872701,0.14954652105296956,0.15999028069020266,0.05524313449859619,"[0.05624425411224365, 0.05424201861023903]",0.6705760359764099,0.556309163570404,0.11426687240600586,42.88285827636719,0.5021250247955322,0.16436800360679626,15.0,-0.00010719895362854004,0.5,15.0,-5.841255187988281e-06,0.5,0.0,19.18557741586119,apiaviz/output/mechanisms/20260929T022215.257048Z-63815
13,2,71,no_hex,ant-13-seed-71-no_hex.json,ce1ef5f2ada734ac04e5401287442a9e4ee62f2312b4a61a37355792ca3e0c0f,4396a3b16655acfebad64e0aa4fa643fcf16101f1cfc5d3d6189f66e48f58800,f704bf33b3e7dae176173526ea91fc4c30d6b2839083d8756e94db48856b3046,0c2e05db6f02d8df1a31ecdcd52fdba221561f1b1357c6192941286843b6dde3,783,True,0.19738616096610195,0.024137128159446717,0.08850125140686871,8.5,0,85,0,0.02138855102280714,0.032700450191040814,0.01779870889888864,0.049206096678972244,"[0.04788314178586006, 0.050529055297374725]",0.47152191400527954,0.36198529601097107,0.10953661799430847,64.41217803955078,0.7422500252723694,0.12203255295753479,16.25,0.005997106432914734,0.375,22.5,0.008949443697929382,0.34375,5.0,6.1630262499675155,apiaviz/output/mechanisms/20260929T022215.257048Z-63815
13,2,71,no_adapt,ant-13-seed-71-no_adapt.json,ce1ef5f2ada734ac04e5401287442a9e4ee62f2312b4a61a37355792ca3e0c0f,4396a3b16655acfebad64e0aa4fa643fcf16101f1cfc5d3d6189f66e48f58800,f704bf33b3e7dae176173526ea91fc4c30d6b2839083d8756e94db48856b3046,429b4318cacd1f2cea85113f2ea7d65e1bcea1a5b98ac489c10317ab12a69994,783,True,0.17383329070651735,0.04973624416312512,0.20509574712583437,8.6,0,86,0,0.04618049579796675,0.02259198935213396,0.029607923020987213,0.0502057783305645,"[0.05125287175178528, 0.04915868490934372]",0.7065742611885071,0.6068730354309082,0.09970122575759888,48.13947677612305,0.5271250009536743,0.16387085616588593,22.5,-0.017233677208423615,0.40625,28.75,-0.03205874562263489,0.53125,30.0,5.460128125036135,apiaviz/output/mechanisms/20260929T022215.257048Z-63815
13,2,71,no_dog,ant-13-seed-71-no_dog.json,ce1ef5f2ada734ac04e5401287442a9e4ee62f2312b4a61a37355792ca3e0c0f,4396a3b16655acfebad64e0aa4fa643fcf16101f1cfc5d3d6189f66e48f58800,f704bf33b3e7dae176173526ea91fc4c30d6b2839083d8756e94db48856b3046,41ba5420b35760dfe0a97285d37df1db4c5a7cb4f2b0c90eda6b7fc1f8c4c4b6,783,True,0.14377190786471147,0.09576727794190132,0.218459297310329,8.6,0,86,0,0.0922383701149818,0.0694185586746139,0.10516560671984057,0.04996216297149658,"[0.050196681171655655, 0.04972764849662781]",0.5022153258323669,0.387474000453949,0.11474132537841797,60.95001220703125,0.7556250095367432,0.12611204385757446,17.5,-0.0027115382254123688,0.25,23.75,-0.010876458138227463,0.25,1.5,6.305012374883518,apiaviz/output/mechanisms/20260929T022215.257048Z-63815
13,2,71,apia_simple_colour,ant-13-seed-71-apia_simple_colour.json,ce1ef5f2ada734ac04e5401287442a9e4ee62f2312b4a61a37355792ca3e0c0f,4396a3b16655acfebad64e0aa4fa643fcf16101f1cfc5d3d6189f66e48f58800,f704bf33b3e7dae176173526ea91fc4c30d6b2839083d8756e94db48856b3046,4c53adedd444e54168333daa6f28ede96e2174087928ae0fcd85e09e83379a59,783,True,0.12546889962630656,0.04908927572498488,0.11721674356001406,8.700000000000001,0,87,0,0.042671949575146924,0.04945079096595097,0.036524083338218674,0.04845689609646797,"[0.04678161069750786, 0.050132185220718384]",0.4760761260986328,0.36067357659339905,0.11540254950523376,63.25898361206055,0.7273749709129333,0.1208774596452713,7.5,0.018990974873304367,0.3125,7.5,0.02040521800518036,0.3125,0.75,5.617900208104402,apiaviz/output/mechanisms/20260929T022215.257048Z-63815
13,2,71,sobel_apia_colour,ant-13-seed-71-sobel_apia_colour.json,ce1ef5f2ada734ac04e5401287442a9e4ee62f2312b4a61a37355792ca3e0c0f,4396a3b16655acfebad64e0aa4fa643fcf16101f1cfc5d3d6189f66e48f58800,f704bf33b3e7dae176173526ea91fc4c30d6b2839083d8756e94db48856b3046,d348988b04d6c8a343d26acb657a8b4ea713f4948d0310d2e0b34ae6a9834228,783,False,1.7473336098889218,0.9415857942886932,1.7483921537030365,20.0,0,200,0,0.9411425742062697,0.3353962800237524,1.0822925547720499,0.0502835251390934,"[0.05083939805626869, 0.04972764849662781]",0.5670417547225952,0.4402070641517639,0.1268346905708313,55.192840576171875,0.6834999918937683,0.13641825318336487,17.5,0.003139059990644455,0.34375,23.75,0.002103623002767563,0.34375,4.5,13.008333875099197,apiaviz/output/mechanisms/20260929T022215.257048Z-63815
15,2,19,apiaviz,ant-15-seed-19-apiaviz.json,bf6b18a789a48cc8b669afedb3dca898e00af5f3b2cc3f7af8b62e1f5a6c04b9,7a4ca035c90d8d85f439066449c8e13010e08593a8d402a390b06c84f0196f59,6366761853cbaeadec4ed024be8cc5c9ff9109e7845cbde967af6e2adfaa2525,fdb739ab70d12f306e0b89ebfbc13c54898c0ed573521c8385fa0f03966d0ad0,765,False,9.097454165181455,2.8115524071714737,8.841911479475982,20.0,0,200,0,2.8105787603142476,0.0982946766486984,1.216063259867662,0.04952418431639671,"[0.04645130783319473, 0.052597057074308395]",0.5278400778770447,0.42746925354003906,0.10037082433700562,53.696624755859375,0.7066249847412109,0.13661614060401917,17.5,-0.010086610913276672,0.375,18.75,-0.013385418802499771,0.375,0.5,11.475296624936163,apiaviz/output/mechanisms/20260929T022215.257048Z-63815
15,2,19,gray,ant-15-seed-19-gray.json,bf6b18a789a48cc8b669afedb3dca898e00af5f3b2cc3f7af8b62e1f5a6c04b9,7a4ca035c90d8d85f439066449c8e13010e08593a8d402a390b06c84f0196f59,6366761853cbaeadec4ed024be8cc5c9ff9109e7845cbde967af6e2adfaa2525,010169618ca7549d3844e8d828f80f8f6469a4468c1691eee2df83fa530fcb03,765,False,6.336532098853226,0.9816080430323726,2.019156024315346,20.0,0,200,0,0.9812113566309995,0.4059737695392937,0.9965450844369204,0.05699003115296364,"[0.05834738537669182, 0.05563268065452576]",0.6507275104522705,0.550723135471344,0.10000437498092651,44.67509078979492,0.5096250176429749,0.16683539748191833,13.75,-0.0077264681458473206,0.375,13.75,-0.0077264681458473206,0.375,0.0,10.953237333102152,apiaviz/output/mechanisms/20260929T022215.257048Z-63815
15,2,19,raw_colour,ant-15-seed-19-raw_colour.json,bf6b18a789a48cc8b669afedb3dca898e00af5f3b2cc3f7af8b62e1f5a6c04b9,7a4ca035c90d8d85f439066449c8e13010e08593a8d402a390b06c84f0196f59,6366761853cbaeadec4ed024be8cc5c9ff9109e7845cbde967af6e2adfaa2525,c300df9478b99531f02779320a04d8f47ae220102b05165d842ef4a517d4b137,765,True,0.19214883378545086,0.11868839231338595,0.22234548530905793,8.200000000000001,0,82,0,0.11714648049027768,0.09523702244202066,0.13702848064789588,0.05520849674940109,"[0.05630522966384888, 0.05411176383495331]",0.6179866194725037,0.5285603404045105,0.08942627906799316,51.27850341796875,0.5817499756813049,0.16133174300193787,28.75,-0.0016997084021568298,0.46875,28.75,-0.0016997084021568298,0.46875,0.0,5.562511750031263,apiaviz/output/mechanisms/20260929T022215.257048Z-63815
15,2,19,opponent,ant-15-seed-19-opponent.json,bf6b18a789a48cc8b669afedb3dca898e00af5f3b2cc3f7af8b62e1f5a6c04b9,7a4ca035c90d8d85f439066449c8e13010e08593a8d402a390b06c84f0196f59,6366761853cbaeadec4ed024be8cc5c9ff9109e7845cbde967af6e2adfaa2525,1d120bbe736c4870e3c12660d5c295319c22ca2c6a3926275fd7f36a271720aa,765,False,4.9245892292655915,0.5373509708796964,2.2252774291723862,20.0,0,200,0,0.535123831496854,0.3522467789901448,0.5040553397447618,0.055584315210580826,"[0.05834738537669182, 0.052821241319179535]",0.5712321400642395,0.4908798336982727,0.0803523063659668,56.669189453125,0.640375018119812,0.15514406561851501,25.0,-0.003960017114877701,0.34375,25.0,-0.003960017114877701,0.34375,0.0,10.643256083130836,apiaviz/output/mechanisms/20260929T022215.257048Z-63815
15,2,19,sobel_colour,ant-15-seed-19-sobel_colour.json,bf6b18a789a48cc8b669afedb3dca898e00af5f3b2cc3f7af8b62e1f5a6c04b9,7a4ca035c90d8d85f439066449c8e13010e08593a8d402a390b06c84f0196f59,6366761853cbaeadec4ed024be8cc5c9ff9109e7845cbde967af6e2adfaa2525,76abe9e90062637dd716bebbe6fc1ca9995fa1b812c35f53461a156c867ead58,765,True,0.15381287801448076,0.15808397649372147,0.5648958706451748,11.9,0,119,0,0.1554496868344111,0.1453424399330858,0.1409367549909424,0.04965963959693909,"[0.04649803787469864, 0.052821241319179535]",0.5087796449661255,0.4125710725784302,0.09620857238769531,58.138694763183594,0.6882500052452087,0.13357844948768616,13.75,0.016695108264684677,0.34375,13.75,0.016695108264684677,0.34375,0.0,7.9915488748811185,apiaviz/output/mechanisms/20260929T022215.257048Z-63815
15,2,19,ardin_input,ant-15-seed-19-ardin_input.json,bf6b18a789a48cc8b669afedb3dca898e00af5f3b2cc3f7af8b62e1f5a6c04b9,7a4ca035c90d8d85f439066449c8e13010e08593a8d402a390b06c84f0196f59,6366761853cbaeadec4ed024be8cc5c9ff9109e7845cbde967af6e2adfaa2525,00a9b5f0896b9dfae32084d556c111b98f3c205b257a16bcec22d2e5e900bb65,765,False,7.474961466648714,0.6545186698142035,2.1761704785554943,20.0,0,200,0,0.6527537278173695,0.19483643834436645,0.5216509101868264,0.05386732146143913,"[0.05063006654381752, 0.057104576379060745]",0.6683273315429688,0.5832999348640442,0.08502739667892456,44.694583892822266,0.4867500066757202,0.166917622089386,23.75,-0.015889354050159454,0.5,23.75,-0.015889354050159454,0.5,0.0,18.062538624973968,apiaviz/output/mechanisms/20260929T022215.257048Z-63815
15,2,19,no_hex,ant-15-seed-19-no_hex.json,bf6b18a789a48cc8b669afedb3dca898e00af5f3b2cc3f7af8b62e1f5a6c04b9,7a4ca035c90d8d85f439066449c8e13010e08593a8d402a390b06c84f0196f59,6366761853cbaeadec4ed024be8cc5c9ff9109e7845cbde967af6e2adfaa2525,7a9c8764e36946711b30adc5070784b3ce284299741b74bd0dd45e937c6d1789,765,True,0.19494716923237693,0.11937577642469097,0.22887184272592392,7.800000000000001,0,78,0,0.11724412052004464,0.10122230540265412,0.13638583366448218,0.05025016516447067,"[0.0474153608083725, 0.05308496579527855]",0.4728104770183563,0.3795549273490906,0.09325554966926575,61.09300994873047,0.7461249828338623,0.12875595688819885,17.5,-5.165114998817444e-05,0.34375,17.5,0.002014489844441414,0.34375,4.5,5.834226583130658,apiaviz/output/mechanisms/20260929T022215.257048Z-63815
15,2,19,no_adapt,ant-15-seed-19-no_adapt.json,bf6b18a789a48cc8b669afedb3dca898e00af5f3b2cc3f7af8b62e1f5a6c04b9,7a4ca035c90d8d85f439066449c8e13010e08593a8d402a390b06c84f0196f59,6366761853cbaeadec4ed024be8cc5c9ff9109e7845cbde967af6e2adfaa2525,e43831734598e83e62c6ab1ce52f428a5164f7881a38a6f8f1f71a794506aa3c,765,False,6.038338207102737,1.882470904288561,4.060087231954689,20.0,0,200,0,1.8819861501907804,0.1506085234376262,1.726245730256583,0.053128596395254135,"[0.053965359926223755, 0.05229182913899422]",0.6891827583312988,0.6081032156944275,0.08107954263687134,42.743263244628906,0.5077499747276306,0.17110322415828705,13.75,-0.006945177912712097,0.375,38.75,-0.028460774570703506,0.5625,28.25,10.715690708952025,apiaviz/output/mechanisms/20260929T022215.257048Z-63815
15,2,19,no_dog,ant-15-seed-19-no_dog.json,bf6b18a789a48cc8b669afedb3dca898e00af5f3b2cc3f7af8b62e1f5a6c04b9,7a4ca035c90d8d85f439066449c8e13010e08593a8d402a390b06c84f0196f59,6366761853cbaeadec4ed024be8cc5c9ff9109e7845cbde967af6e2adfaa2525,9985c538083ccf637f9bce60be7eff5c1181c2557b31012d71d906451ebf15d0,765,False,5.465112521724095,0.9597015678603846,2.2497601445650366,20.0,0,200,0,0.9591945265492656,0.3744345094919813,0.985038103984508,0.05131405219435692,"[0.05003104731440544, 0.052597057074308395]",0.5005068778991699,0.4029080271720886,0.0975988507270813,56.241397857666016,0.7556250095367432,0.13475200533866882,23.75,-0.005964204668998718,0.375,17.5,-0.006046004593372345,0.34375,2.0,12.274540416896343,apiaviz/output/mechanisms/20260929T022215.257048Z-63815
15,2,19,apia_simple_colour,ant-15-seed-19-apia_simple_colour.json,bf6b18a789a48cc8b669afedb3dca898e00af5f3b2cc3f7af8b62e1f5a6c04b9,7a4ca035c90d8d85f439066449c8e13010e08593a8d402a390b06c84f0196f59,6366761853cbaeadec4ed024be8cc5c9ff9109e7845cbde967af6e2adfaa2525,9cfc37bcb50424283b661954e7e89e7890f7ca7d54fb73e4c742446f6bdfd007,765,True,0.12201350349596804,0.1752473313277963,0.428043277028708,8.700000000000001,0,87,0,0.1732280128325133,0.10879975986135641,0.16150319409631822,0.049636274576187134,"[0.04645130783319473, 0.052821241319179535]",0.47076746821403503,0.37842288613319397,0.09234458208084106,60.11088180541992,0.7263749837875366,0.12693995237350464,18.75,0.014528762549161911,0.3125,18.75,0.01390262320637703,0.3125,0.0,6.746771625010297,apiaviz/output/mechanisms/20260929T022215.257048Z-63815
15,2,19,sobel_apia_colour,ant-15-seed-19-sobel_apia_colour.json,bf6b18a789a48cc8b669afedb3dca898e00af5f3b2cc3f7af8b62e1f5a6c04b9,7a4ca035c90d8d85f439066449c8e13010e08593a8d402a390b06c84f0196f59,6366761853cbaeadec4ed024be8cc5c9ff9109e7845cbde967af6e2adfaa2525,6b855cd56f7876735b4dc701f045466b819ea8200ed951b4409cab8a66d00f7d,765,True,0.19482825209589436,0.12141915467588386,0.5284011426922035,13.700000000000001,0,137,0,0.11855357390816874,0.14117991890873105,0.04654290774717301,0.049547549337148666,"[0.04649803787469864, 0.052597057074308395]",0.5667240023612976,0.46231746673583984,0.10440653562545776,51.07178497314453,0.6685000061988831,0.1428055614233017,8.75,0.003045879304409027,0.34375,10.0,0.0004553869366645813,0.34375,0.5,10.239854415878654,apiaviz/output/mechanisms/20260929T022215.257048Z-63815
15,2,31,apiaviz,ant-15-seed-31-apiaviz.json,bf6b18a789a48cc8b669afedb3dca898e00af5f3b2cc3f7af8b62e1f5a6c04b9,7a4ca035c90d8d85f439066449c8e13010e08593a8d402a390b06c84f0196f59,6366761853cbaeadec4ed024be8cc5c9ff9109e7845cbde967af6e2adfaa2525,c3c804fc78951655163d49739746945025d5a2d126130c58d10f141554ef289d,765,True,0.16673259095929624,0.25277720791542263,0.7799929726530339,14.200000000000001,0,142,0,0.251192212695052,0.14341343977553453,0.20329113739945717,0.04955817013978958,"[0.04504084959626198, 0.054075490683317184]",0.5354323983192444,0.4342925250530243,0.10113987326622009,53.313236236572266,0.687250018119812,0.13864660263061523,21.25,-0.00632573664188385,0.28125,18.75,-0.00849650427699089,0.34375,1.75,9.407411790918559,apiaviz/output/mechanisms/20260929T022215.257048Z-63815
15,2,31,gray,ant-15-seed-31-gray.json,bf6b18a789a48cc8b669afedb3dca898e00af5f3b2cc3f7af8b62e1f5a6c04b9,7a4ca035c90d8d85f439066449c8e13010e08593a8d402a390b06c84f0196f59,6366761853cbaeadec4ed024be8cc5c9ff9109e7845cbde967af6e2adfaa2525,6a473760043ddd1c26a7160a8e8540d907e39eaa86a965f1816abd1b5523bcf5,765,True,0.13705592316414744,0.38104046501069044,1.082365055258771,17.900000000000002,0,179,0,0.37907222902342913,0.1690447279289025,0.23552503636855582,0.058229248970746994,"[0.05932091549038887, 0.05713758245110512]",0.6549146175384521,0.5580433011054993,0.09687131643295288,44.85282516479492,0.5143749713897705,0.16948729753494263,11.25,0.002994079142808914,0.375,11.25,0.002994079142808914,0.375,0.0,9.668374750064686,apiaviz/output/mechanisms/20260929T022215.257048Z-63815
15,2,31,raw_colour,ant-15-seed-31-raw_colour.json,bf6b18a789a48cc8b669afedb3dca898e00af5f3b2cc3f7af8b62e1f5a6c04b9,7a4ca035c90d8d85f439066449c8e13010e08593a8d402a390b06c84f0196f59,6366761853cbaeadec4ed024be8cc5c9ff9109e7845cbde967af6e2adfaa2525,04dc87f696f3c993fa67b29dd1513892232a82a6a572e019fe21a6c80b5f29a5,765,True,0.17659217634548943,0.15023414545977695,0.5746163770095859,15.3,0,153,0,0.1468923331896178,0.08831824896082244,0.09010303898971675,0.055718954652547836,"[0.05495588108897209, 0.05648202449083328]",0.6311835646629333,0.5421393513679504,0.08904421329498291,50.6923713684082,0.5764999985694885,0.16351477801799774,16.25,-0.008891552686691284,0.4375,16.25,-0.008891552686691284,0.4375,0.0,9.928956666961312,apiaviz/output/mechanisms/20260929T022215.257048Z-63815
15,2,31,opponent,ant-15-seed-31-opponent.json,bf6b18a789a48cc8b669afedb3dca898e00af5f3b2cc3f7af8b62e1f5a6c04b9,7a4ca035c90d8d85f439066449c8e13010e08593a8d402a390b06c84f0196f59,6366761853cbaeadec4ed024be8cc5c9ff9109e7845cbde967af6e2adfaa2525,ab6f6a18a203d81c4cfac96ae46bf110fb344c36069803a9fb06d9ae5940a576,765,True,0.16668558381969578,0.1271954399507664,0.2791180770168734,7.9,0,79,0,0.12419056694241486,0.07516103931125055,0.11501675124418827,0.05631421506404877,"[0.05932091549038887, 0.053307514637708664]",0.5689312815666199,0.4858773350715637,0.08305394649505615,56.98596954345703,0.640999972820282,0.1550183743238449,13.75,-0.010733745992183685,0.34375,13.75,-0.010733745992183685,0.34375,0.0,5.8735584588721395,apiaviz/output/mechanisms/20260929T022215.257048Z-63815
15,2,31,sobel_colour,ant-15-seed-31-sobel_colour.json,bf6b18a789a48cc8b669afedb3dca898e00af5f3b2cc3f7af8b62e1f5a6c04b9,7a4ca035c90d8d85f439066449c8e13010e08593a8d402a390b06c84f0196f59,6366761853cbaeadec4ed024be8cc5c9ff9109e7845cbde967af6e2adfaa2525,cce0f7be288ddf160d49d8a82df64172d8b0ae0ddf409bd97301b46ea6403d7c,765,True,0.16117279186611472,0.12272046121862586,0.44040554204289256,10.200000000000001,0,102,0,0.11978012508890724,0.12030798296156237,0.10980889066167439,0.05161241814494133,"[0.049917321652173996, 0.053307514637708664]",0.5071109533309937,0.4098527133464813,0.09725823998451233,58.66494369506836,0.699999988079071,0.1352207064628601,16.25,0.00935540720820427,0.34375,16.25,0.00935540720820427,0.34375,0.0,7.322894833050668,apiaviz/output/mechanisms/20260929T022215.257048Z-63815
15,2,31,ardin_input,ant-15-seed-31-ardin_input.json,bf6b18a789a48cc8b669afedb3dca898e00af5f3b2cc3f7af8b62e1f5a6c04b9,7a4ca035c90d8d85f439066449c8e13010e08593a8d402a390b06c84f0196f59,6366761853cbaeadec4ed024be8cc5c9ff9109e7845cbde967af6e2adfaa2525,21d2f890395c9007f6fae9b938245b9377d2350fc393c338fd016f43e423737e,765,False,3.2161484371274005,0.6263959311331149,1.7683719501888864,20.0,0,200,0,0.6253361032352303,0.18216261842888368,0.6111599627298587,0.057107679545879364,"[0.056004248559474945, 0.05821111053228378]",0.6607598066329956,0.5700373649597168,0.09072244167327881,43.76182174682617,0.4883750081062317,0.16972716152668,20.0,-0.005980856716632843,0.34375,20.0,-0.005980856716632843,0.34375,0.0,20.100333249894902,apiaviz/output/mechanisms/20260929T022215.257048Z-63815
15,2,31,no_hex,ant-15-seed-31-no_hex.json,bf6b18a789a48cc8b669afedb3dca898e00af5f3b2cc3f7af8b62e1f5a6c04b9,7a4ca035c90d8d85f439066449c8e13010e08593a8d402a390b06c84f0196f59,6366761853cbaeadec4ed024be8cc5c9ff9109e7845cbde967af6e2adfaa2525,cd06bb8fdb134e91d9c1a66861e50daa9c2de4b307ba67af7aaa94ec190685e5,765,True,0.16237591353898706,0.2935677857015047,0.9631599368088275,14.4,0,144,0,0.2917550088444814,0.11393287141529893,0.19597128096950236,0.04964460805058479,"[0.0455758161842823, 0.05371339991688728]",0.4747491180896759,0.38401392102241516,0.09073519706726074,60.57062530517578,0.7233750224113464,0.12954819202423096,23.75,-0.0006393454968929291,0.3125,18.75,-0.003779064863920212,0.34375,1.75,9.787560584023595,apiaviz/output/mechanisms/20260929T022215.257048Z-63815
15,2,31,no_adapt,ant-15-seed-31-no_adapt.json,bf6b18a789a48cc8b669afedb3dca898e00af5f3b2cc3f7af8b62e1f5a6c04b9,7a4ca035c90d8d85f439066449c8e13010e08593a8d402a390b06c84f0196f59,6366761853cbaeadec4ed024be8cc5c9ff9109e7845cbde967af6e2adfaa2525,54e82078c06a5deac8a940d2cf31619364443d9378354608ab65300f55952f2f,765,True,0.18215624556590457,0.12122773836905479,0.5946906765585158,12.4,0,124,0,0.11677304359286368,0.06923226667417941,0.08423006771207464,0.05364019423723221,"[0.053428106009960175, 0.05385228618979454]",0.6993812322616577,0.6141524910926819,0.08522874116897583,42.161067962646484,0.5131250023841858,0.17342546582221985,33.75,-0.017718616873025894,0.3125,30.0,-0.02648220956325531,0.34375,16.5,8.2851710410323,apiaviz/output/mechanisms/20260929T022215.257048Z-63815
15,2,31,no_dog,ant-15-seed-31-no_dog.json,bf6b18a789a48cc8b669afedb3dca898e00af5f3b2cc3f7af8b62e1f5a6c04b9,7a4ca035c90d8d85f439066449c8e13010e08593a8d402a390b06c84f0196f59,6366761853cbaeadec4ed024be8cc5c9ff9109e7845cbde967af6e2adfaa2525,8ea0b8055386bcd90c0d493270e085c2a2cff79d5f9aaeedecbcd923b6a81c10,765,False,6.010461415722027,1.4392177253559333,3.748876609522342,20.0,0,200,0,1.4382186897843923,0.1887670964234716,1.3148735102989533,0.05128398537635803,"[0.04849248379468918, 0.054075490683317184]",0.5055140852928162,0.4058038294315338,0.09971025586128235,56.04896926879883,0.7416250109672546,0.13593138754367828,12.5,-0.003910642117261887,0.3125,12.5,-0.007333237677812576,0.34375,1.75,12.649496832862496,apiaviz/output/mechanisms/20260929T022215.257048Z-63815
15,2,31,apia_simple_colour,ant-15-seed-31-apia_simple_colour.json,bf6b18a789a48cc8b669afedb3dca898e00af5f3b2cc3f7af8b62e1f5a6c04b9,7a4ca035c90d8d85f439066449c8e13010e08593a8d402a390b06c84f0196f59,6366761853cbaeadec4ed024be8cc5c9ff9109e7845cbde967af6e2adfaa2525,c9a4b7c9d15f0b96073f734a67fb3459556b501ea77f63f3f8e08ae964bfc5f2,765,False,6.4589170178569555,1.6003058951876334,3.5246057069136834,20.0,0,200,0,1.599716873236056,0.18950238595777466,1.7644472450504949,0.04917418211698532,"[0.04504084959626198, 0.053307514637708664]",0.47478947043418884,0.3824387490749359,0.09235072135925293,60.38530731201172,0.7078750133514404,0.1279868632555008,16.25,-0.001834474503993988,0.34375,16.25,-0.0019701123237609863,0.34375,0.0,12.933756415965036,apiaviz/output/mechanisms/20260929T022215.257048Z-63815
15,2,31,sobel_apia_colour,ant-15-seed-31-sobel_apia_colour.json,bf6b18a789a48cc8b669afedb3dca898e00af5f3b2cc3f7af8b62e1f5a6c04b9,7a4ca035c90d8d85f439066449c8e13010e08593a8d402a390b06c84f0196f59,6366761853cbaeadec4ed024be8cc5c9ff9109e7845cbde967af6e2adfaa2525,4a774414681e366e35211c20d37559effb71c07b7969267a4374e155a7ee0c4a,765,False,6.690458352609288,1.1272924914453508,3.714175231916465,20.0,0,200,0,1.12631369620045,0.11343057570540871,0.760846684259294,0.05199640616774559,"[0.049917321652173996, 0.054075490683317184]",0.5655831694602966,0.4598631262779236,0.10572004318237305,51.64317321777344,0.6793749928474426,0.14534445106983185,8.75,0.0052055977284908295,0.34375,16.25,0.004906516522169113,0.28125,3.75,13.601405708119273,apiaviz/output/mechanisms/20260929T022215.257048Z-63815
15,2,43,apiaviz,ant-15-seed-43-apiaviz.json,bf6b18a789a48cc8b669afedb3dca898e00af5f3b2cc3f7af8b62e1f5a6c04b9,7a4ca035c90d8d85f439066449c8e13010e08593a8d402a390b06c84f0196f59,6366761853cbaeadec4ed024be8cc5c9ff9109e7845cbde967af6e2adfaa2525,695f72280ca78b21d0f688392f66b621e430f15254446a0afd9544377be94448,765,True,0.17993213687738632,0.13852762986354844,0.7187094042090635,11.5,0,115,0,0.1342322574600554,0.1911514768726106,0.08340552759107202,0.04855457693338394,"[0.04465130716562271, 0.052457842975854874]",0.5405163764953613,0.43904852867126465,0.10146784782409668,53.409690856933594,0.6915000081062317,0.13717955350875854,18.75,0.002187434583902359,0.28125,15.0,0.0049855150282382965,0.28125,1.5,8.27537320787087,apiaviz/output/mechanisms/20260929T022215.257048Z-63815
15,2,43,gray,ant-15-seed-43-gray.json,bf6b18a789a48cc8b669afedb3dca898e00af5f3b2cc3f7af8b62e1f5a6c04b9,7a4ca035c90d8d85f439066449c8e13010e08593a8d402a390b06c84f0196f59,6366761853cbaeadec4ed024be8cc5c9ff9109e7845cbde967af6e2adfaa2525,ecfd0b0019a60cb356f6dd97a590b569c40faab72da60d5efb810cb83c12b9ad,765,True,0.17668547871264315,0.4210011624127867,1.4008562904831199,15.200000000000001,0,152,0,0.4193219163935127,0.17742586340750233,0.22272192343078973,0.0579816997051239,"[0.05752287432551384, 0.058440521359443665]",0.6579100489616394,0.5581920146942139,0.09971803426742554,42.95756149291992,0.5171250104904175,0.1694122850894928,15.0,1.0132789611816406e-06,0.28125,15.0,1.0132789611816406e-06,0.28125,0.0,9.329010833054781,apiaviz/output/mechanisms/20260929T022215.257048Z-63815
15,2,43,raw_colour,ant-15-seed-43-raw_colour.json,bf6b18a789a48cc8b669afedb3dca898e00af5f3b2cc3f7af8b62e1f5a6c04b9,7a4ca035c90d8d85f439066449c8e13010e08593a8d402a390b06c84f0196f59,6366761853cbaeadec4ed024be8cc5c9ff9109e7845cbde967af6e2adfaa2525,390463fc95d539d741b49e69340f1eb168873c1bf6080a13ceb8dba3b6ed0355,765,False,4.15145733348353,1.1889592568816023,2.1332643736153445,20.0,0,200,0,1.1886099315758776,0.47075376374643146,1.3419230691625526,0.055570751428604126,"[0.05536928027868271, 0.05577222257852554]",0.6251988410949707,0.5374692678451538,0.0877295732498169,50.526710510253906,0.5849999785423279,0.16262346506118774,23.75,-0.006161805242300034,0.4375,23.75,-0.006064113229513168,0.4375,0.0,12.24487837497145,apiaviz/output/mechanisms/20260929T022215.257048Z-63815
15,2,43,opponent,ant-15-seed-43-opponent.json,bf6b18a789a48cc8b669afedb3dca898e00af5f3b2cc3f7af8b62e1f5a6c04b9,7a4ca035c90d8d85f439066449c8e13010e08593a8d402a390b06c84f0196f59,6366761853cbaeadec4ed024be8cc5c9ff9109e7845cbde967af6e2adfaa2525,9c2056f9c8d3eec1616de19cecd4564590809a1a7d98505bbdf383980721652b,765,True,0.1748295689060381,0.07228606157662885,0.21826760463628406,7.9,0,79,0,0.06993262946912007,0.04524445362640869,0.0750548542124161,0.05546683073043823,"[0.05752287432551384, 0.05341078341007233]",0.5731396675109863,0.4887341558933258,0.08440551161766052,55.64182662963867,0.640375018119812,0.1549559235572815,7.5,-0.007271558046340942,0.28125,7.5,-0.007271558046340942,0.28125,0.0,6.043691124999896,apiaviz/output/mechanisms/20260929T022215.257048Z-63815
15,2,43,sobel_colour,ant-15-seed-43-sobel_colour.json,bf6b18a789a48cc8b669afedb3dca898e00af5f3b2cc3f7af8b62e1f5a6c04b9,7a4ca035c90d8d85f439066449c8e13010e08593a8d402a390b06c84f0196f59,6366761853cbaeadec4ed024be8cc5c9ff9109e7845cbde967af6e2adfaa2525,b4969888d2bc2e78f322f1bf1c88883bd5e1724bcf4b2c6cc38e6d02ca10fff5,765,False,3.645302240528839,0.5766330081229382,1.143944452759552,20.0,0,200,0,0.5756349056881896,0.11188081937086165,0.6370201153527734,0.05224068462848663,"[0.05107058957219124, 0.05341078341007233]",0.4995907247066498,0.40134552121162415,0.09824520349502563,57.8707275390625,0.7007499933242798,0.13528841733932495,12.5,0.022473912686109543,0.3125,12.5,0.022473912686109543,0.3125,0.0,12.804859708063304,apiaviz/output/mechanisms/20260929T022215.257048Z-63815
15,2,43,ardin_input,ant-15-seed-43-ardin_input.json,bf6b18a789a48cc8b669afedb3dca898e00af5f3b2cc3f7af8b62e1f5a6c04b9,7a4ca035c90d8d85f439066449c8e13010e08593a8d402a390b06c84f0196f59,6366761853cbaeadec4ed024be8cc5c9ff9109e7845cbde967af6e2adfaa2525,73fe2ad7b9ebdf27836c2c50511a152a80dc442b5bf9daeb28cc911b4da958cb,765,False,0.46667052046197477,0.32170633373004776,0.9950374248292015,20.0,0,200,0,0.3198052750265051,0.15151418007248574,0.2171328644686336,0.05643463879823685,"[0.05616241693496704, 0.05670686438679695]",0.6559315919876099,0.5613777041435242,0.0945538878440857,43.23736572265625,0.4936249852180481,0.16783185303211212,18.75,-0.007362723350524902,0.375,18.75,-0.007362723350524902,0.375,0.0,19.760377667145804,apiaviz/output/mechanisms/20260929T022215.257048Z-63815
15,2,43,no_hex,ant-15-seed-43-no_hex.json,bf6b18a789a48cc8b669afedb3dca898e00af5f3b2cc3f7af8b62e1f5a6c04b9,7a4ca035c90d8d85f439066449c8e13010e08593a8d402a390b06c84f0196f59,6366761853cbaeadec4ed024be8cc5c9ff9109e7845cbde967af6e2adfaa2525,01dc029048bf1683f6839a19c2af2fba21a7ac675cb54418d400f8942fddcef6,765,False,9.492390402371226,1.4106091363868927,3.5816113932004567,20.0,0,200,0,1.4100327253545324,0.15162589560038325,1.5939346523829516,0.04940620809793472,"[0.045625489205121994, 0.05318692699074745]",0.4816592037677765,0.3911071717739105,0.09055203199386597,60.725860595703125,0.7264999747276306,0.12948548793792725,16.25,0.004210900515317917,0.28125,16.25,-0.001117689535021782,0.28125,1.75,12.934639957966283,apiaviz/output/mechanisms/20260929T022215.257048Z-63815
15,2,43,no_adapt,ant-15-seed-43-no_adapt.json,bf6b18a789a48cc8b669afedb3dca898e00af5f3b2cc3f7af8b62e1f5a6c04b9,7a4ca035c90d8d85f439066449c8e13010e08593a8d402a390b06c84f0196f59,6366761853cbaeadec4ed024be8cc5c9ff9109e7845cbde967af6e2adfaa2525,8bede8df28c724319b05bc1557d071a8ee3c7356e247bc7efd590baf594770c1,765,False,2.533733659526845,0.6091971253393312,2.103421444019419,20.0,0,200,0,0.6074990203226135,0.12032520826131395,0.3766121597135266,0.04986192658543587,"[0.04764542356133461, 0.052078429609537125]",0.6906070113182068,0.6070516109466553,0.08355540037155151,42.4679069519043,0.5081250071525574,0.16548852622509003,16.25,-0.0030226297676563263,0.21875,36.25,-0.026419932022690773,0.28125,16.5,12.63899491704069,apiaviz/output/mechanisms/20260929T022215.257048Z-63815
15,2,43,no_dog,ant-15-seed-43-no_dog.json,bf6b18a789a48cc8b669afedb3dca898e00af5f3b2cc3f7af8b62e1f5a6c04b9,7a4ca035c90d8d85f439066449c8e13010e08593a8d402a390b06c84f0196f59,6366761853cbaeadec4ed024be8cc5c9ff9109e7845cbde967af6e2adfaa2525,03e14429fac3a03115ea2951a5b4eac686d1287c03d8d438df7436a855f85e00,765,False,10.72446007915308,1.7557103080967584,5.837597664821589,20.0,0,200,0,1.7545880411193802,0.13669565324860178,1.5220178103405921,0.05105571821331978,"[0.04965359345078468, 0.052457842975854874]",0.5078762173652649,0.4077610373497009,0.10011518001556396,56.53734588623047,0.7481250166893005,0.13502342998981476,18.75,-0.0008285157382488251,0.28125,21.25,-0.00025054439902305603,0.25,0.75,13.098859291989356,apiaviz/output/mechanisms/20260929T022215.257048Z-63815
15,2,43,apia_simple_colour,ant-15-seed-43-apia_simple_colour.json,bf6b18a789a48cc8b669afedb3dca898e00af5f3b2cc3f7af8b62e1f5a6c04b9,7a4ca035c90d8d85f439066449c8e13010e08593a8d402a390b06c84f0196f59,6366761853cbaeadec4ed024be8cc5c9ff9109e7845cbde967af6e2adfaa2525,8be22f08dc415b06f38d2da326da7a07811365a4cb8a64ebf35d400f53b9cfb2,765,False,6.171770521761629,0.407033986155905,1.784529149787679,20.0,0,200,0,0.404117768826287,0.17173979262256034,0.20067489360403556,0.04903104528784752,"[0.04465130716562271, 0.05341078341007233]",0.48000526428222656,0.3879143297672272,0.09209093451499939,59.811561584472656,0.7118750214576721,0.1281423568725586,12.5,0.015175390988588333,0.25,12.5,0.014845112338662148,0.25,2.75,13.790293290978298,apiaviz/output/mechanisms/20260929T022215.257048Z-63815
15,2,43,sobel_apia_colour,ant-15-seed-43-sobel_apia_colour.json,bf6b18a789a48cc8b669afedb3dca898e00af5f3b2cc3f7af8b62e1f5a6c04b9,7a4ca035c90d8d85f439066449c8e13010e08593a8d402a390b06c84f0196f59,6366761853cbaeadec4ed024be8cc5c9ff9109e7845cbde967af6e2adfaa2525,73767ab393fd8f90ab8aa1f60df31d6ec95b0ca4b91c24ac07b141ac2ffe92d4,765,False,3.8190612403820605,0.5466821321840306,1.4277255994648415,20.0,0,200,0,0.545756050941266,0.24555367884995336,0.5596206943489699,0.051764216274023056,"[0.05107058957219124, 0.052457842975854874]",0.5562464594841003,0.44854044914245605,0.10770601034164429,51.404823303222656,0.6803749799728394,0.14388808608055115,12.5,0.012371379882097244,0.34375,12.5,0.011683449149131775,0.34375,1.75,13.646108250133693,apiaviz/output/mechanisms/20260929T022215.257048Z-63815
15,2,59,apiaviz,ant-15-seed-59-apiaviz.json,bf6b18a789a48cc8b669afedb3dca898e00af5f3b2cc3f7af8b62e1f5a6c04b9,7a4ca035c90d8d85f439066449c8e13010e08593a8d402a390b06c84f0196f59,6366761853cbaeadec4ed024be8cc5c9ff9109e7845cbde967af6e2adfaa2525,546700cb414530c9ae72ebfb15a2aa00f741af4d8bae12cf786ae761096ffe97,765,False,2.982490201307383,0.4181068261326357,1.0032298850981873,20.0,0,200,0,0.41608576575988343,0.1809859463581591,0.3874549663351138,0.04968496784567833,"[0.04637254774570465, 0.05299738422036171]",0.5219596028327942,0.4180472195148468,0.10391238331794739,54.26832962036133,0.6980000138282776,0.13630959391593933,13.75,0.004841405898332596,0.34375,15.0,-0.0002925693988800049,0.3125,2.0,12.982584542129189,apiaviz/output/mechanisms/20260929T022215.257048Z-63815
15,2,59,gray,ant-15-seed-59-gray.json,bf6b18a789a48cc8b669afedb3dca898e00af5f3b2cc3f7af8b62e1f5a6c04b9,7a4ca035c90d8d85f439066449c8e13010e08593a8d402a390b06c84f0196f59,6366761853cbaeadec4ed024be8cc5c9ff9109e7845cbde967af6e2adfaa2525,80f31265f2f42f9da1c20b663827b93ac0dbff5861f41eb4dfdc0376c92371a2,765,False,5.1703198461800435,1.4672300628973745,2.842291049211221,20.0,0,200,0,1.466659873020603,0.14169141021416376,1.7267660974183359,0.0563821904361248,"[0.057079412043094635, 0.05568496882915497]",0.6484387516975403,0.5504071712493896,0.09803158044815063,44.7161979675293,0.5263749957084656,0.1660112887620926,13.75,-0.0017115920782089233,0.34375,13.75,-0.0017115920782089233,0.34375,0.0,11.379507167031989,apiaviz/output/mechanisms/20260929T022215.257048Z-63815
15,2,59,raw_colour,ant-15-seed-59-raw_colour.json,bf6b18a789a48cc8b669afedb3dca898e00af5f3b2cc3f7af8b62e1f5a6c04b9,7a4ca035c90d8d85f439066449c8e13010e08593a8d402a390b06c84f0196f59,6366761853cbaeadec4ed024be8cc5c9ff9109e7845cbde967af6e2adfaa2525,438113d4089b65cacfda055cabeb37d180f3d569d34e878997939f0ab475f5a2,765,False,1.307483681240069,0.3253111135724474,1.0423276238624717,20.0,0,200,0,0.3236519270042505,0.06999127557386359,0.26853054949771593,0.05585768073797226,"[0.055557843297719955, 0.056157518178224564]",0.6318163275718689,0.5422759652137756,0.08954036235809326,50.02231979370117,0.5845000147819519,0.16476573050022125,12.5,-0.00011654198169708252,0.34375,12.5,-0.00011654198169708252,0.34375,0.0,11.999299375107512,apiaviz/output/mechanisms/20260929T022215.257048Z-63815
15,2,59,opponent,ant-15-seed-59-opponent.json,bf6b18a789a48cc8b669afedb3dca898e00af5f3b2cc3f7af8b62e1f5a6c04b9,7a4ca035c90d8d85f439066449c8e13010e08593a8d402a390b06c84f0196f59,6366761853cbaeadec4ed024be8cc5c9ff9109e7845cbde967af6e2adfaa2525,2319324e3c934c4bc0bb2f58f46245a0abaa403333b9822a8e0a0c810f400ea1,765,True,0.15304114504033844,0.41372819890882295,1.4155803152872823,14.4,0,144,0,0.4112999067897213,0.28995042484128164,0.21629399119530035,0.05518006533384323,"[0.057079412043094635, 0.05328071862459183]",0.5682827830314636,0.485635370016098,0.0826474130153656,56.99471664428711,0.6543750166893005,0.15357352793216705,10.0,-0.003166899085044861,0.28125,10.0,-0.003166899085044861,0.28125,0.0,8.928866958944127,apiaviz/output/mechanisms/20260929T022215.257048Z-63815
15,2,59,sobel_colour,ant-15-seed-59-sobel_colour.json,bf6b18a789a48cc8b669afedb3dca898e00af5f3b2cc3f7af8b62e1f5a6c04b9,7a4ca035c90d8d85f439066449c8e13010e08593a8d402a390b06c84f0196f59,6366761853cbaeadec4ed024be8cc5c9ff9109e7845cbde967af6e2adfaa2525,65e58fbfb2284d8b2e30f6de9b11c728b7ac327f901df80e7f6f2ebc4033c4c2,765,True,0.1097771436835317,0.07375123018623753,0.22903501512668864,8.1,0,81,0,0.07057078957850468,0.055377499550558866,0.06735490726603172,0.05045343190431595,"[0.04762614518404007, 0.05328071862459183]",0.49942460656166077,0.3996944725513458,0.09973013401031494,59.304527282714844,0.6976249814033508,0.13230544328689575,6.25,0.024109825491905212,0.34375,6.25,0.024109825491905212,0.34375,0.0,6.347632291959599,apiaviz/output/mechanisms/20260929T022215.257048Z-63815
15,2,59,ardin_input,ant-15-seed-59-ardin_input.json,bf6b18a789a48cc8b669afedb3dca898e00af5f3b2cc3f7af8b62e1f5a6c04b9,7a4ca035c90d8d85f439066449c8e13010e08593a8d402a390b06c84f0196f59,6366761853cbaeadec4ed024be8cc5c9ff9109e7845cbde967af6e2adfaa2525,26ca40de3ee3532403974b5f58a7d5ad7e0fc9ff3b2e55b6eabf3b57775a06db,765,False,11.96418734361967,2.9582456915414492,8.07915330194368,20.0,0,200,0,2.957733794486299,0.1623244086510757,2.230959629179721,0.05548807233572006,"[0.0543316975235939, 0.05664444342255592]",0.6714314818382263,0.585647702217102,0.08578377962112427,43.8417854309082,0.49687498807907104,0.16952964663505554,26.25,-0.019325274974107742,0.375,26.25,-0.019436176866292953,0.375,0.0,19.015112666180357,apiaviz/output/mechanisms/20260929T022215.257048Z-63815
15,2,59,no_hex,ant-15-seed-59-no_hex.json,bf6b18a789a48cc8b669afedb3dca898e00af5f3b2cc3f7af8b62e1f5a6c04b9,7a4ca035c90d8d85f439066449c8e13010e08593a8d402a390b06c84f0196f59,6366761853cbaeadec4ed024be8cc5c9ff9109e7845cbde967af6e2adfaa2525,25b51c881ea4de453a51528bb09020f07e68985c1491f525a7f3124498c373a4,765,False,9.74240029103144,3.0451768419925482,9.74240029103144,20.0,0,200,0,3.0439185347708584,0.10103181745242329,1.8126758353035886,0.050253596156835556,"[0.047154903411865234, 0.05335228890180588]",0.4686680734157562,0.37459972500801086,0.09406834840774536,60.2297248840332,0.7357500195503235,0.12805752456188202,13.75,0.006333518773317337,0.28125,20.0,0.0038641542196273804,0.34375,4.25,12.09225383400917,apiaviz/output/mechanisms/20260929T022215.257048Z-63815
15,2,59,no_adapt,ant-15-seed-59-no_adapt.json,bf6b18a789a48cc8b669afedb3dca898e00af5f3b2cc3f7af8b62e1f5a6c04b9,7a4ca035c90d8d85f439066449c8e13010e08593a8d402a390b06c84f0196f59,6366761853cbaeadec4ed024be8cc5c9ff9109e7845cbde967af6e2adfaa2525,aa6a18af4e392b26b32e64c84874cd155cac2d12dda67fd003649f3a8e3738a8,765,True,0.13996159873624556,0.15506093822028508,0.4879243609666834,15.0,0,150,0,0.15248707018718752,0.10773159537733715,0.13136491121276192,0.053872548043727875,"[0.05495196208357811, 0.05279313772916794]",0.6905498504638672,0.5946163535118103,0.09593349695205688,43.91379165649414,0.5197499990463257,0.17056798934936523,15.0,0.0005671530961990356,0.40625,27.5,-0.024865714833140373,0.46875,19.0,9.256570250028744,apiaviz/output/mechanisms/20260929T022215.257048Z-63815
15,2,59,no_dog,ant-15-seed-59-no_dog.json,bf6b18a789a48cc8b669afedb3dca898e00af5f3b2cc3f7af8b62e1f5a6c04b9,7a4ca035c90d8d85f439066449c8e13010e08593a8d402a390b06c84f0196f59,6366761853cbaeadec4ed024be8cc5c9ff9109e7845cbde967af6e2adfaa2525,493c3030bc38d2fb8b971452917fa417f13fae9694a6bb88a74c63ce559bfcaf,765,True,0.10460526660182967,0.11474499350021669,0.2343148167595055,7.800000000000001,0,78,0,0.11278381739445195,0.09620680698666143,0.1425235902653363,0.05165768042206764,"[0.050317972898483276, 0.05299738422036171]",0.4979275166988373,0.3978893458843231,0.10003817081451416,56.82292556762695,0.7488750219345093,0.13485635817050934,26.25,-0.0010883547365665436,0.3125,20.0,-0.002627626061439514,0.3125,1.5,5.816816166974604,apiaviz/output/mechanisms/20260929T022215.257048Z-63815
15,2,59,apia_simple_colour,ant-15-seed-59-apia_simple_colour.json,bf6b18a789a48cc8b669afedb3dca898e00af5f3b2cc3f7af8b62e1f5a6c04b9,7a4ca035c90d8d85f439066449c8e13010e08593a8d402a390b06c84f0196f59,6366761853cbaeadec4ed024be8cc5c9ff9109e7845cbde967af6e2adfaa2525,26aeb3c5df36ef0ccb3f1c2f21b32fd27407c7cb73328da951cc0122848d5e25,765,False,9.510054579528585,3.053844709783608,9.490445554992995,20.0,0,200,0,3.052858568617629,0.08179547658467184,1.809360207807587,0.04982663318514824,"[0.04637254774570465, 0.05328071862459183]",0.4628085494041443,0.36898037791252136,0.09382817149162292,60.227840423583984,0.7173749804496765,0.1263193041086197,8.75,0.00783427432179451,0.3125,8.75,0.006015308201313019,0.3125,0.25,11.992668791906908,apiaviz/output/mechanisms/20260929T022215.257048Z-63815
15,2,59,sobel_apia_colour,ant-15-seed-59-sobel_apia_colour.json,bf6b18a789a48cc8b669afedb3dca898e00af5f3b2cc3f7af8b62e1f5a6c04b9,7a4ca035c90d8d85f439066449c8e13010e08593a8d402a390b06c84f0196f59,6366761853cbaeadec4ed024be8cc5c9ff9109e7845cbde967af6e2adfaa2525,402f1f4df236c991ceceff849da1a34431ebf9b39e91b000b668c6c62ea45d36,765,False,6.173239864947311,1.617722243482086,6.062793391954969,20.0,0,200,0,1.616809146814702,0.0823128596284848,0.9037417581477979,0.05031176656484604,"[0.04762614518404007, 0.05299738422036171]",0.5578666925430298,0.4477871358394623,0.1100795567035675,52.907562255859375,0.6782500147819519,0.14187544584274292,7.5,0.014599401503801346,0.4375,7.5,0.012930713593959808,0.40625,0.5,12.946656832937151,apiaviz/output/mechanisms/20260929T022215.257048Z-63815
15,2,71,apiaviz,ant-15-seed-71-apiaviz.json,bf6b18a789a48cc8b669afedb3dca898e00af5f3b2cc3f7af8b62e1f5a6c04b9,7a4ca035c90d8d85f439066449c8e13010e08593a8d402a390b06c84f0196f59,6366761853cbaeadec4ed024be8cc5c9ff9109e7845cbde967af6e2adfaa2525,bc4a045beeae1c60367f6faa9e77ec78d183cc552b85b506b54a565233f58d7e,765,False,6.072378220545206,0.891154516454799,2.4262210494879723,20.0,0,200,0,0.8904042448336383,0.16649516057347039,0.6769296568030351,0.04836813732981682,"[0.046926796436309814, 0.04980947822332382]",0.5161808133125305,0.4175850749015808,0.09859573841094971,56.219120025634766,0.6972500085830688,0.1334656924009323,17.5,0.009913783520460129,0.25,17.5,0.009460587054491043,0.34375,4.75,12.786842375062406,apiaviz/output/mechanisms/20260929T022215.257048Z-63815
15,2,71,gray,ant-15-seed-71-gray.json,bf6b18a789a48cc8b669afedb3dca898e00af5f3b2cc3f7af8b62e1f5a6c04b9,7a4ca035c90d8d85f439066449c8e13010e08593a8d402a390b06c84f0196f59,6366761853cbaeadec4ed024be8cc5c9ff9109e7845cbde967af6e2adfaa2525,f342f26112e5fec03630794d528f41a66501ad9cbca5ab10e8593de014eda444,765,False,2.8385040975157407,0.42755595098994276,2.8385040975157407,20.0,0,200,0,0.4257525801352998,0.11926501547125982,0.21116291316690305,0.05601160228252411,"[0.05693137273192406, 0.05509183183312416]",0.6346458792686462,0.5302240252494812,0.10442185401916504,44.45871353149414,0.5208749771118164,0.16271771490573883,17.5,-0.0006288066506385803,0.3125,17.5,-0.0006288066506385803,0.3125,0.0,11.56071091699414,apiaviz/output/mechanisms/20260929T022215.257048Z-63815
15,2,71,raw_colour,ant-15-seed-71-raw_colour.json,bf6b18a789a48cc8b669afedb3dca898e00af5f3b2cc3f7af8b62e1f5a6c04b9,7a4ca035c90d8d85f439066449c8e13010e08593a8d402a390b06c84f0196f59,6366761853cbaeadec4ed024be8cc5c9ff9109e7845cbde967af6e2adfaa2525,4733a8cad42bbb9da9dc2070c9768367b539ea1d2105ca4d702ee3fe5c644434,765,False,5.7956823638896955,1.0056431233540735,2.012372706752398,20.0,0,200,0,1.0052336942117912,0.402245517274938,1.0520408718666021,0.056217484176158905,"[0.055640850216150284, 0.056794118136167526]",0.6242095232009888,0.5359649062156677,0.08824461698532104,50.32939910888672,0.581250011920929,0.16353246569633484,22.5,0.003641802817583084,0.34375,22.5,0.003641802817583084,0.34375,0.0,11.298339291010052,apiaviz/output/mechanisms/20260929T022215.257048Z-63815
15,2,71,opponent,ant-15-seed-71-opponent.json,bf6b18a789a48cc8b669afedb3dca898e00af5f3b2cc3f7af8b62e1f5a6c04b9,7a4ca035c90d8d85f439066449c8e13010e08593a8d402a390b06c84f0196f59,6366761853cbaeadec4ed024be8cc5c9ff9109e7845cbde967af6e2adfaa2525,b70a6d340f2e40d6e72d1afffeaa719ceece764c30c06d0a14abd90056378145,765,True,0.18928143614269574,0.3481928761930332,1.4305154631298682,17.400000000000002,0,174,0,0.3459825458140497,0.48417907046770137,0.16960144971793883,0.053626470267772675,"[0.05693137273192406, 0.05032156780362129]",0.5622180700302124,0.47932353615760803,0.08289453387260437,57.444313049316406,0.6439999938011169,0.15014202892780304,25.0,-0.0075269825756549835,0.40625,25.0,-0.0075269825756549835,0.40625,0.0,10.239211916923523,apiaviz/output/mechanisms/20260929T022215.257048Z-63815
15,2,71,sobel_colour,ant-15-seed-71-sobel_colour.json,bf6b18a789a48cc8b669afedb3dca898e00af5f3b2cc3f7af8b62e1f5a6c04b9,7a4ca035c90d8d85f439066449c8e13010e08593a8d402a390b06c84f0196f59,6366761853cbaeadec4ed024be8cc5c9ff9109e7845cbde967af6e2adfaa2525,0bb42cc70c8a607967c9d8130b7840f58a26ea8f09f9823f401af8934f2ab511,765,True,0.15994142056191418,0.11933652358545235,0.47124301259739304,9.5,0,95,0,0.11671501768222571,0.08932346763778343,0.09118571141003277,0.050277289003133774,"[0.05023300647735596, 0.05032156780362129]",0.5078803300857544,0.41046810150146484,0.09741222858428955,58.94963455200195,0.6980000138282776,0.13339267671108246,12.5,0.017794225364923477,0.25,12.5,0.017794225364923477,0.25,0.0,6.802978417137638,apiaviz/output/mechanisms/20260929T022215.257048Z-63815
15,2,71,ardin_input,ant-15-seed-71-ardin_input.json,bf6b18a789a48cc8b669afedb3dca898e00af5f3b2cc3f7af8b62e1f5a6c04b9,7a4ca035c90d8d85f439066449c8e13010e08593a8d402a390b06c84f0196f59,6366761853cbaeadec4ed024be8cc5c9ff9109e7845cbde967af6e2adfaa2525,b010018f11e62aaada874377571f940851ef6cdaef41b2954c71842c0eaabc13,765,False,11.482875083123957,1.9152683168648337,4.728251907854326,20.0,0,200,0,1.9143150672324325,0.17522961976565518,1.9056790593813535,0.05517173185944557,"[0.05615196004509926, 0.054191503673791885]",0.6546717882156372,0.5652170777320862,0.08945471048355103,43.81206130981445,0.49549999833106995,0.16602475941181183,30.0,-0.018063336610794067,0.40625,30.0,-0.018063336610794067,0.40625,0.0,18.468840167159215,apiaviz/output/mechanisms/20260929T022215.257048Z-63815
15,2,71,no_hex,ant-15-seed-71-no_hex.json,bf6b18a789a48cc8b669afedb3dca898e00af5f3b2cc3f7af8b62e1f5a6c04b9,7a4ca035c90d8d85f439066449c8e13010e08593a8d402a390b06c84f0196f59,6366761853cbaeadec4ed024be8cc5c9ff9109e7845cbde967af6e2adfaa2525,78e40d1adcea9f61a96002c9b656cef91a5baff7d4c87084d9df5d0ecb318268,765,False,5.903896728110112,1.023556537088617,1.8683809910604057,20.0,0,200,0,1.0231635069465506,0.4216217087704568,1.0919874302159052,0.04944803938269615,"[0.04878431558609009, 0.050111763179302216]",0.4613859951496124,0.36944568157196045,0.09194031357765198,61.670372009277344,0.734000027179718,0.1265023797750473,16.25,0.015536841005086899,0.28125,12.5,0.01295650377869606,0.25,4.75,12.149908249964938,apiaviz/output/mechanisms/20260929T022215.257048Z-63815
15,2,71,no_adapt,ant-15-seed-71-no_adapt.json,bf6b18a789a48cc8b669afedb3dca898e00af5f3b2cc3f7af8b62e1f5a6c04b9,7a4ca035c90d8d85f439066449c8e13010e08593a8d402a390b06c84f0196f59,6366761853cbaeadec4ed024be8cc5c9ff9109e7845cbde967af6e2adfaa2525,39a19e16d2b0a37254b90ffb84d2f914df21d3f1f4907c6cc3962c942f7ab39d,765,True,0.17799626481513128,0.08872304107557157,0.21134603867179375,8.0,0,80,0,0.08467746162549955,0.10028277677178511,0.06561080357913723,0.050433170050382614,"[0.05158104747533798, 0.049285292625427246]",0.696510910987854,0.6126812100410461,0.08382970094680786,43.891151428222656,0.5145000219345093,0.16767072677612305,20.0,-0.0038900449872016907,0.4375,37.5,-0.025984987616539,0.59375,30.0,6.025594500126317,apiaviz/output/mechanisms/20260929T022215.257048Z-63815
15,2,71,no_dog,ant-15-seed-71-no_dog.json,bf6b18a789a48cc8b669afedb3dca898e00af5f3b2cc3f7af8b62e1f5a6c04b9,7a4ca035c90d8d85f439066449c8e13010e08593a8d402a390b06c84f0196f59,6366761853cbaeadec4ed024be8cc5c9ff9109e7845cbde967af6e2adfaa2525,69c8bf06d57f2ff53ca2f2435229363f48c2256e66e2e679da09d9e70b6598e7,765,False,2.9881575908660953,0.5761282571087178,1.7743805600379805,20.0,0,200,0,0.575051326715539,0.29046491374771055,0.4821727274047289,0.0500459149479866,"[0.050282351672649384, 0.04980947822332382]",0.49033695459365845,0.3946146070957184,0.09572234749794006,58.94651794433594,0.7425000071525574,0.13141165673732758,18.75,-0.00037857890129089355,0.3125,18.75,-0.002171579748392105,0.34375,0.5,11.946824125014246,apiaviz/output/mechanisms/20260929T022215.257048Z-63815
15,2,71,apia_simple_colour,ant-15-seed-71-apia_simple_colour.json,bf6b18a789a48cc8b669afedb3dca898e00af5f3b2cc3f7af8b62e1f5a6c04b9,7a4ca035c90d8d85f439066449c8e13010e08593a8d402a390b06c84f0196f59,6366761853cbaeadec4ed024be8cc5c9ff9109e7845cbde967af6e2adfaa2525,11eea2a57a7932552e1b66a81dd0941fb92f71309b1e018dc8dae11ac074d004,765,False,2.801724370638345,0.7383115899747082,1.9709847010060235,20.0,0,200,0,0.7375721922024044,0.5504907981982483,0.7542304954755861,0.0486241839826107,"[0.046926796436309814, 0.05032156780362129]",0.4641765058040619,0.3733486831188202,0.0908278226852417,61.28316116333008,0.7195000052452087,0.12510710954666138,11.25,0.00796850398182869,0.28125,18.75,0.008520901203155518,0.3125,2.0,12.187577167060226,apiaviz/output/mechanisms/20260929T022215.257048Z-63815
15,2,71,sobel_apia_colour,ant-15-seed-71-sobel_apia_colour.json,bf6b18a789a48cc8b669afedb3dca898e00af5f3b2cc3f7af8b62e1f5a6c04b9,7a4ca035c90d8d85f439066449c8e13010e08593a8d402a390b06c84f0196f59,6366761853cbaeadec4ed024be8cc5c9ff9109e7845cbde967af6e2adfaa2525,246fa078e169f630b2421683dab9562e5d5cebab1912f1ab26a1cb6a0b5b84d0,765,False,4.729826366893887,0.350385232916861,0.9545807241567961,20.0,0,200,0,0.34764470012960885,0.12824551008493382,0.2253356450107747,0.05002124235033989,"[0.05023300647735596, 0.04980947822332382]",0.5574507713317871,0.45314648747444153,0.10430428385734558,53.52530288696289,0.6757500171661377,0.14126484096050262,8.75,0.020061828196048737,0.375,12.5,0.0228731669485569,0.40625,3.0,13.018259083852172,apiaviz/output/mechanisms/20260929T022215.257048Z-63815
